meta_source_row_id,meta_sale_date,meta_address_group_id,price,bedrooms,bathrooms,sqft_living,sqft_lot,floors,waterfront,view,condition,property_age,has_basement,basement_share,room_count_invalid,years_since_renovation,renovation_status,city,zip_code
24,2014-05-02,ADDR_31ad00341e04b110,612500.0,4.0,2.5,2730,12261,2.0,0,0,3,23,0,0.0,0,,none_recorded,Bothell,98011
28,2014-05-02,ADDR_f46a9c6a03a2545c,698000.0,4.0,2.25,2200,11250,1.5,0,0,5,94,1,0.4090909090909091,0,,none_recorded,Kirkland,98033
18,2014-05-02,ADDR_689dc55d2b94c583,367500.0,4.0,3.0,3110,7231,2.0,0,0,3,17,0,0.0,0,,none_recorded,Auburn,98092
4310,2014-05-02,ADDR_9d1c9f3a5f8f2274,436110.0,3.0,2.5,1770,1235,3.0,0,0,3,7,1,0.096045197740113,0,,none_recorded,Seattle,98103
43,2014-05-02,ADDR_ca12f4797150ab77,308500.0,2.0,1.0,850,6174,1.0,0,0,4,64,0,0.0,0,31.0,valid_year,Shoreline,98155
4340,2014-05-02,ADDR_f990e56974228731,440000.0,4.0,2.25,2160,8119,1.0,0,0,3,48,1,0.5,0,,invalid_year,Bellevue,98006
20,2014-05-02,ADDR_8cce940229d2ee91,275000.0,3.0,1.5,1180,10277,1.0,0,0,3,31,0,0.0,0,5.0,valid_year,North Bend,98045
62,2014-05-02,ADDR_2b2c5598d57cf945,459990.0,3.0,2.5,2680,5539,2.0,0,0,3,1,0,0.0,0,,invalid_year,North Bend,98045
16,2014-05-02,ADDR_74c72caeaf09197b,242500.0,3.0,1.5,1200,9720,1.0,0,0,4,49,0,0.0,0,,none_recorded,Kent,98042
31,2014-05-02,ADDR_cce951eb32c9fe63,382500.0,4.0,1.75,1560,8700,1.0,0,0,4,47,0,0.0,0,,none_recorded,Kirkland,98034
17,2014-05-02,ADDR_f30e54f754af2d04,419000.0,3.0,1.5,1570,6700,1.0,0,0,4,58,0,0.0,0,,none_recorded,Bellevue,98007
50,2014-05-02,ADDR_b1d2e7be36bb5644,838000.0,4.0,2.5,3310,42998,2.0,0,0,3,13,0,0.0,0,,none_recorded,Redmond,98052
46,2014-05-02,ADDR_45a2bc80d29be8e9,315000.0,3.0,1.0,1160,9180,1.0,0,0,3,46,0,0.0,0,17.0,valid_year,Woodinville,98077
19,2014-05-02,ADDR_2f0eaf1ff96b119e,257950.0,3.0,1.75,1370,5858,1.0,0,0,3,27,0,0.0,0,14.0,valid_year,Des Moines,98198
34,2014-05-02,ADDR_fe8130a4793c7733,625000.0,4.0,2.5,2820,8408,2.0,0,0,3,0,0,0.0,0,,none_recorded,Shoreline,98155
39,2014-05-02,ADDR_3b770a61f8a5857e,403000.0,3.0,2.0,1960,13100,1.0,0,2,5,57,1,0.15816326530612246,0,,none_recorded,Normandy Park,98166
13,2014-05-02,ADDR_e5b7ead210340103,588500.0,3.0,1.75,2330,14892,1.0,0,0,3,34,1,0.15450643776824036,0,,none_recorded,Sammamish,98074
1,2014-05-02,ADDR_0c2a0f46bd594850,313000.0,3.0,1.5,1340,7912,1.5,0,0,3,59,0,0.0,0,9.0,valid_year,Shoreline,98133
55,2014-05-02,ADDR_8994a71e4b651259,470000.0,5.0,2.5,2210,9655,1.0,0,0,3,38,1,0.3393665158371041,0,,none_recorded,Bothell,98011
32,2014-05-02,ADDR_07705cd3b8acff6e,499950.0,4.0,2.5,2860,3345,2.0,0,0,3,10,1,0.23426573426573427,0,,invalid_year,Woodinville,98072
42,2014-05-02,ADDR_6042afbaf8e2ce0a,260000.0,4.0,2.0,1480,8625,1.0,0,0,4,40,0,0.0,0,,none_recorded,Renton,98055
25,2014-05-02,ADDR_c93a5fa0be444f4c,495000.0,4.0,1.75,1600,6380,1.0,0,0,3,55,1,0.29375,0,25.0,valid_year,Seattle,98125
38,2014-05-02,ADDR_b8dc9b704261f30d,287200.0,3.0,3.0,1850,19966,1.0,0,0,4,22,1,0.41081081081081083,0,,none_recorded,Maple Valley,98038
29,2014-05-02,ADDR_21df7b3862bbc0eb,675000.0,5.0,2.5,2820,67518,2.0,0,0,3,35,0,0.0,0,0.0,valid_year,Issaquah,98029
8,2014-05-02,ADDR_b94faeb44ebb6016,482000.0,4.0,2.5,2710,35868,2.0,0,0,3,25,0,0.0,0,,none_recorded,Maple Valley,98038
14,2014-05-02,ADDR_32a1dd43fe7d6080,365000.0,3.0,1.0,1090,6435,1.0,0,0,4,59,0,0.0,0,5.0,valid_year,Seattle,98106
47,2014-05-02,ADDR_35e646eeb2634f28,437500.0,3.0,2.25,1970,35100,2.0,0,0,4,37,0,0.0,0,,none_recorded,Issaquah,98027
7,2014-05-02,ADDR_a6b7b86942ae1d12,335000.0,2.0,2.0,1350,2560,1.0,0,0,3,38,0,0.0,0,,none_recorded,Redmond,98052
3,2014-05-02,ADDR_9068b883964efc44,342000.0,3.0,2.0,1930,11947,1.0,0,0,4,48,0,0.0,0,,none_recorded,Kent,98042
49,2014-05-02,ADDR_14d915fe23b301ec,445700.0,3.0,2.5,1270,1180,3.0,0,0,3,13,0,0.0,0,,none_recorded,Seattle,98107
51,2014-05-02,ADDR_d57b205695025bf7,630000.0,4.0,2.75,2710,37277,2.0,0,0,3,14,0,0.0,0,,none_recorded,Issaquah,98027
26,2014-05-02,ADDR_8937856f85f66b1a,285000.0,3.0,2.5,2090,10834,1.0,0,0,4,27,1,0.3492822966507177,0,,none_recorded,Federal Way,98003
64,2014-05-02,ADDR_ea2bf3acd2011b45,300000.0,3.0,2.5,2540,5050,2.0,0,0,3,8,0,0.0,0,,none_recorded,Kent,98042
36,2014-05-02,ADDR_ad2686422cd8c03c,604000.0,3.0,2.5,3240,33151,2.0,0,2,3,19,0,0.0,0,,none_recorded,Federal Way,98023
23,2014-05-02,ADDR_c4bc2773c76c6ff2,626000.0,3.0,2.25,1750,1572,2.5,0,0,3,9,1,0.16,0,,none_recorded,Seattle,98102
21,2014-05-02,ADDR_f3e69132c0e74b46,750000.0,3.0,1.75,2240,10578,2.0,0,0,5,91,1,0.3080357142857143,0,,none_recorded,Seattle,98115
54,2014-05-02,ADDR_f650677d3c4b3613,284000.0,3.0,1.75,1800,23103,1.0,0,0,3,46,0,0.0,0,17.0,valid_year,Carnation,98014
30,2014-05-02,ADDR_84ea7e7f8ebafffc,790000.0,3.0,2.5,2600,4750,1.0,0,0,4,63,1,0.34615384615384615,0,15.0,valid_year,Seattle,98117
59,2014-05-02,ADDR_e41387f7816938a5,385000.0,3.0,3.25,1320,1327,2.0,0,0,3,6,1,0.21212121212121213,0,,none_recorded,Seattle,98199
61,2014-05-02,ADDR_f2a501c49c7821a2,555000.0,4.0,2.5,3310,6500,2.0,0,0,3,2,0,0.0,0,,invalid_year,Snoqualmie,98065
15,2014-05-02,ADDR_3273444e911cfa48,1200000.0,5.0,2.75,2910,9480,1.5,0,0,3,75,0,0.0,0,45.0,valid_year,Seattle,98105
40,2014-05-02,ADDR_e2a8d9139f0ee452,750000.0,3.0,2.5,2390,6550,1.0,0,2,4,59,1,0.39748953974895396,0,5.0,valid_year,Seattle,98116
57,2014-05-02,ADDR_c0ed3bf7bd5e1aee,491500.0,4.0,1.75,2190,125452,1.0,0,2,3,46,0,0.0,0,17.0,valid_year,Auburn,98092
12,2014-05-02,ADDR_7c4eaad9bedfd519,1400000.0,4.0,2.5,2920,4000,1.5,0,0,5,105,1,0.3458904109589041,0,26.0,valid_year,Seattle,98105
22,2014-05-02,ADDR_d379a87b200fbad4,435000.0,4.0,1.0,1450,8800,1.0,0,0,4,60,0,0.0,0,35.0,valid_year,Bellevue,98006
52,2014-05-02,ADDR_fcc7ad9908eab62f,550000.0,3.0,1.75,2910,35200,1.5,0,0,3,35,0,0.0,0,0.0,valid_year,Sammamish,98075
56,2014-05-02,ADDR_92023cdbb8970d77,430000.0,4.0,1.5,1920,10000,1.0,0,0,4,60,1,0.4427083333333333,0,35.0,valid_year,Bellevue,98006
48,2014-05-02,ADDR_d86beb3fb048badf,407500.0,3.0,2.5,1930,10460,2.0,0,0,3,18,0,0.0,0,,none_recorded,Renton,98059
44,2014-05-02,ADDR_e299be20b51dba9a,439950.0,3.0,2.5,1770,2875,2.0,0,0,3,24,0,0.0,0,5.0,valid_year,Seattle,98116
41,2014-05-02,ADDR_1076ccb53c9eb324,335000.0,3.0,2.25,1580,16215,1.0,0,0,4,36,0,0.0,0,14.0,valid_year,Fall City,98024
9,2014-05-02,ADDR_806e7c2e451bd34e,452500.0,3.0,2.5,2430,88426,1.0,0,0,4,29,1,0.35390946502057613,0,,none_recorded,North Bend,98045
37,2014-05-02,ADDR_fccaf7b86102b96a,440000.0,2.0,1.0,800,4850,1.0,0,0,4,70,0,0.0,0,,none_recorded,Seattle,98107
35,2014-05-02,ADDR_4b60fc9a0a46f86c,400000.0,4.0,2.5,3630,42884,1.5,0,0,3,35,1,0.36639118457300274,0,0.0,valid_year,Auburn,98092
4353,2014-05-02,ADDR_2cd0fed7c3f83873,237227.86,4.0,2.5,2200,9397,2.0,0,0,3,27,0,0.0,0,14.0,valid_year,Auburn,98001
6,2014-05-02,ADDR_c4b179e7c084323c,490000.0,2.0,1.0,880,6380,1.0,0,0,3,76,0,0.0,0,20.0,valid_year,Seattle,98115
60,2014-05-02,ADDR_742769e68bf28ac4,295000.0,2.0,2.5,1630,1368,2.0,0,0,3,5,1,0.2147239263803681,0,,none_recorded,Seattle,98106
53,2014-05-02,ADDR_ffda15d41f531207,805000.0,3.0,2.0,2710,4500,1.5,0,0,4,85,1,0.3062730627306273,0,,none_recorded,Seattle,98115
10,2014-05-02,ADDR_989598a55fd0a656,640000.0,4.0,2.0,1520,6200,1.5,0,0,3,69,0,0.0,0,4.0,valid_year,Seattle,98115
2,2014-05-02,ADDR_813f56f4b718566e,2384000.0,5.0,2.5,3650,9050,2.0,0,4,5,93,1,0.07671232876712329,0,,none_recorded,Seattle,98119
33,2014-05-02,ADDR_9604ed3f5d8bef4f,650000.0,4.0,2.0,1820,5000,1.5,0,1,3,69,1,0.0989010989010989,0,4.0,valid_year,Seattle,98115
58,2014-05-02,ADDR_73b0f5b41f30aae8,785000.0,5.0,3.25,3660,11995,2.0,0,2,3,8,0,0.0,0,,none_recorded,Snoqualmie,98065
45,2014-05-02,ADDR_169a791ef495e4b7,235000.0,2.0,1.0,1210,9400,1.0,0,0,2,65,0,0.0,0,,none_recorded,Seattle,98106
27,2014-05-02,ADDR_24de6995c300dc1c,615000.0,3.0,1.75,2360,7291,1.0,0,0,4,66,1,0.423728813559322,0,,none_recorded,Seattle,98136
4,2014-05-02,ADDR_d97a80682fc79e8e,420000.0,3.0,2.25,2000,8030,1.0,0,0,4,51,1,0.5,0,,none_recorded,Bellevue,98008
5,2014-05-02,ADDR_ad44c2cf2afcb7c3,550000.0,4.0,2.5,1940,10500,1.0,0,0,4,38,1,0.41237113402061853,0,22.0,valid_year,Redmond,98052
63,2014-05-02,ADDR_fc187d952400ccea,625000.0,4.0,3.25,2730,54014,1.0,0,0,3,7,1,0.42857142857142855,0,,none_recorded,Renton,98059
11,2014-05-02,ADDR_0ff0679f8a33a20c,463000.0,3.0,1.75,1710,7320,1.0,0,0,3,66,0,0.0,0,20.0,valid_year,Lake Forest Park,98155
67,2014-05-03,ADDR_45b738369b4fc3c7,379880.0,3.0,2.5,1650,14054,1.0,0,0,4,28,1,0.3151515151515151,0,,none_recorded,Issaquah,98027
65,2014-05-03,ADDR_fbc9f91e0a45d472,625000.0,4.0,2.75,2920,6605,2.0,0,0,3,2,0,0.0,0,,invalid_year,Renton,98059
68,2014-05-03,ADDR_939293be40b83b73,310000.0,3.0,1.0,1010,9945,1.0,0,0,4,41,0,0.0,0,,none_recorded,Snoqualmie,98065
66,2014-05-03,ADDR_04a0b7a8d1aa52f1,553000.0,2.0,1.0,900,5000,1.0,0,0,3,70,0,0.0,0,,none_recorded,Seattle,98117
69,2014-05-04,ADDR_c7afffd528d613b2,775000.0,2.0,2.5,2680,7392,1.0,0,0,3,10,0,0.0,0,,invalid_year,Redmond,98053
70,2014-05-04,ADDR_7047137bf53f02c6,365000.0,3.0,2.5,2200,7350,1.0,0,0,5,26,1,0.2863636363636364,0,,none_recorded,Renton,98058
72,2014-05-04,ADDR_4260cf526d1a800c,783500.0,3.0,2.5,2850,7130,2.0,0,0,3,34,1,0.3017543859649123,0,,none_recorded,Seattle,98122
73,2014-05-04,ADDR_bbfb4db9ebe5e587,628000.0,4.0,2.0,2280,6010,1.0,0,0,3,114,1,0.5,0,9.0,valid_year,Seattle,98122
71,2014-05-04,ADDR_4c1b458df9f3c854,331950.0,4.0,2.5,2530,9933,2.0,0,2,3,24,1,0.20553359683794467,0,5.0,valid_year,Auburn,98092
115,2014-05-05,ADDR_32724e534a0d0807,740000.0,4.0,1.75,2010,3600,1.5,0,0,3,112,0,0.0,0,,none_recorded,Seattle,98119
102,2014-05-05,ADDR_92f1a05e0454c9ee,570000.0,3.0,2.25,2010,6000,1.0,0,0,3,39,1,0.3383084577114428,0,,none_recorded,Redmond,98052
88,2014-05-05,ADDR_a2c50092f73359b4,620000.0,3.0,1.75,1480,2185,2.5,0,0,3,9,0,0.0,0,,none_recorded,Kirkland,98033
98,2014-05-05,ADDR_38301d1114a5e55e,384900.0,5.0,2.5,3090,12750,1.0,0,0,3,46,1,0.4336569579288026,0,17.0,valid_year,Federal Way,98023
91,2014-05-05,ADDR_7e47fd97c5e150bc,800866.0,5.0,2.5,3180,13806,2.0,0,0,4,24,0,0.0,0,,none_recorded,Kirkland,98033
77,2014-05-05,ADDR_030fefa093e436fc,831000.0,4.0,3.0,2170,4000,2.0,0,0,4,32,1,0.25806451612903225,0,3.0,valid_year,Seattle,98112
143,2014-05-05,ADDR_62d446c6e4fc8df8,830000.0,4.0,2.5,3400,9692,2.0,0,0,3,7,0,0.0,0,,none_recorded,Redmond,98052
93,2014-05-05,ADDR_9b6ba2e343f03a0d,823000.0,6.0,1.75,2920,5000,2.5,0,0,4,106,1,0.04794520547945205,0,,none_recorded,Seattle,98122
104,2014-05-05,ADDR_71e2ecf21a72ffac,328000.0,4.0,2.5,2370,6500,2.0,0,0,3,16,0,0.0,0,8.0,valid_year,Auburn,98092
79,2014-05-05,ADDR_24eb55bee8b526dc,755000.0,4.0,2.5,2120,10202,1.0,0,0,4,54,1,0.2358490566037736,0,13.0,valid_year,Bellevue,98005
150,2014-05-05,ADDR_ec035e412955249f,419190.0,2.0,2.5,1590,1426,2.0,0,0,3,0,0,0.0,0,,none_recorded,Issaquah,98029
118,2014-05-05,ADDR_1db30fb4e955e7ed,206000.0,2.0,1.0,810,7158,1.0,0,0,5,70,0,0.0,0,,none_recorded,Burien,98168
92,2014-05-05,ADDR_4c2e993f34bcc4eb,650000.0,3.0,1.5,2160,9000,1.0,0,2,4,65,1,0.35185185185185186,0,29.0,valid_year,Seattle,98177
114,2014-05-05,ADDR_55b3aff71f492111,525888.0,5.0,1.75,2550,71874,1.0,0,0,5,54,1,0.2901960784313726,0,,none_recorded,Issaquah,98027
142,2014-05-05,ADDR_a9d9b2bf011a67f3,340000.0,2.0,1.5,1160,1438,2.0,0,0,3,13,0,0.0,0,,none_recorded,Seattle,98144
138,2014-05-05,ADDR_b725d7b95defb7b5,487585.0,4.0,1.75,2010,9211,1.0,0,0,3,37,1,0.26865671641791045,0,10.0,valid_year,Kirkland,98034
75,2014-05-05,ADDR_b557a5246e8959a0,900000.0,3.0,1.0,1330,77972,1.0,0,0,3,86,0,0.0,0,60.0,valid_year,Kirkland,98033
105,2014-05-05,ADDR_648f56b4fdb5caeb,435000.0,5.0,2.0,1840,9240,1.0,0,0,4,72,1,0.16304347826086957,0,56.0,valid_year,Seattle,98133
128,2014-05-05,ADDR_faba858ae4e976af,329950.0,2.0,1.0,1140,5250,1.5,0,0,4,65,0,0.0,0,29.0,valid_year,Seattle,98133
76,2014-05-05,ADDR_769043d0a0d6ab58,531000.0,2.0,3.0,1270,1175,2.0,0,0,3,14,1,0.12598425196850394,0,,none_recorded,Seattle,98103
116,2014-05-05,ADDR_a3ba013d165881f8,340000.0,5.0,1.0,1120,9022,1.5,0,0,4,52,0,0.0,0,,none_recorded,Kirkland,98034
85,2014-05-05,ADDR_fbc3337bd0d8c4d1,485000.0,4.0,3.0,2340,7048,1.0,0,0,4,35,1,0.42735042735042733,0,,none_recorded,Kirkland,98034
145,2014-05-05,ADDR_c27a825e4df39e7a,366750.0,3.0,3.0,1571,2017,3.0,0,0,3,6,0,0.0,0,,none_recorded,Seattle,98125
130,2014-05-05,ADDR_7c5c1651269d3964,549000.0,4.0,2.5,2910,6338,2.0,0,0,3,6,0,0.0,0,,none_recorded,Renton,98059
121,2014-05-05,ADDR_90cec7ded5336fed,379950.0,4.0,1.75,1970,9389,1.0,0,0,5,54,1,0.4213197969543147,0,,none_recorded,Shoreline,98133
151,2014-05-05,ADDR_23d83085083a89e3,712198.0,4.0,2.5,2450,4247,2.0,0,0,3,1,0,0.0,0,,invalid_year,Redmond,98052
101,2014-05-05,ADDR_8c50a767b4911dc0,736500.0,4.0,2.5,3180,21904,2.0,0,3,3,14,0,0.0,0,,none_recorded,Renton,98059
82,2014-05-05,ADDR_9f2cf93acbb26f40,865000.0,4.0,3.0,3690,9892,2.0,0,0,3,16,0,0.0,0,8.0,valid_year,Sammamish,98075
124,2014-05-05,ADDR_aaf49f9476f09218,309950.0,3.0,2.5,1880,7838,2.0,0,0,3,20,0,0.0,0,,none_recorded,Renton,98055
4354,2014-05-05,ADDR_59e6e45d9874a9a8,117833.33,3.0,1.0,1340,306848,1.0,0,0,3,61,0,0.0,0,,none_recorded,Duvall,98019
132,2014-05-05,ADDR_32a2cd6834568bff,249950.0,3.0,2.0,1550,15040,1.0,0,0,4,56,0,0.0,0,42.0,valid_year,Renton,98059
120,2014-05-05,ADDR_e669e86229dbd9fd,600000.0,3.0,1.75,1670,39639,1.0,0,0,4,38,0,0.0,0,22.0,valid_year,Sammamish,98075
136,2014-05-05,ADDR_07062cdc9f38b1fd,615000.0,4.0,1.75,2300,11700,1.0,0,0,4,37,1,0.14782608695652175,0,,none_recorded,Redmond,98052
134,2014-05-05,ADDR_5767dcfaf16936aa,1425000.0,2.0,2.5,2220,4000,2.0,0,0,3,14,0,0.0,0,,none_recorded,Seattle,98112
81,2014-05-05,ADDR_1e9a5f155b9fb87d,627000.0,4.0,2.25,1990,7712,1.0,0,0,3,41,1,0.39195979899497485,0,1.0,valid_year,Issaquah,98027
4349,2014-05-05,ADDR_407d49a26ad8e401,2199900.0,4.0,1.5,1120,5427,1.0,0,0,3,45,0,0.0,0,0.0,valid_year,Covington,98042
90,2014-05-05,ADDR_9ab5ff63b515921c,232000.0,2.0,1.0,1200,8063,1.0,0,0,4,56,0,0.0,0,42.0,valid_year,Des Moines,98198
148,2014-05-05,ADDR_2ce3683822f5691c,478000.0,3.0,2.5,3040,4535,2.0,0,0,3,7,0,0.0,0,,none_recorded,Renton,98056
87,2014-05-05,ADDR_4c7f385235691db5,549000.0,2.0,1.0,1140,5400,1.0,0,0,5,106,0,0.0,0,,none_recorded,Seattle,98112
133,2014-05-05,ADDR_3f16cf830e17cbe0,210000.0,5.0,2.0,2050,10200,1.0,0,0,3,58,1,0.3024390243902439,0,13.0,valid_year,Des Moines,98198
86,2014-05-05,ADDR_0aeda7c0c1c48c35,400000.0,2.0,1.75,2110,9519,1.0,0,0,2,66,0,0.0,0,,none_recorded,Shoreline,98155
94,2014-05-05,ADDR_268ea72207bdb075,770000.0,3.0,2.0,2350,5700,1.5,0,0,4,75,1,0.2297872340425532,0,25.0,valid_year,Seattle,98112
103,2014-05-05,ADDR_282b73b1f4fb0887,787000.0,3.0,1.75,1330,7500,1.0,0,0,3,53,0,0.0,0,10.0,valid_year,Bellevue,98004
74,2014-05-05,ADDR_d964eb3a2c94712b,560000.0,3.0,2.5,1900,8744,2.0,0,0,3,27,0,0.0,0,14.0,valid_year,Sammamish,98074
131,2014-05-05,ADDR_f011b1812aa5b73e,800000.0,3.0,2.5,3240,7857,2.0,0,0,3,20,0,0.0,0,,none_recorded,Sammamish,98075
112,2014-05-05,ADDR_887353fa33918003,309950.0,4.0,2.75,2310,5000,2.0,0,0,3,8,0,0.0,0,,none_recorded,Maple Valley,98038
78,2014-05-05,ADDR_2a045a91446fb6a2,780000.0,4.0,2.5,2730,10281,2.0,0,2,3,18,0,0.0,0,,none_recorded,Sammamish,98074
84,2014-05-05,ADDR_051a5dfacf3af425,410000.0,3.0,2.25,1800,36704,1.0,0,0,4,36,1,0.24444444444444444,0,14.0,valid_year,Issaquah,98027
107,2014-05-05,ADDR_c898d257d69a776b,501000.0,4.0,1.0,2070,7519,1.0,0,0,3,51,1,0.4396135265700483,0,6.0,valid_year,Bellevue,98008
117,2014-05-05,ADDR_79b674c3ffac01ff,398750.0,3.0,2.5,2230,4000,2.0,0,0,3,60,0,0.0,0,9.0,valid_year,Seattle,98144
123,2014-05-05,ADDR_ec37b52279e96d76,2280000.0,7.0,8.0,13540,307752,3.0,0,4,3,15,1,0.3050221565731167,0,,none_recorded,Redmond,98053
113,2014-05-05,ADDR_a982217bf312d7a2,300000.0,3.0,2.0,1050,10072,1.0,0,0,3,28,0,0.0,0,,none_recorded,Duvall,98019
137,2014-05-05,ADDR_27de7f23bca90935,618500.0,3.0,2.0,1800,5000,1.0,0,0,4,72,1,0.4,0,32.0,valid_year,Seattle,98115
129,2014-05-05,ADDR_5868c91d6be175b3,245000.0,3.0,1.75,1920,9306,1.0,0,0,3,30,1,0.4791666666666667,0,,none_recorded,Auburn,98001
80,2014-05-05,ADDR_500fd4e40ead87f2,705380.0,3.0,2.5,2490,4343,2.0,0,0,3,11,0,0.0,0,,none_recorded,Issaquah,98029
106,2014-05-05,ADDR_ea4641fd9b5ae2b2,499000.0,4.0,2.5,2910,6479,2.0,0,0,3,8,0,0.0,0,,none_recorded,Snoqualmie,98065
95,2014-05-05,ADDR_f64cc0824da4a779,524000.0,3.0,1.75,1560,5520,1.0,0,0,4,70,1,0.5,0,,none_recorded,Seattle,98199
97,2014-05-05,ADDR_d45244d15a284470,670000.0,3.0,2.5,1680,2000,3.0,0,0,3,105,0,0.0,0,16.0,valid_year,Seattle,98105
135,2014-05-05,ADDR_f0c48ae337023dab,585000.0,2.0,1.0,1770,8640,1.5,0,0,3,65,1,0.14124293785310735,0,16.0,valid_year,Seattle,98117
100,2014-05-05,ADDR_a5ec6095fef6fa34,1395000.0,5.0,3.5,4010,8510,2.0,0,1,5,43,1,0.2892768079800499,0,,none_recorded,Seattle,98105
111,2014-05-05,ADDR_af275d8390e87a40,657100.0,4.0,1.0,1390,4240,1.0,0,0,3,90,1,0.2446043165467626,0,3.0,valid_year,Seattle,98103
141,2014-05-05,ADDR_f8d6e8cec847f028,555000.0,3.0,2.5,1940,3211,2.0,0,0,3,5,0,0.0,0,,none_recorded,Issaquah,98027
109,2014-05-05,ADDR_54074bad7aa8eeb8,400000.0,2.0,1.0,840,5510,1.0,0,0,3,59,0,0.0,0,9.0,valid_year,Seattle,98136
119,2014-05-05,ADDR_003753b64abf4c73,1030000.0,5.0,2.75,3190,16920,1.0,0,3,3,38,1,0.4702194357366771,0,,none_recorded,Bellevue,98006
139,2014-05-05,ADDR_90ddd2dbc63eb271,509900.0,3.0,2.5,1790,2700,2.0,0,0,3,4,0,0.0,0,,none_recorded,Issaquah,98027
110,2014-05-05,ADDR_bcd89abe93392d14,220000.0,4.0,1.5,1240,9600,1.0,0,0,3,43,0,0.0,0,,none_recorded,Federal Way,98023
127,2014-05-05,ADDR_e50a9b683a114d19,449250.0,4.0,2.0,1480,3844,1.5,0,0,5,86,0,0.0,0,44.0,valid_year,Seattle,98133
96,2014-05-05,ADDR_d5bb08e4a1473f02,541125.0,5.0,2.75,2740,8426,1.0,0,0,4,54,1,0.5,0,13.0,valid_year,Bellevue,98006
4356,2014-05-05,ADDR_07e1cba53a6fd73c,744312.5,4.0,2.5,2800,5900,1.0,0,0,3,51,1,0.40714285714285714,0,6.0,valid_year,Seattle,98115
147,2014-05-05,ADDR_6aadf815170544f7,416286.0,3.0,2.5,1408,989,3.0,0,0,3,9,0,0.0,0,,none_recorded,Seattle,98115
149,2014-05-05,ADDR_ae90b59d8b871d9d,890000.0,5.0,3.5,4490,6000,2.0,0,0,3,8,1,0.2873051224944321,0,,none_recorded,Issaquah,98027
125,2014-05-05,ADDR_9b8d472422533e1e,600000.0,3.0,1.75,1880,6360,1.0,0,0,4,69,1,0.44680851063829785,0,,none_recorded,Seattle,98115
144,2014-05-05,ADDR_b90da55a587b7fb7,890000.0,4.0,4.25,4420,5750,2.0,0,0,3,8,1,0.22850678733031674,0,,none_recorded,Issaquah,98027
99,2014-05-05,ADDR_56d19846a587945f,406100.0,3.0,2.25,1410,1332,3.0,0,0,3,9,0,0.0,0,,none_recorded,Seattle,98103
83,2014-05-05,ADDR_676b333af0cad124,580000.0,2.0,1.0,2540,7000,1.0,0,0,5,72,1,0.48031496062992124,0,,none_recorded,Seattle,98118
122,2014-05-05,ADDR_7ee0e8be738199d7,287000.0,3.0,1.0,1450,6000,1.0,0,0,4,61,0,0.0,0,31.0,valid_year,Seattle,98118
108,2014-05-05,ADDR_e12329e46d724bab,1090000.0,4.0,2.5,4340,141570,2.5,0,0,3,22,0,0.0,0,,none_recorded,Redmond,98053
126,2014-05-05,ADDR_7eef08c58d022aee,418000.0,3.0,2.0,1410,6030,1.5,0,0,4,84,0,0.0,0,,none_recorded,Seattle,98103
89,2014-05-05,ADDR_c1279fd19ea088bf,405000.0,2.0,3.0,1410,1240,2.0,0,0,3,8,1,0.19148936170212766,0,,none_recorded,Seattle,98136
140,2014-05-05,ADDR_726e13170ae8744f,631625.0,4.0,2.5,2440,6651,2.0,0,0,3,0,0,0.0,0,,none_recorded,Seattle,98117
146,2014-05-05,ADDR_c0923203154911e8,415000.0,3.0,2.25,1620,998,2.5,0,0,3,4,1,0.04938271604938271,0,,none_recorded,Issaquah,98029
182,2014-05-06,ADDR_12d6580986c6e50a,460000.0,2.0,2.25,1230,929,2.0,0,0,3,10,1,0.17073170731707318,0,,invalid_year,Seattle,98112
222,2014-05-06,ADDR_2c7cbd3cc18b314a,191000.0,3.0,1.5,800,8850,1.0,0,0,4,55,0,0.0,0,,none_recorded,Federal Way,98023
152,2014-05-06,ADDR_8fe00849b0d38b75,397000.0,4.0,2.0,1440,7680,1.0,0,0,3,43,1,0.16666666666666666,0,,none_recorded,Kirkland,98034
154,2014-05-06,ADDR_041f8e775f0dba37,353000.0,3.0,1.0,1350,7740,1.0,0,0,4,67,1,0.362962962962963,0,26.0,valid_year,Seattle,98125
183,2014-05-06,ADDR_bbedda228d16e405,345000.0,4.0,2.5,2331,3826,2.0,0,0,3,7,0,0.0,0,,none_recorded,Renton,98058
209,2014-05-06,ADDR_6e04943d6480beb5,387000.0,3.0,1.0,1230,9568,1.0,0,0,5,52,0,0.0,0,,none_recorded,Newcastle,98056
195,2014-05-06,ADDR_453a948a8cdafc94,280000.0,3.0,1.75,1630,11800,1.0,0,0,4,43,0,0.0,0,,none_recorded,North Bend,98045
184,2014-05-06,ADDR_131562dcad28e73a,455000.0,5.0,2.5,2240,7770,1.0,0,0,3,36,1,0.4017857142857143,0,,none_recorded,Kirkland,98034
223,2014-05-06,ADDR_59c2d893d0a9c93e,500000.0,3.0,2.5,1480,1171,3.0,0,0,3,8,0,0.0,0,,none_recorded,Seattle,98112
200,2014-05-06,ADDR_0ba634c47e989ea2,365000.0,3.0,1.5,1310,8160,1.0,0,0,3,64,0,0.0,0,9.0,valid_year,Seattle,98133
170,2014-05-06,ADDR_c7f13a51fb1aa967,390000.0,3.0,1.75,1260,6500,1.0,0,0,4,48,0,0.0,0,,none_recorded,Bellevue,98008
228,2014-05-06,ADDR_9751fbdeea5c0315,1800000.0,5.0,5.0,4490,10279,2.0,0,0,3,1,1,0.12472160356347439,0,,invalid_year,Bellevue,98004
207,2014-05-06,ADDR_1fe12240ab352ee4,725126.0,4.0,2.5,3200,12369,2.0,0,0,3,16,0,0.0,0,8.0,valid_year,Newcastle,98059
167,2014-05-06,ADDR_53d82eaa57a4aaca,425000.0,4.0,2.0,1520,7983,1.0,0,0,5,47,0,0.0,0,,none_recorded,Inglewood-Finn Hill,98034
179,2014-05-06,ADDR_cb38a179efe56d0d,379900.0,4.0,1.75,1500,11600,1.0,0,0,4,59,1,0.3333333333333333,0,5.0,valid_year,Kenmore,98028
210,2014-05-06,ADDR_ae707bccc5179776,483500.0,4.0,2.5,2740,45732,2.0,0,0,3,19,0,0.0,0,,none_recorded,Woodinville,98077
185,2014-05-06,ADDR_993122b5a7bb5ea6,610000.0,4.0,3.0,2450,10117,1.0,0,0,5,47,1,0.3551020408163265,0,,none_recorded,Bellevue,98006
189,2014-05-06,ADDR_665f0dedd236101d,404000.0,4.0,1.75,1840,10720,1.0,0,0,3,56,1,0.4782608695652174,0,10.0,valid_year,Bellevue,98008
198,2014-05-06,ADDR_035330e9b4529ce1,599000.0,4.0,2.25,2260,29930,2.0,0,0,4,37,1,0.3805309734513274,0,,none_recorded,Bellevue,98006
161,2014-05-06,ADDR_d0ce5a8f897eb359,279900.0,3.0,1.75,1580,8151,1.0,0,1,4,52,1,0.3037974683544304,0,,none_recorded,Des Moines,98198
229,2014-05-06,ADDR_93ae892d224124ec,776000.0,4.0,2.5,3040,6425,2.0,0,0,3,6,0,0.0,0,,none_recorded,Redmond,98052
211,2014-05-06,ADDR_fd6d7e0e6d21a3d8,655500.0,4.0,3.5,3380,8330,2.0,0,0,3,14,0,0.0,0,,none_recorded,Shoreline,98177
187,2014-05-06,ADDR_8f2b9f2f50fd0991,612500.0,4.0,2.0,2060,5000,1.0,0,0,3,65,1,0.5,0,1.0,valid_year,Seattle,98117
175,2014-05-06,ADDR_b7753d7459836f89,362000.0,3.0,2.25,1640,14374,1.0,0,0,4,51,1,0.3048780487804878,0,,none_recorded,Burien,98148
172,2014-05-06,ADDR_3b9afc112e72a888,736000.0,4.0,2.5,2290,12047,2.0,0,0,4,26,0,0.0,0,,none_recorded,Bellevue,98006
203,2014-05-06,ADDR_dff9a9a18dd82e33,562000.0,5.0,2.25,3040,8111,2.0,0,0,3,30,0,0.0,0,,none_recorded,Redmond,98052
178,2014-05-06,ADDR_9ced8433ceb9dc19,367500.0,3.0,1.5,1410,9647,1.0,0,0,3,53,0,0.0,0,10.0,valid_year,Shoreline,98177
155,2014-05-06,ADDR_230be8000bc9784d,609000.0,4.0,2.5,2150,37981,2.0,0,0,3,29,0,0.0,0,,none_recorded,Redmond,98052
169,2014-05-06,ADDR_844bf8ad8be73a7d,250000.0,3.0,1.0,1050,6874,1.0,0,0,3,60,0,0.0,0,9.0,valid_year,Shoreline,98133
4361,2014-05-06,ADDR_23341524e1e0739c,280000.0,3.0,2.25,1970,11088,1.0,0,0,4,47,1,0.4010152284263959,0,,none_recorded,Lake Forest Park,98155
171,2014-05-06,ADDR_2bb5ab1b9a606be8,475000.0,6.0,3.0,3470,117612,1.5,0,0,3,90,0,0.0,0,3.0,valid_year,Kenmore,98028
181,2014-05-06,ADDR_79ba05866c190b4c,175000.0,3.0,1.0,1010,7034,1.0,0,0,3,60,0,0.0,0,9.0,valid_year,Renton,98057
220,2014-05-06,ADDR_b24c6943f17c98c7,499000.0,2.0,1.75,1170,2400,1.0,0,0,4,111,1,0.36752136752136755,0,,none_recorded,Seattle,98103
205,2014-05-06,ADDR_1267807f0f05a44f,525000.0,3.0,2.5,2970,11985,1.0,0,0,3,19,1,0.40404040404040403,0,,none_recorded,Sammamish,98074
193,2014-05-06,ADDR_5331164ea278fa15,575000.0,3.0,1.75,2130,6500,1.0,0,2,3,60,1,0.4507042253521127,0,9.0,valid_year,Seattle,98199
201,2014-05-06,ADDR_422fc1bc0f1170dd,762300.0,4.0,2.5,3880,14550,2.0,0,0,3,27,0,0.0,0,14.0,valid_year,Sammamish,98074
173,2014-05-06,ADDR_d627e5ab36237fb6,407000.0,4.0,2.25,2810,23400,1.0,0,1,3,56,1,0.3914590747330961,0,10.0,valid_year,Des Moines,98198
199,2014-05-06,ADDR_d487d39484fb53b3,685000.0,4.0,2.5,3030,7864,2.0,0,0,3,15,0,0.0,0,,none_recorded,Sammamish,98074
190,2014-05-06,ADDR_e5f2ea527f3944dc,860000.0,4.0,2.0,3740,32417,2.0,0,0,3,14,0,0.0,0,,none_recorded,Redmond,98053
221,2014-05-06,ADDR_3453243e07758698,1050000.0,3.0,2.5,2200,1970,2.0,0,0,3,6,1,0.2681818181818182,0,,none_recorded,Seattle,98102
4330,2014-05-06,ADDR_43cef9d0727f4974,518000.0,3.0,1.5,1430,8000,1.0,0,0,4,58,0,0.0,0,,none_recorded,Bellevue,98007
156,2014-05-06,ADDR_b5b3309785c8f93a,234000.0,3.0,1.75,1490,8366,1.0,0,0,4,39,1,0.3221476510067114,0,,none_recorded,Covington,98042
177,2014-05-06,ADDR_2c9a4286420b3b5f,284000.0,4.0,2.5,2000,5390,2.0,0,0,3,11,0,0.0,0,,none_recorded,Kent,98042
194,2014-05-06,ADDR_891aa19e79336223,1225000.0,4.0,2.25,3490,6906,2.0,0,0,4,86,1,0.3467048710601719,0,,none_recorded,Seattle,98199
162,2014-05-06,ADDR_3e92854e4de826a9,606000.0,4.0,2.5,2110,13850,2.0,0,0,3,27,0,0.0,0,14.0,valid_year,Issaquah,98027
163,2014-05-06,ADDR_1743a3d27655acf1,312000.0,4.0,2.0,1300,7054,1.0,0,0,3,64,0,0.0,0,1.0,valid_year,Seattle,98146
216,2014-05-06,ADDR_c66ac849bf5a8cf5,197000.0,3.0,1.75,1690,7735,1.0,0,0,4,38,1,0.3727810650887574,0,22.0,valid_year,Auburn,98001
158,2014-05-06,ADDR_b5d2e8b54dada3a2,469000.0,2.0,1.0,1030,4400,1.0,0,0,3,90,0,0.0,0,3.0,valid_year,Seattle,98117
208,2014-05-06,ADDR_6eb3f1e80168ecb1,360000.0,4.0,2.0,2680,18768,1.0,0,0,5,49,0,0.0,0,,none_recorded,Auburn,98001
219,2014-05-06,ADDR_1ae2fe7a8d2f3cdb,295000.0,3.0,2.25,1980,8000,1.0,0,0,4,40,1,0.21212121212121213,0,,none_recorded,Federal Way,98023
174,2014-05-06,ADDR_0f6bad536688360d,272000.0,3.0,2.5,1650,13816,2.0,0,0,3,16,0,0.0,0,8.0,valid_year,Carnation,98014
212,2014-05-06,ADDR_1605d6358c6b63f0,345000.0,3.0,1.0,1110,6250,1.0,0,0,3,58,0,0.0,0,13.0,valid_year,Seattle,98115
204,2014-05-06,ADDR_c228c44f7a17326c,530000.0,5.0,2.5,2910,9636,1.0,0,0,4,50,1,0.41924398625429554,0,,none_recorded,Bellevue,98008
191,2014-05-06,ADDR_fd60d660a3afdbaf,136500.0,3.0,1.5,1420,8580,1.0,0,0,3,52,0,0.0,0,11.0,valid_year,Federal Way,98023
188,2014-05-06,ADDR_36a274f4d091a599,218000.0,3.0,1.75,1850,7684,1.0,0,0,3,35,1,0.2864864864864865,0,0.0,valid_year,Federal Way,98023
4360,2014-05-06,ADDR_792ea27d4ae4a417,439333.33,3.0,3.5,3020,4082,2.0,0,0,3,60,1,0.31125827814569534,0,10.0,valid_year,Seattle,98199
224,2014-05-06,ADDR_26eef6acd683badd,390000.0,5.0,3.75,2890,5000,1.0,0,0,3,8,1,0.5467128027681661,0,,none_recorded,Seattle,98144
165,2014-05-06,ADDR_4fe658dfec670a20,1135000.0,4.0,2.75,3370,8103,1.0,0,3,3,44,1,0.41543026706231456,0,0.0,valid_year,Seattle,98136
153,2014-05-06,ADDR_c5ad28526450f75e,450000.0,2.0,2.0,1100,3000,1.5,0,0,3,102,0,0.0,0,9.0,valid_year,Seattle,98117
192,2014-05-06,ADDR_3dff86688232bf57,313950.0,3.0,1.0,1510,6083,1.0,0,0,4,74,1,0.4304635761589404,0,13.0,valid_year,Seattle,98115
215,2014-05-06,ADDR_6a2df69e9247110c,675000.0,2.0,1.0,930,36478,1.0,0,2,3,63,0,0.0,0,20.0,valid_year,Bellevue,98006
4352,2014-05-06,ADDR_77643d30fd4d5ae1,7800.0,2.0,1.0,780,16344,1.0,0,0,1,72,0,0.0,0,,none_recorded,Tukwila,98168
206,2014-05-06,ADDR_ebfc8468d78897ba,484000.0,2.0,1.75,1660,6000,1.0,0,0,3,72,1,0.30120481927710846,0,15.0,valid_year,Seattle,98105
214,2014-05-06,ADDR_fa7523c125567901,385000.0,3.0,1.75,1900,5520,1.0,0,0,3,32,1,0.3263157894736842,0,,none_recorded,Seattle,98118
180,2014-05-06,ADDR_8b342399868c211f,520000.0,3.0,2.5,2460,54885,2.0,0,0,4,34,0,0.0,0,,none_recorded,Renton,98059
166,2014-05-06,ADDR_6f1ffe5b45cbfdca,325000.0,4.0,2.5,1890,6156,1.0,0,0,3,34,1,0.48148148148148145,0,,none_recorded,Seattle,98106
202,2014-05-06,ADDR_4c01e242fa8a2df5,1580000.0,4.0,3.25,3760,10920,1.5,0,0,5,64,1,0.3617021276595745,0,,none_recorded,Seattle,98105
164,2014-05-06,ADDR_5b25c184d71a73e2,650000.0,3.0,1.5,1630,7475,1.0,0,1,3,74,1,0.2883435582822086,0,18.0,valid_year,Seattle,98115
157,2014-05-06,ADDR_6f6b301463fd886f,561000.0,3.0,2.0,2000,7000,2.0,0,0,3,98,0,0.0,0,28.0,valid_year,Seattle,98136
225,2014-05-06,ADDR_471854e9911a01fe,979000.0,3.0,2.5,2690,4047,3.0,0,0,3,0,0,0.0,0,,none_recorded,Seattle,98117
226,2014-05-06,ADDR_765c355c75cc169d,580000.0,4.0,3.25,3569,8327,2.0,0,0,3,1,0,0.0,0,,invalid_year,Renton,98055
217,2014-05-06,ADDR_a6077c33fcda2cd9,485000.0,3.0,2.0,1420,4080,1.5,0,0,3,109,0,0.0,0,1.0,valid_year,Seattle,98103
186,2014-05-06,ADDR_d6eafdab0e1b7b54,563000.0,4.0,3.0,3100,15480,2.0,0,0,3,18,1,0.22580645161290322,0,,none_recorded,Kenmore,98028
213,2014-05-06,ADDR_0d3089c96517a310,533000.0,5.0,2.75,1800,3780,1.5,0,0,3,88,1,0.2222222222222222,0,11.0,valid_year,Seattle,98103
218,2014-05-06,ADDR_10a129deef3d29fd,1870000.0,5.0,4.0,4510,15175,2.0,0,0,3,45,0,0.0,0,12.0,valid_year,Mercer Island,98040
176,2014-05-06,ADDR_bc4003b1e3f41531,535000.0,3.0,2.5,1850,10109,2.0,0,0,3,23,0,0.0,0,,none_recorded,Kirkland,98034
168,2014-05-06,ADDR_de3b7de41b96ba65,219000.0,2.0,1.0,900,5160,1.0,0,0,3,62,0,0.0,0,6.0,valid_year,Seattle,98106
227,2014-05-06,ADDR_1396dabb8a94bbad,369950.0,3.0,2.0,1270,1320,3.0,0,0,3,8,0,0.0,0,,none_recorded,Seattle,98103
160,2014-05-06,ADDR_baf0d48f7e437435,488000.0,5.0,2.0,2020,5000,1.5,0,0,4,76,0,0.0,0,,none_recorded,Seattle,98117
197,2014-05-06,ADDR_027b41ae92571c52,513000.0,4.0,2.5,2000,5684,2.0,0,0,3,18,0,0.0,0,,none_recorded,Kenmore,98028
196,2014-05-06,ADDR_4f4e1bc6e58c228c,515000.0,3.0,2.5,1790,7167,2.0,0,0,3,25,0,0.0,0,,none_recorded,Sammamish,98074
159,2014-05-06,ADDR_83e7a6a024ceaa0b,329350.0,2.0,1.0,720,6687,1.0,0,0,3,72,0,0.0,0,15.0,valid_year,Seattle,98117
297,2014-05-07,ADDR_0b7b7a7e55688855,560000.0,3.0,2.0,1860,13374,1.0,0,0,3,29,0,0.0,0,,none_recorded,Issaquah,98027
233,2014-05-07,ADDR_3b06591096d61363,510000.0,4.0,2.5,2430,5203,2.0,0,0,3,11,0,0.0,0,,none_recorded,Shoreline,98155
231,2014-05-07,ADDR_934c95fe3131ae99,255000.0,5.0,2.25,2060,8632,1.0,0,0,3,52,1,0.5,0,11.0,valid_year,Burien,98146
243,2014-05-07,ADDR_65503846e1e9b72f,758000.0,4.0,2.75,2410,9549,1.0,0,0,4,58,1,0.26141078838174275,0,,none_recorded,Kirkland,98033
311,2014-05-07,ADDR_1c445b9495c62862,1040000.0,4.0,3.5,3900,8391,2.0,0,0,3,8,0,0.0,0,,none_recorded,Kirkland,98033
310,2014-05-07,ADDR_3a9c8d5c1e0e5998,1532500.0,5.0,4.5,4270,8076,2.0,0,0,3,7,1,0.20374707259953162,0,,none_recorded,Kirkland,98033
262,2014-05-07,ADDR_f50a1e012db94dae,581000.0,4.0,2.0,2510,13695,1.0,0,0,4,53,1,0.4900398406374502,0,13.0,valid_year,Kirkland,98033
309,2014-05-07,ADDR_44e7408866ddd991,245000.0,3.0,1.5,1260,1270,2.0,0,0,3,9,1,0.1746031746031746,0,,none_recorded,Seattle,98133
288,2014-05-07,ADDR_f6c6c95e2d10687a,239900.0,3.0,2.0,1410,7566,1.0,0,0,3,29,0,0.0,0,,none_recorded,Kent,98030
280,2014-05-07,ADDR_7b5a674d63f2534c,640000.0,3.0,3.0,2270,5175,2.0,0,0,3,12,1,0.06167400881057269,0,,none_recorded,Renton,98056
272,2014-05-07,ADDR_35dfc868013c7026,630000.0,2.0,2.25,2550,5663,1.0,0,0,3,3,1,0.3254901960784314,0,,none_recorded,Renton,98056
253,2014-05-07,ADDR_3f30711a1b16b061,3200000.0,7.0,4.5,6210,8856,2.5,0,2,5,104,1,0.23349436392914655,0,,none_recorded,Seattle,98109
315,2014-05-07,ADDR_67cb92dd2f95a56a,417250.0,3.0,2.25,1606,1452,3.0,0,0,3,5,0,0.0,0,,none_recorded,Seattle,98125
277,2014-05-07,ADDR_96055437b31b0602,940000.0,4.0,2.25,1890,5940,1.0,0,1,3,51,1,0.2222222222222222,0,6.0,valid_year,Seattle,98112
4364,2014-05-07,ADDR_4b51c1d8516b38a7,176225.0,3.0,2.0,1570,7200,1.0,0,0,4,62,0,0.0,0,,none_recorded,Shoreline,98155
273,2014-05-07,ADDR_8c09bd63f3464fea,900000.0,5.0,3.75,4130,226076,2.0,0,0,3,29,1,0.2324455205811138,0,,none_recorded,Woodinville,98077
268,2014-05-07,ADDR_ed0226c5ddc2fb09,420000.0,3.0,2.25,1770,8165,2.0,0,0,3,37,0,0.0,0,10.0,valid_year,Kirkland,98034
308,2014-05-07,ADDR_a6de1cf88e1a436b,185000.0,4.0,1.0,1490,6600,1.0,0,0,3,45,0,0.0,0,4.0,valid_year,Burien,98168
291,2014-05-07,ADDR_6629f213f5522d10,100000.0,2.0,1.0,910,22000,1.0,0,0,3,58,0,0.0,0,13.0,valid_year,Algona,98001
238,2014-05-07,ADDR_a1ef7fc5dd60b3f8,249000.0,3.0,1.0,1110,8423,1.0,0,0,3,62,0,0.0,0,6.0,valid_year,Burien,98166
292,2014-05-07,ADDR_61a3e4c288d57356,540000.0,7.0,5.75,3700,7647,2.0,0,1,3,66,0,0.0,0,30.0,valid_year,Lake Forest Park,98155
250,2014-05-07,ADDR_2a7d194c44e48839,415000.0,4.0,3.0,1830,9548,2.0,0,0,3,23,0,0.0,0,,none_recorded,Bothell,98028
244,2014-05-07,ADDR_062b5f601a02e53d,248500.0,4.0,1.75,1720,10018,1.0,0,0,5,54,0,0.0,0,,none_recorded,Covington,98042
254,2014-05-07,ADDR_e0be1f21dc110806,420000.0,2.0,1.5,1040,3500,1.5,0,0,4,110,0,0.0,0,,none_recorded,Seattle,98144
271,2014-05-07,ADDR_8841c4f8e6379eea,492000.0,4.0,2.5,3305,16164,1.5,0,0,5,92,1,0.3207261724659607,0,58.0,valid_year,Shoreline,98133
230,2014-05-07,ADDR_3f4558d4e84712fb,519950.0,3.0,2.25,1170,1249,3.0,0,0,3,0,0,0.0,0,,none_recorded,Seattle,98107
282,2014-05-07,ADDR_8f0d827062b5a925,300000.0,2.0,1.0,760,3001,1.0,0,0,3,101,0,0.0,0,31.0,valid_year,Seattle,98144
289,2014-05-07,ADDR_f3e9a785a1fc58f5,314950.0,3.0,1.0,1040,16986,1.0,0,0,4,46,0,0.0,0,,none_recorded,Renton,98059
263,2014-05-07,ADDR_d2da6b25fe55ca03,651000.0,3.0,2.5,3240,108366,2.0,0,0,4,23,0,0.0,0,,none_recorded,Kent,98042
293,2014-05-07,ADDR_76c365085aad2faf,480500.0,4.0,2.5,2180,11200,1.0,0,0,4,46,0,0.0,0,,none_recorded,Woodinville,98072
276,2014-05-07,ADDR_765406fe98a77a1c,705000.0,4.0,2.5,2650,4316,1.5,0,0,3,109,1,0.42641509433962266,0,1.0,valid_year,Seattle,98116
303,2014-05-07,ADDR_851a2eb27d2bcdfe,409500.0,4.0,2.75,2140,13000,1.0,0,0,3,46,1,0.38317757009345793,0,17.0,valid_year,Kenmore,98028
239,2014-05-07,ADDR_0dc25002957b66c3,310000.0,3.0,1.75,1840,10723,1.0,0,0,4,40,1,0.33695652173913043,0,,none_recorded,Renton,98058
284,2014-05-07,ADDR_58b28dc359ae9ff1,339950.0,3.0,2.25,1630,12295,2.0,0,0,4,29,0,0.0,0,,none_recorded,Renton,98058
245,2014-05-07,ADDR_2557d086d776f654,310000.0,3.0,1.75,2070,37904,1.0,0,0,4,41,1,0.3140096618357488,0,,none_recorded,Kent,98031
259,2014-05-07,ADDR_351fda8604bc309d,230000.0,3.0,2.5,1920,9180,2.0,0,0,3,26,0,0.0,0,14.0,valid_year,Renton,98057
287,2014-05-07,ADDR_eb58e58dc84e0ed7,500000.0,3.0,2.5,1940,37565,1.0,0,0,4,27,0,0.0,0,,none_recorded,Issaquah,98027
237,2014-05-07,ADDR_04694de6b1ae5456,275000.0,3.0,2.5,1600,7000,2.0,0,0,4,21,0,0.0,0,,none_recorded,Maple Valley,98038
304,2014-05-07,ADDR_38e5ca7f8b1b04b8,690000.0,3.0,2.0,1760,6428,1.0,0,0,4,72,1,0.4431818181818182,0,32.0,valid_year,Seattle,98199
261,2014-05-07,ADDR_fe24328f9ba1f379,250000.0,1.0,1.0,1100,4373,1.0,0,0,2,67,1,0.2545454545454545,0,,none_recorded,Burien,98166
269,2014-05-07,ADDR_49000a781d22bf81,428000.0,2.0,2.0,1350,3900,1.0,0,0,3,11,0,0.0,0,,none_recorded,Redmond,98053
257,2014-05-07,ADDR_6f3098ab1a82d232,515000.0,3.0,1.75,1580,9147,1.0,0,1,4,47,1,0.23417721518987342,0,,none_recorded,Bellevue,98008
241,2014-05-07,ADDR_98ded173c4661a95,630000.0,3.0,2.5,2680,327135,2.0,0,0,3,19,0,0.0,0,,none_recorded,Ravensdale,98051
306,2014-05-07,ADDR_f732779a936e379c,375000.0,3.0,2.5,1830,13042,2.0,0,0,3,24,0,0.0,0,5.0,valid_year,Maple Valley,98038
235,2014-05-07,ADDR_3aac58d94021ba25,253000.0,3.0,1.75,1250,10122,1.0,0,0,3,20,0,0.0,0,,none_recorded,Black Diamond,98010
264,2014-05-07,ADDR_3337a74f17cf6023,600000.0,3.0,2.5,2460,108900,1.0,0,0,4,37,1,0.24390243902439024,0,,none_recorded,Issaquah,98027
234,2014-05-07,ADDR_d2ccecb36412fc0f,1150000.0,4.0,4.0,4460,103382,2.0,0,0,3,13,0,0.0,0,,none_recorded,Redmond,98053
301,2014-05-07,ADDR_e69edb1e0f33a6df,226500.0,3.0,1.75,1640,10762,1.0,0,0,3,26,1,0.31097560975609756,0,14.0,valid_year,Covington,98042
240,2014-05-07,ADDR_afccf222e4aa351d,750000.0,3.0,2.75,2520,5401,1.0,0,0,4,68,1,0.4603174603174603,0,25.0,valid_year,Seattle,98119
4366,2014-05-07,ADDR_b2b50a8722183ede,444845.0,3.0,2.5,1600,3573,2.0,0,0,3,1,0,0.0,0,,invalid_year,Renton,98056
252,2014-05-07,ADDR_ccea22a080a25d45,314500.0,3.0,1.75,1870,12381,1.0,0,0,4,57,0,0.0,0,13.0,valid_year,Federal Way,98003
313,2014-05-07,ADDR_99a361bc952fec33,495000.0,4.0,2.75,2656,21195,2.0,0,0,3,0,0,0.0,0,,none_recorded,Auburn,98001
300,2014-05-07,ADDR_ef9295a4f50415d6,209950.0,3.0,1.5,1380,11130,1.0,0,0,3,54,0,0.0,0,2.0,valid_year,Federal Way,98003
249,2014-05-07,ADDR_d7510d0ca12088cb,560000.0,3.0,3.0,4120,60392,2.0,0,2,3,20,1,0.22815533980582525,0,,none_recorded,Carnation,98014
307,2014-05-07,ADDR_69022800ced490b2,794154.0,4.0,2.0,2210,8556,1.0,0,1,4,60,1,0.45248868778280543,0,35.0,valid_year,Seattle,98199
278,2014-05-07,ADDR_725f30a673624868,313000.0,3.0,1.75,2190,8000,1.0,0,0,4,47,0,0.0,0,,none_recorded,Federal Way,98023
283,2014-05-07,ADDR_51446b38ad3b4f11,379500.0,2.0,1.0,1640,17335,1.0,0,0,3,36,1,0.4878048780487805,0,,none_recorded,Redmond,98053
265,2014-05-07,ADDR_d00d8d71e2445892,500000.0,2.0,1.0,1010,3885,1.5,0,0,4,108,0,0.0,0,24.0,valid_year,Seattle,98112
255,2014-05-07,ADDR_ae911d99c84b1543,535000.0,3.0,1.75,2720,149410,1.5,0,0,3,26,0,0.0,0,14.0,valid_year,Carnation,98014
286,2014-05-07,ADDR_fa17b09e0e582143,1340000.0,3.0,3.0,2960,5500,2.0,0,2,3,77,1,0.17567567567567569,0,24.0,valid_year,Seattle,98199
312,2014-05-07,ADDR_07d1f9befb12dedb,425000.0,2.0,2.5,1150,1027,3.0,0,0,3,6,0,0.0,0,,none_recorded,Seattle,98103
267,2014-05-07,ADDR_ed4b50a2c8edd519,352000.0,5.0,2.5,2420,8560,1.0,0,2,3,36,1,0.3305785123966942,0,,none_recorded,Seattle,98118
295,2014-05-07,ADDR_2d4b22708b1ecaa5,440000.0,3.0,1.75,1500,6180,1.0,0,0,4,67,1,0.29333333333333333,0,26.0,valid_year,Seattle,98118
248,2014-05-07,ADDR_25181180fff8187b,526000.0,2.0,2.0,1550,2400,1.5,0,0,4,114,0,0.0,0,43.0,valid_year,Seattle,98103
247,2014-05-07,ADDR_472b3dce87dbd4e8,675000.0,3.0,1.75,1680,10500,1.0,0,0,4,55,0,0.0,0,,none_recorded,Bellevue,98005
4367,2014-05-07,ADDR_43676de7c25a298d,330000.0,3.0,3.0,1680,1570,3.0,0,0,3,0,0,0.0,0,,none_recorded,Seattle,98103
258,2014-05-07,ADDR_be9e04e781b2a7cc,749950.0,4.0,2.75,2600,6050,2.0,0,0,5,65,1,0.24615384615384617,0,,none_recorded,Seattle,98116
281,2014-05-07,ADDR_2d08fb3b35a69241,485000.0,3.0,2.0,1610,4160,1.0,0,0,4,97,1,0.37267080745341613,0,,none_recorded,Seattle,98136
279,2014-05-07,ADDR_ed64ac3c67b91419,618080.0,3.0,2.5,2030,6500,2.0,0,0,3,26,0,0.0,0,14.0,valid_year,Issaquah,98027
266,2014-05-07,ADDR_fb81d1af9f60accd,475000.0,2.0,1.0,820,2723,1.0,0,0,3,93,0,0.0,0,14.0,valid_year,Seattle,98103
296,2014-05-07,ADDR_6c75eac58b5b98b1,530000.0,3.0,1.0,1340,4284,1.0,0,0,3,104,1,0.19402985074626866,0,8.0,valid_year,Seattle,98105
246,2014-05-07,ADDR_1fd09a064429c956,460000.0,3.0,2.0,1760,9055,2.0,0,0,4,29,0,0.0,0,,none_recorded,Redmond,98052
316,2014-05-07,ADDR_a878f102112b68b9,339950.0,2.0,1.0,820,681,3.0,0,0,3,8,0,0.0,0,,none_recorded,Seattle,98103
294,2014-05-07,ADDR_4438656b78686f67,280000.0,3.0,2.5,1600,4271,2.0,0,0,3,14,0,0.0,0,,none_recorded,Auburn,98001
298,2014-05-07,ADDR_883c6fecbc55bc4a,775000.0,3.0,2.0,2540,7200,1.5,0,3,4,109,1,0.3700787401574803,0,,none_recorded,Seattle,98144
260,2014-05-07,ADDR_04f15a7e2c53b52b,568000.0,3.0,2.0,2350,5080,1.5,0,0,3,85,1,0.2425531914893617,0,,none_recorded,Seattle,98118
232,2014-05-07,ADDR_4bb971ff1a1ca2dd,495000.0,3.0,1.0,990,6000,1.0,0,0,3,71,0,0.0,0,12.0,valid_year,Seattle,98105
4365,2014-05-07,ADDR_46342a109e3df4ab,500324.0,3.0,2.5,2280,2289,2.0,0,0,3,8,1,0.17543859649122806,0,,none_recorded,Issaquah,98027
290,2014-05-07,ADDR_0fe79aca0923ae0e,361280.0,2.0,1.0,820,6400,1.0,0,0,4,70,0,0.0,0,,none_recorded,Seattle,98126
305,2014-05-07,ADDR_df5249068b9adcb5,405000.0,3.0,2.25,1660,8307,1.0,0,0,4,53,0,0.0,0,13.0,valid_year,Shoreline,98133
251,2014-05-07,ADDR_b42ecf8ddce53da2,246000.0,3.0,1.0,1400,7410,1.0,0,0,3,70,0,0.0,0,,none_recorded,Burien,98166
270,2014-05-07,ADDR_e3f9136689af5132,599000.0,3.0,1.75,1960,4788,1.0,0,0,4,94,1,0.44387755102040816,0,,none_recorded,Seattle,98115
275,2014-05-07,ADDR_cbaa2161c25933ca,575000.0,4.0,2.0,1650,5000,1.0,0,0,3,59,0,0.0,0,9.0,valid_year,Seattle,98117
299,2014-05-07,ADDR_515d066aa6f10b2e,160000.0,2.0,1.0,1040,13100,1.0,0,0,5,102,0,0.0,0,,none_recorded,Kent,98032
314,2014-05-07,ADDR_00bc5b724180653b,365000.0,5.0,2.75,2410,5003,1.0,0,0,3,6,1,0.4149377593360996,0,,none_recorded,Seattle,98118
302,2014-05-07,ADDR_2b15b1756437e11d,380000.0,5.0,1.75,3000,6000,1.0,0,0,5,56,1,0.5,0,,none_recorded,Seattle,98178
242,2014-05-07,ADDR_c3ec7b12da01d64e,599999.0,9.0,4.5,3830,6988,2.5,0,0,3,76,1,0.360313315926893,0,11.0,valid_year,Seattle,98103
285,2014-05-07,ADDR_e1fa63fcfef3fab0,1500000.0,6.0,2.5,3560,6480,2.5,0,0,4,100,0,0.0,0,69.0,valid_year,Seattle,98112
236,2014-05-07,ADDR_7360a65940b83af5,503000.0,3.0,2.75,1540,6760,1.0,0,0,5,34,1,0.21428571428571427,0,,none_recorded,Kirkland,98034
256,2014-05-07,ADDR_4f219177084cacdf,350000.0,3.0,1.0,1010,9360,1.0,0,0,3,33,0,0.0,0,1.0,valid_year,Kirkland,98033
274,2014-05-07,ADDR_b46750e16739990e,1110000.0,4.0,1.5,2310,13300,1.0,0,0,3,64,1,0.18181818181818182,0,9.0,valid_year,Clyde Hill,98004
361,2014-05-08,ADDR_9330a4850533dbeb,868500.0,3.0,2.5,2920,3942,3.0,0,0,3,6,0,0.0,0,,none_recorded,Renton,98056
352,2014-05-08,ADDR_654d8b60c1ac31d4,716500.0,4.0,2.5,3290,6465,2.0,0,0,3,12,0,0.0,0,,none_recorded,Sammamish,98075
368,2014-05-08,ADDR_998fddaef3f9dd38,595000.0,3.0,2.5,1750,3354,2.0,0,0,4,23,0,0.0,0,,none_recorded,Kirkland,98033
341,2014-05-08,ADDR_31a4415b5b949532,246000.0,3.0,1.75,1390,7399,1.0,0,0,4,39,0,0.0,0,,none_recorded,Kent,98031
328,2014-05-08,ADDR_ef53da4b69181e47,402000.0,3.0,2.5,1960,8000,1.0,0,0,4,37,1,0.34183673469387754,0,,none_recorded,Kirkland,98034
365,2014-05-08,ADDR_efc423407c29a0d6,229000.0,3.0,2.5,1190,3000,2.0,0,0,3,12,0,0.0,0,,none_recorded,Tukwila,98178
364,2014-05-08,ADDR_46aeca1ced4add47,230000.0,3.0,1.75,950,6000,1.0,0,0,3,75,1,0.16842105263157894,0,45.0,valid_year,Seattle,98108
343,2014-05-08,ADDR_96dcc8b6f0888411,207000.0,3.0,1.0,1490,8995,1.0,0,0,4,60,0,0.0,0,35.0,valid_year,Seattle,98168
354,2014-05-08,ADDR_1aac06aa4987332f,405000.0,2.0,1.0,1020,8155,1.0,0,0,4,66,0,0.0,0,,none_recorded,Seattle,98177
363,2014-05-08,ADDR_adffa8fa6158cc7a,450000.0,3.0,2.0,1510,43560,1.0,0,0,3,60,0,0.0,0,9.0,valid_year,Woodinville,98077
345,2014-05-08,ADDR_3d86a6351cc151b8,489990.0,5.0,2.25,2440,20828,1.5,0,0,4,39,0,0.0,0,,none_recorded,Kent,98042
359,2014-05-08,ADDR_a402ff786aee7b39,535000.0,4.0,2.5,2280,65836,2.0,0,0,3,10,0,0.0,0,,invalid_year,Woodinville,98077
4348,2014-05-08,ADDR_a2a889b9f52da9ed,2110000.0,4.0,1.0,2100,9200,1.0,0,0,3,55,1,0.5,0,25.0,valid_year,Tukwila,98168
384,2014-05-08,ADDR_03f555969c1c4869,499000.0,2.0,1.5,1110,957,2.0,0,0,3,9,1,0.16216216216216217,0,,none_recorded,Seattle,98119
4372,2014-05-08,ADDR_944dd86cc41e3b2d,232333.33,3.0,2.25,2430,73151,1.0,0,0,3,40,0,0.0,0,,none_recorded,Renton,98059
348,2014-05-08,ADDR_33ec59ae6ab21765,385000.0,3.0,1.75,1890,9920,1.0,0,0,3,70,1,0.3492063492063492,0,,none_recorded,Seattle,98125
4368,2014-05-08,ADDR_99b8f64bdf2bd6b9,292285.71,3.0,1.75,1890,13860,1.0,0,0,5,48,0,0.0,0,,none_recorded,Kent,98042
333,2014-05-08,ADDR_c811f8073cbba5be,270000.0,4.0,2.5,1810,6509,2.0,0,0,3,20,0,0.0,0,,none_recorded,Kent,98042
337,2014-05-08,ADDR_577e1ac5429e6f80,325900.0,4.0,2.5,2320,6270,2.0,0,0,3,10,0,0.0,0,,invalid_year,Kent,98042
373,2014-05-08,ADDR_d48a74366e5e4dca,543200.0,6.0,2.25,2820,15600,1.5,0,2,5,74,1,0.30141843971631205,0,,none_recorded,Burien,98166
377,2014-05-08,ADDR_511464229e754809,424500.0,3.0,1.75,1460,7700,1.0,0,0,3,35,0,0.0,0,0.0,valid_year,Redmond,98052
326,2014-05-08,ADDR_032f9af7b8e0c575,753888.0,4.0,2.5,2660,5500,2.0,0,2,3,11,0,0.0,0,,none_recorded,Issaquah,98029
372,2014-05-08,ADDR_ccea145bffce3121,245000.0,3.0,1.5,1260,7964,1.0,0,0,4,59,0,0.0,0,5.0,valid_year,Des Moines,98148
371,2014-05-08,ADDR_ea5523bf1e9ca006,297950.0,3.0,2.0,1240,10800,1.0,0,0,3,47,0,0.0,0,4.0,valid_year,Renton,98058
366,2014-05-08,ADDR_5a5e62ebfa51bdf8,437000.0,3.0,1.75,1310,9282,1.0,0,0,4,38,0,0.0,0,22.0,valid_year,Redmond,98052
338,2014-05-08,ADDR_8259dc7b6ce44570,647500.0,4.0,1.75,2060,26036,1.0,0,0,4,67,1,0.4368932038834951,0,26.0,valid_year,Normandy Park,98166
351,2014-05-08,ADDR_9359de9cb45eeebf,358000.0,2.0,1.5,960,1808,2.0,0,0,3,21,0,0.0,0,,none_recorded,Seattle,98122
322,2014-05-08,ADDR_c45562f4a1f94a66,537500.0,4.0,2.5,2550,4630,2.0,0,0,3,9,0,0.0,0,,none_recorded,Sammamish,98075
346,2014-05-08,ADDR_8ba0bbb595ab0f8c,335000.0,3.0,1.5,2240,87625,1.5,0,0,2,34,1,0.3392857142857143,0,,none_recorded,Auburn,98092
347,2014-05-08,ADDR_ebb3078f5310da8a,295000.0,3.0,2.5,1920,7229,2.0,0,0,3,21,0,0.0,0,,none_recorded,Federal Way,98003
388,2014-05-08,ADDR_e4c948751faaa4bf,438000.0,2.0,1.0,980,1179,2.0,0,0,3,4,0,0.0,0,,none_recorded,Seattle,98119
385,2014-05-08,ADDR_93a26d39293c82e5,321950.0,2.0,1.25,860,1277,2.0,0,0,3,7,0,0.0,0,,none_recorded,Seattle,98144
369,2014-05-08,ADDR_4b123571d59645a3,660000.0,3.0,1.75,1320,5750,1.5,0,0,5,96,0,0.0,0,,none_recorded,Seattle,98116
4311,2014-05-08,ADDR_edb25318e326210f,589900.0,2.0,3.0,3160,66646,2.0,0,0,3,21,0,0.0,0,,none_recorded,Woodinville,98077
327,2014-05-08,ADDR_624fd74f34980e47,134000.0,2.0,1.5,980,5000,2.0,0,0,3,92,0,0.0,0,11.0,valid_year,Skykomish,98288
331,2014-05-08,ADDR_18c9f6d629c3895d,559950.0,2.0,2.0,1870,4950,1.0,0,0,3,8,0,0.0,0,,none_recorded,Redmond,98053
332,2014-05-08,ADDR_5139ef8ade8071c0,260000.0,4.0,1.5,2130,8800,1.0,0,0,3,52,1,0.4835680751173709,0,11.0,valid_year,Kent,98032
339,2014-05-08,ADDR_7953e8392d6eb797,1039000.0,4.0,1.0,3410,5000,2.0,0,0,5,104,1,0.35777126099706746,0,,none_recorded,Seattle,98144
358,2014-05-08,ADDR_c2d2138e71d4faf6,636000.0,2.0,1.75,1230,3600,1.5,0,0,5,89,0,0.0,0,,none_recorded,Seattle,98119
4342,2014-05-08,ADDR_8fdc1df16c1ff0ed,375000.0,6.0,2.25,3206,5793,2.0,0,0,3,2,0,0.0,0,,invalid_year,Kent,98032
334,2014-05-08,ADDR_7047a8aea02f66dd,295000.0,2.0,1.75,2200,89298,1.0,0,0,3,41,1,0.5,0,1.0,valid_year,Issaquah,98027
318,2014-05-08,ADDR_1e2bc6142c258b90,403000.0,3.0,2.75,2090,8354,2.0,0,0,3,2,0,0.0,0,,invalid_year,Duvall,98019
4369,2014-05-08,ADDR_076256747cbbcedb,160000.0,2.0,1.0,520,22334,1.0,0,0,2,63,0,0.0,0,,none_recorded,SeaTac,98168
336,2014-05-08,ADDR_d14f1fbaf224412e,266000.0,3.0,2.5,1940,8547,1.0,0,0,3,25,1,0.24742268041237114,0,,none_recorded,Kent,98030
317,2014-05-08,ADDR_efa7531a86da274f,615000.0,2.0,1.0,1540,6872,1.0,0,0,4,68,1,0.4675324675324675,0,25.0,valid_year,Seattle,98119
4373,2014-05-08,ADDR_3c2aec39c7a45c5b,237333.33,3.0,2.75,3010,1842,2.0,0,0,3,3,0,0.0,0,,none_recorded,Sammamish,98075
382,2014-05-08,ADDR_03aa03fbc782a7fe,988500.0,3.0,2.75,2015,16807,2.0,1,4,3,7,0,0.0,0,,none_recorded,Burien,98166
344,2014-05-08,ADDR_ab83a3db4eef50d8,780000.0,4.0,1.75,2480,9195,1.0,0,0,3,64,1,0.43951612903225806,0,9.0,valid_year,Bellevue,98004
320,2014-05-08,ADDR_3add7ed47c282fa5,258000.0,4.0,1.75,1730,8320,1.0,0,0,3,37,1,0.28901734104046245,0,10.0,valid_year,Federal Way,98023
378,2014-05-08,ADDR_9be08224c230c85a,230000.0,3.0,1.0,1390,16000,1.0,0,0,4,54,0,0.0,0,13.0,valid_year,Algona,98001
356,2014-05-08,ADDR_a65af54624dbc963,530000.0,3.0,1.75,1980,6760,1.0,0,0,4,41,0,0.0,0,,none_recorded,Bellevue,98008
370,2014-05-08,ADDR_055d912e06090682,347500.0,4.0,2.5,2460,7350,2.0,0,0,3,25,0,0.0,0,,none_recorded,Federal Way,98023
324,2014-05-08,ADDR_e3af18b1de516f82,712000.0,3.0,1.0,1250,4620,1.5,0,0,4,114,1,0.08,0,43.0,valid_year,Seattle,98103
367,2014-05-08,ADDR_153144a9f867e817,1307000.0,5.0,3.25,2800,3200,1.5,0,0,5,82,1,0.31785714285714284,0,12.0,valid_year,Seattle,98109
376,2014-05-08,ADDR_64b8993c2194b400,330000.0,2.0,2.0,1550,435600,1.5,0,0,2,42,0,0.0,0,,none_recorded,Snoqualmie,98065
383,2014-05-08,ADDR_0d23681676b0a9b1,500000.0,3.0,1.75,1410,1197,3.0,0,0,3,2,0,0.0,0,,invalid_year,Seattle,98103
335,2014-05-08,ADDR_029398c3fddcbe5f,719000.0,3.0,2.5,1690,4500,1.5,0,1,4,86,0,0.0,0,,none_recorded,Seattle,98116
350,2014-05-08,ADDR_6078523d2f8cdc47,235000.0,2.0,1.0,1270,3008,1.0,0,0,4,91,1,0.4881889763779528,0,,none_recorded,Seattle,98118
325,2014-05-08,ADDR_b73019c99f66c317,262000.0,4.0,2.5,2020,6236,2.0,0,0,3,12,0,0.0,0,,none_recorded,Algona,98001
4370,2014-05-08,ADDR_264c7acb8ecb213f,274333.33,3.0,2.25,1780,191228,2.0,0,2,3,26,0,0.0,0,14.0,valid_year,North Bend,98045
349,2014-05-08,ADDR_58ccbd5649039d73,350000.0,4.0,1.75,2250,13515,1.0,0,0,4,74,1,0.044444444444444446,0,13.0,valid_year,Kent,98030
379,2014-05-08,ADDR_bf1670eb2243494f,930000.0,3.0,3.25,2640,4080,2.0,0,0,3,102,1,0.30303030303030304,0,14.0,valid_year,Seattle,98105
380,2014-05-08,ADDR_39ab2632aee1ac9c,349000.0,3.0,1.75,1590,9620,1.0,0,0,3,26,0,0.0,0,14.0,valid_year,Renton,98059
323,2014-05-08,ADDR_132fd290f7645605,830000.0,5.0,3.0,3040,9601,1.0,0,0,5,46,1,0.3519736842105263,0,,none_recorded,Mercer Island,98040
321,2014-05-08,ADDR_cf8841152bffa082,533000.0,3.0,1.0,1670,4080,1.0,0,0,3,47,1,0.2994011976047904,0,3.0,valid_year,Seattle,98115
355,2014-05-08,ADDR_a3f2ebd94336f0de,538000.0,4.0,1.75,1840,9600,1.0,0,0,3,47,1,0.33695652173913043,0,3.0,valid_year,Redmond,98052
353,2014-05-08,ADDR_dbe3032cf51f114c,228000.0,4.0,1.75,2000,6120,1.0,0,0,3,49,1,0.45,0,21.0,valid_year,Seattle,98178
330,2014-05-08,ADDR_9c9127fb405d82fc,553650.0,2.0,2.5,1360,1349,2.0,0,0,3,17,1,0.22794117647058823,0,,none_recorded,Seattle,98112
4371,2014-05-08,ADDR_57e4afb73d553791,537500.0,4.0,3.0,2920,33976,1.0,0,3,5,50,1,0.5,0,,none_recorded,Bellevue,98008
340,2014-05-08,ADDR_3da55051f88b8101,569000.0,4.0,2.25,2250,41688,2.0,0,0,3,34,0,0.0,0,,none_recorded,Redmond,98053
319,2014-05-08,ADDR_43ca1762afa4fe46,980000.0,5.0,2.5,3160,11470,1.0,0,0,4,43,1,0.43670886075949367,0,,none_recorded,Mercer Island,98040
387,2014-05-08,ADDR_d3413895ca55d5d8,441750.0,2.0,1.5,1020,1060,3.0,0,0,3,6,0,0.0,0,,none_recorded,Seattle,98103
381,2014-05-08,ADDR_525d0a24cbf99126,835000.0,4.0,2.0,1910,6960,1.5,0,0,5,73,0,0.0,0,,none_recorded,Seattle,98103
386,2014-05-08,ADDR_151bc435c2a5b558,494000.0,3.0,2.5,2310,4729,2.0,0,0,3,3,0,0.0,0,,none_recorded,Kenmore,98028
362,2014-05-08,ADDR_bef713c22ccad807,530000.0,4.0,2.75,2280,2850,1.5,0,0,4,84,1,0.32456140350877194,0,,none_recorded,Seattle,98115
357,2014-05-08,ADDR_05f34e3af561492e,1750000.0,6.0,3.0,3510,5760,2.5,0,0,4,108,0,0.0,0,24.0,valid_year,Seattle,98112
342,2014-05-08,ADDR_80482f99c462dc76,515000.0,2.0,1.0,1060,4960,1.0,0,0,3,88,0,0.0,0,11.0,valid_year,Seattle,98103
329,2014-05-08,ADDR_39620741a4d5f841,205000.0,2.0,1.0,720,5040,1.0,0,0,3,59,0,0.0,0,9.0,valid_year,Seattle,98106
374,2014-05-08,ADDR_15f734665a140466,1250000.0,4.0,3.25,3820,24166,2.0,0,1,4,24,1,0.13350785340314136,0,,none_recorded,Mercer Island,98040
375,2014-05-08,ADDR_25b2b632752f34cd,413450.0,3.0,2.5,1540,1614,3.0,0,0,3,6,1,0.045454545454545456,0,,none_recorded,Seattle,98103
360,2014-05-08,ADDR_131681351296fc09,1500000.0,3.0,1.75,2430,12757,1.0,0,2,4,62,1,0.448559670781893,0,,none_recorded,Bellevue,98004
460,2014-05-09,ADDR_0d97dea309958db1,212000.0,2.0,1.5,1020,1525,2.0,0,0,3,10,0,0.0,0,,invalid_year,Seattle,98133
406,2014-05-09,ADDR_32b56a92e8b9f4d8,195000.0,2.0,1.0,720,18000,1.0,0,0,3,64,0,0.0,0,9.0,valid_year,Seattle,98178
452,2014-05-09,ADDR_4335f30cd3619db6,270000.0,3.0,2.0,1690,9583,1.0,0,0,4,45,0,0.0,0,,none_recorded,Renton,98059
442,2014-05-09,ADDR_0a849c97ae7b53fe,782000.0,4.0,2.5,2830,20345,2.0,0,0,3,35,1,0.3003533568904594,0,0.0,valid_year,Bellevue,98004
457,2014-05-09,ADDR_7d4bdb4981ba0f9b,320000.0,4.0,2.25,2310,7490,2.0,0,0,3,34,0,0.0,0,,none_recorded,Renton,98055
434,2014-05-09,ADDR_aaec275f9aa6f05e,325000.0,3.0,2.25,1352,1694,3.0,0,0,3,7,0,0.0,0,,none_recorded,Seattle,98125
403,2014-05-09,ADDR_009c2bbbe7e4eb86,255000.0,2.0,1.0,810,7980,1.0,0,0,1,86,0,0.0,0,,none_recorded,Seattle,98146
412,2014-05-09,ADDR_a0c62438109f3563,270000.0,3.0,1.5,1500,6337,1.0,0,0,5,61,0,0.0,0,,none_recorded,Seattle,98125
415,2014-05-09,ADDR_fb57da8de506c81b,1370000.0,4.0,2.75,3720,9450,1.0,0,4,5,52,1,0.4731182795698925,0,,none_recorded,Bellevue,98006
419,2014-05-09,ADDR_91200f1af8fcfd0d,1157200.0,4.0,4.25,5860,52889,2.0,0,0,4,18,1,0.1621160409556314,0,,none_recorded,Woodinville,98072
411,2014-05-09,ADDR_023dc5c177607bc3,303500.0,3.0,1.5,1060,10464,1.0,0,0,4,41,0,0.0,0,,none_recorded,Kirkland,98034
390,2014-05-09,ADDR_081bba17e6cbfa80,352000.0,3.0,2.25,1640,11050,1.0,0,0,4,42,0,0.0,0,,none_recorded,Renton,98059
423,2014-05-09,ADDR_ca665101db5227d4,580000.0,4.0,2.5,2840,6268,2.0,0,0,3,16,0,0.0,0,8.0,valid_year,Kenmore,98028
395,2014-05-09,ADDR_229826828a582e90,254000.0,3.0,2.5,1850,4597,2.0,0,0,3,11,0,0.0,0,,none_recorded,Covington,98042
455,2014-05-09,ADDR_d8752404b7977cfa,585000.0,4.0,3.25,2400,29252,2.0,0,0,4,32,0,0.0,0,3.0,valid_year,Woodinville,98072
425,2014-05-09,ADDR_70474d4dc891418d,742500.0,4.0,2.75,3100,3773,2.0,0,0,3,95,1,0.3548387096774194,0,18.0,valid_year,Seattle,98122
4374,2014-05-09,ADDR_f2cc53f010b440d8,346750.0,3.0,1.0,1620,30736,1.5,0,0,4,103,0,0.0,0,37.0,valid_year,Bellevue,98006
438,2014-05-09,ADDR_9521c79be104273b,330000.0,4.0,2.5,1940,3784,2.0,0,0,3,11,0,0.0,0,,none_recorded,Renton,98058
456,2014-05-09,ADDR_7b5ad024dd3f7315,445000.0,2.0,2.0,1150,6634,1.0,0,0,3,74,1,0.25217391304347825,0,18.0,valid_year,Seattle,98115
413,2014-05-09,ADDR_d5fa25c156852006,323000.0,4.0,2.75,1970,7213,1.0,0,0,3,37,1,0.40609137055837563,0,10.0,valid_year,Renton,98058
427,2014-05-09,ADDR_781be7972800e103,590000.0,4.0,2.25,2430,32496,1.0,0,0,3,21,0,0.0,0,,none_recorded,Woodinville,98077
437,2014-05-09,ADDR_5865b37fb40c8f87,360000.0,2.0,1.0,1420,81892,1.0,0,0,3,58,1,0.16901408450704225,0,13.0,valid_year,Renton,98055
4376,2014-05-09,ADDR_5d0121eb01ad5743,1020000.0,3.0,2.25,2950,78843,1.5,0,0,3,8,0,0.0,0,,none_recorded,Sammamish,98075
459,2014-05-09,ADDR_82e3e37c56b74dc0,557000.0,4.0,2.5,2840,4500,2.0,0,0,3,2,0,0.0,0,,invalid_year,Kenmore,98028
392,2014-05-09,ADDR_e8da0ec8b9a1b709,765000.0,4.0,2.75,2790,10819,2.0,0,0,3,18,0,0.0,0,,none_recorded,Issaquah,98027
389,2014-05-09,ADDR_cec84ac492ca3207,985000.0,4.0,2.25,4230,37769,2.0,0,0,3,25,0,0.0,0,,none_recorded,Woodinville,98077
397,2014-05-09,ADDR_a1117c9080cf2e53,610000.0,3.0,3.0,2480,45302,1.0,0,0,4,38,1,0.3467741935483871,0,22.0,valid_year,Woodinville,98077
408,2014-05-09,ADDR_245c334e068de890,387000.0,3.0,2.25,1445,1606,2.0,0,0,3,11,1,0.10034602076124567,0,,none_recorded,Issaquah,98027
444,2014-05-09,ADDR_22a7e42b948ab6a0,542500.0,4.0,2.5,2330,14289,2.0,0,0,4,36,0,0.0,0,14.0,valid_year,Bellevue,98007
451,2014-05-09,ADDR_cabde3a5e52d0def,225000.0,3.0,2.5,2000,9202,2.0,0,0,4,22,0,0.0,0,,none_recorded,Maple Valley,98038
428,2014-05-09,ADDR_59d8e29cc0ecff76,312000.0,4.0,2.25,1930,7452,1.0,0,0,3,30,1,0.25906735751295334,0,,none_recorded,Kent,98031
440,2014-05-09,ADDR_b997fe397bfb0f14,234950.0,3.0,1.0,1360,9948,1.0,0,0,3,37,0,0.0,0,10.0,valid_year,Black Diamond,98010
445,2014-05-09,ADDR_15a86740fe9869c2,851000.0,3.0,2.5,3560,107290,2.0,0,0,3,27,0,0.0,0,14.0,valid_year,Redmond,98053
404,2014-05-09,ADDR_e8b676eb59508c8e,445000.0,4.0,2.0,1650,6000,1.0,0,0,5,55,1,0.3939393939393939,0,,none_recorded,Seattle,98144
422,2014-05-09,ADDR_7f210400c89170a4,532000.0,5.0,3.0,3480,57499,1.0,0,0,4,38,1,0.3275862068965517,0,22.0,valid_year,Issaquah,98027
391,2014-05-09,ADDR_70054f9bee875a73,839900.0,4.0,3.5,3810,13592,1.0,0,1,3,1,1,0.32808398950131235,0,,invalid_year,Renton,98056
418,2014-05-09,ADDR_5139ef8ade8071c0,201500.0,3.0,1.0,1160,8320,1.0,0,0,4,55,0,0.0,0,,none_recorded,Kent,98032
458,2014-05-09,ADDR_ca38290e0e5243fb,769900.0,4.0,3.5,2730,3047,2.0,0,0,3,8,1,0.12087912087912088,0,,none_recorded,Seattle,98116
430,2014-05-09,ADDR_8ce0112817db5d8c,511555.0,3.0,2.0,1400,7293,1.0,0,0,4,51,0,0.0,0,,none_recorded,Bellevue,98008
443,2014-05-09,ADDR_10e9149278856eae,833000.0,4.0,2.75,3780,10308,2.0,0,0,3,15,0,0.0,0,,none_recorded,Sammamish,98075
446,2014-05-09,ADDR_b515e06552098323,325000.0,4.0,1.5,1470,70800,1.0,0,0,3,38,0,0.0,0,,none_recorded,Ravensdale,98051
449,2014-05-09,ADDR_7e34ed583585c101,465000.0,4.0,2.5,1930,9653,1.0,0,0,4,46,0,0.0,0,,none_recorded,Federal Way,98023
396,2014-05-09,ADDR_68da5fd13a51dc11,255000.0,2.0,1.0,960,28717,1.0,0,0,4,30,0,0.0,0,,none_recorded,Vashon,98070
398,2014-05-09,ADDR_7054a4dca2f18fc4,920000.0,4.0,3.0,3750,11025,2.0,0,0,3,38,0,0.0,0,,none_recorded,Sammamish,98074
432,2014-05-09,ADDR_b5c01da708948a52,290000.0,4.0,2.5,2000,13300,1.0,0,0,4,46,1,0.4,0,,none_recorded,Auburn,98001
447,2014-05-09,ADDR_0bf5f7265a58c7ea,415000.0,4.0,2.25,3060,48787,2.0,0,0,3,22,0,0.0,0,,none_recorded,Ravensdale,98051
394,2014-05-09,ADDR_ab2b20d069691704,224500.0,4.0,1.0,1430,8355,1.5,0,0,4,31,0,0.0,0,,none_recorded,Auburn,98092
417,2014-05-09,ADDR_e2ae8933a2a1ad00,260000.0,3.0,2.0,1920,8075,1.0,0,0,4,45,1,0.21354166666666666,0,,none_recorded,Federal Way,98023
462,2014-05-09,ADDR_1d8eaf06dc937e4b,800000.0,4.0,3.25,3540,159430,2.0,0,0,3,7,0,0.0,0,,none_recorded,Carnation,98014
450,2014-05-09,ADDR_59cbab193d2afe3e,336900.0,3.0,1.75,1780,120661,1.0,0,0,4,35,0,0.0,0,,none_recorded,Duvall,98019
399,2014-05-09,ADDR_9121eb836ee523a6,402500.0,4.0,2.5,2600,11951,2.0,0,0,3,26,0,0.0,0,14.0,valid_year,Federal Way,98023
426,2014-05-09,ADDR_5345c5084f453a70,260000.0,3.0,2.5,1420,14850,1.0,0,0,4,51,1,0.28169014084507044,0,,none_recorded,Kent,98032
416,2014-05-09,ADDR_102594208cfc1b0b,280000.0,4.0,2.0,2190,14439,1.0,0,0,4,37,1,0.4611872146118721,0,,none_recorded,Auburn,98001
433,2014-05-09,ADDR_3daa71dd699fa695,311100.0,4.0,2.25,2130,8078,1.0,0,0,4,37,1,0.352112676056338,0,,none_recorded,Renton,98055
401,2014-05-09,ADDR_682769ac4555e498,604000.0,4.0,2.5,2260,7753,2.0,0,0,3,25,0,0.0,0,,none_recorded,Issaquah,98029
4331,2014-05-09,ADDR_713fb4a29c0757b1,525000.0,3.0,2.5,2030,6970,2.0,0,0,4,23,0,0.0,0,,none_recorded,Issaquah,98029
435,2014-05-09,ADDR_afa331a81060a48b,491300.0,3.0,1.75,1750,11340,1.0,0,1,4,27,1,0.2571428571428571,0,,none_recorded,Sammamish,98074
424,2014-05-09,ADDR_1d3dc781391ab7fc,463000.0,2.0,1.0,1150,4400,1.0,0,0,4,109,0,0.0,0,,none_recorded,Seattle,98112
420,2014-05-09,ADDR_d7199f3a7bb5329b,536500.0,4.0,1.75,2000,4000,1.5,0,0,5,88,1,0.275,0,,none_recorded,Seattle,98126
402,2014-05-09,ADDR_ad200410ef13cff9,565000.0,4.0,2.25,2470,7447,2.0,0,0,3,30,0,0.0,0,,none_recorded,Lake Forest Park,98155
421,2014-05-09,ADDR_402a606c4a6698cd,248000.0,4.0,3.0,2163,5883,2.0,0,0,3,8,0,0.0,0,,none_recorded,Algona,98001
436,2014-05-09,ADDR_0f776fcd7c381eef,315000.0,5.0,1.75,2320,8100,1.0,0,0,4,58,1,0.5,0,,none_recorded,Burien,98166
441,2014-05-09,ADDR_3322a5b62c25e1dd,251000.0,3.0,1.75,1220,7250,1.0,0,0,3,52,0,0.0,0,11.0,valid_year,North Bend,98045
407,2014-05-09,ADDR_6e4ac080ccb06c1a,275000.0,3.0,1.5,1390,48257,1.0,0,0,3,92,0,0.0,0,1.0,valid_year,Fall City,98024
409,2014-05-09,ADDR_361663b41783c7ad,490000.0,2.0,1.0,1840,3300,1.5,0,0,4,104,1,0.3858695652173913,0,,none_recorded,Seattle,98107
400,2014-05-09,ADDR_386bacc5d376697b,280950.0,3.0,1.75,1390,8700,1.0,0,3,4,102,1,0.39568345323741005,0,25.0,valid_year,Renton,98057
393,2014-05-09,ADDR_1e9ff9bd9364c711,460000.0,4.0,1.75,1750,5500,1.5,0,0,5,88,1,0.4,0,,none_recorded,Seattle,98117
463,2014-05-09,ADDR_dccb5159046b8fca,2238888.0,5.0,6.5,7270,130017,2.0,0,0,3,4,1,0.11691884456671252,0,,none_recorded,Issaquah,98029
410,2014-05-09,ADDR_57a3f67dd457d657,505000.0,3.0,2.5,2100,5824,2.0,0,2,3,15,0,0.0,0,,none_recorded,Snoqualmie,98065
439,2014-05-09,ADDR_f047f513b4f6c5f7,481450.0,3.0,2.0,1410,4800,1.0,0,0,3,74,0,0.0,0,18.0,valid_year,Seattle,98117
448,2014-05-09,ADDR_afdac1d1ad15fa1b,252500.0,3.0,1.0,1030,6127,1.0,0,0,3,67,1,0.14563106796116504,0,2.0,valid_year,Seattle,98125
464,2014-05-09,ADDR_657d45300e161bee,324000.0,3.0,2.25,998,904,2.0,0,0,3,7,1,0.20040080160320642,0,,none_recorded,Seattle,98117
453,2014-05-09,ADDR_5980c25cbbaf2cbb,1702500.0,5.0,4.5,5190,23716,2.0,0,2,3,27,1,0.3468208092485549,0,14.0,valid_year,Mercer Island,98040
461,2014-05-09,ADDR_ea156336c8d1cb17,376000.0,3.0,2.0,1340,1384,3.0,0,0,3,6,0,0.0,0,,none_recorded,Seattle,98103
414,2014-05-09,ADDR_0a80a44177dda3ca,382000.0,3.0,3.25,1410,1253,3.0,0,0,3,9,0,0.0,0,,none_recorded,Seattle,98103
454,2014-05-09,ADDR_51b084d74f852c1c,536000.0,3.0,1.75,1300,5413,1.5,0,0,3,89,0,0.0,0,22.0,valid_year,Seattle,98115
429,2014-05-09,ADDR_c317da65b02b030d,566000.0,3.0,2.25,1660,10140,1.0,0,0,4,34,1,0.1746987951807229,0,,none_recorded,Redmond,98052
431,2014-05-09,ADDR_95eba01b0b0527a5,583000.0,4.0,2.5,2660,4000,2.0,0,0,3,13,0,0.0,0,,none_recorded,Redmond,98053
405,2014-05-09,ADDR_b140a95a0e7254f1,2400000.0,3.0,2.25,3000,11665,1.5,1,4,3,13,0,0.0,0,,none_recorded,Sammamish,98075
465,2014-05-10,ADDR_003cdbad66c094aa,549900.0,5.0,2.75,3060,7015,1.0,0,0,5,35,1,0.477124183006536,0,,none_recorded,Seattle,98146
469,2014-05-10,ADDR_951d8ed6858089b0,394950.0,3.0,2.5,1350,1250,3.0,0,0,3,8,1,0.05925925925925926,0,,none_recorded,Seattle,98136
467,2014-05-10,ADDR_84c12b16ec88074b,875000.0,4.0,2.0,2520,6000,1.0,0,0,3,93,1,0.4444444444444444,0,7.0,valid_year,Seattle,98103
468,2014-05-10,ADDR_252b1ea0626f7908,265000.0,4.0,1.0,1940,9533,1.0,0,0,3,52,1,0.44329896907216493,0,11.0,valid_year,Kent,98031
466,2014-05-10,ADDR_0afc2aed48170d62,320000.0,3.0,2.5,2130,6969,2.0,0,0,3,11,0,0.0,0,,none_recorded,Maple Valley,98038
471,2014-05-11,ADDR_98dac6af37615358,368000.0,3.0,2.5,1370,1350,2.0,0,0,3,7,1,0.26277372262773724,0,,none_recorded,Seattle,98136
470,2014-05-11,ADDR_55ec346e2e8d67ba,842500.0,4.0,2.5,2160,5298,2.5,0,0,4,112,0,0.0,0,,none_recorded,Seattle,98122
538,2014-05-12,ADDR_ff71d6c56d2babde,1264000.0,4.0,3.75,3490,9170,2.0,0,0,3,2,0,0.0,0,,invalid_year,Bellevue,98004
504,2014-05-12,ADDR_0484f060b418d8a2,330000.0,5.0,3.0,2100,7715,1.0,0,0,3,1,1,0.40476190476190477,0,,invalid_year,Burien,98168
476,2014-05-12,ADDR_69ed69ad742c2e39,490000.0,2.0,2.5,1230,1391,2.0,0,0,3,10,1,0.2926829268292683,0,,invalid_year,Seattle,98112
542,2014-05-12,ADDR_9b15715e4d4d5944,1033888.0,4.0,3.25,3270,5187,2.0,0,0,3,0,1,0.04892966360856269,0,,none_recorded,Redmond,98052
503,2014-05-12,ADDR_766bff78773a511e,751000.0,4.0,2.5,3110,6142,2.0,0,0,3,10,0,0.0,0,,invalid_year,Redmond,98052
516,2014-05-12,ADDR_d18aab4c5c4ba495,315275.0,3.0,1.75,1440,8040,1.0,0,0,3,63,1,0.3333333333333333,0,20.0,valid_year,Seattle,98125
505,2014-05-12,ADDR_7ea12eda047ff7e6,465000.0,3.0,1.5,2020,11358,1.0,0,0,4,58,1,0.41089108910891087,0,,none_recorded,Kirkland,98033
500,2014-05-12,ADDR_a0a53c8517591f50,522000.0,4.0,2.25,1800,8623,1.0,0,0,4,34,1,0.24444444444444444,0,,none_recorded,Kirkland,98033
483,2014-05-12,ADDR_e947767851e7e101,1575000.0,5.0,2.75,3650,20150,1.0,0,0,4,39,1,0.35342465753424657,0,,none_recorded,Bellevue,98004
524,2014-05-12,ADDR_09ccea4ca1055f5b,910000.0,3.0,2.0,2700,6120,1.0,0,0,4,52,1,0.5,0,,none_recorded,Seattle,98115
523,2014-05-12,ADDR_206c350a436f4ee6,192000.0,2.0,1.0,700,10540,1.0,0,0,3,61,0,0.0,0,,none_recorded,Normandy Park,98166
4380,2014-05-12,ADDR_38145da38f6dce34,268971.88,4.0,2.5,2380,7066,2.0,0,0,4,17,0,0.0,0,,none_recorded,Kent,98031
544,2014-05-12,ADDR_b4f4048266d83f85,1050000.0,4.0,3.75,3280,11000,2.0,0,0,3,6,1,0.2926829268292683,0,,none_recorded,Kirkland,98033
518,2014-05-12,ADDR_c372feb1e352407f,368000.0,3.0,1.0,1280,9898,1.0,0,0,3,46,0,0.0,0,17.0,valid_year,Woodinville,98072
528,2014-05-12,ADDR_c91671ada6013ee5,300000.0,2.0,1.75,1360,8100,1.0,0,0,3,39,1,0.36764705882352944,0,,none_recorded,Seattle,98177
4381,2014-05-12,ADDR_04b61f17c3115d56,642000.0,4.0,2.5,2550,10000,1.0,0,0,3,50,1,0.49411764705882355,0,14.0,valid_year,Bellevue,98007
4379,2014-05-12,ADDR_f5ebbc139d577b18,238750.0,3.0,1.0,1830,8209,1.0,0,0,3,72,0,0.0,0,15.0,valid_year,Kenmore,98028
501,2014-05-12,ADDR_ece3459723f7bcd3,770000.0,3.0,1.75,1720,5000,1.0,0,0,3,60,0,0.0,0,0.0,valid_year,Seattle,98122
532,2014-05-12,ADDR_c2e59b013df4c01d,211000.0,3.0,1.5,1350,7620,1.0,0,0,5,73,0,0.0,0,,none_recorded,Burien,98166
494,2014-05-12,ADDR_a67524d97951059a,225000.0,3.0,1.0,990,8012,1.0,0,0,4,48,0,0.0,0,,none_recorded,Renton,98058
487,2014-05-12,ADDR_6d0c1c90f2d5fc59,750000.0,4.0,2.5,2980,4930,2.0,0,0,3,14,1,0.030201342281879196,0,,none_recorded,Bellevue,98006
531,2014-05-12,ADDR_fe67e1f89fc0b575,746000.0,3.0,2.5,2620,8950,2.0,0,0,3,22,0,0.0,0,,none_recorded,Bellevue,98006
4378,2014-05-12,ADDR_c13bb3a4f5902a7f,254000.0,3.0,1.5,1770,17208,1.0,0,0,3,55,1,0.3446327683615819,0,25.0,valid_year,Bellevue,98006
477,2014-05-12,ADDR_f258a00cd1962c95,341000.0,3.0,1.5,1720,7119,1.5,0,0,4,62,0,0.0,0,,none_recorded,Shoreline,98155
540,2014-05-12,ADDR_fcb0fb94c9b7ea0f,369000.0,2.0,2.5,980,895,2.0,0,0,3,5,1,0.3163265306122449,0,,none_recorded,Seattle,98116
498,2014-05-12,ADDR_4954bdd6d98b9a27,335000.0,3.0,2.5,1940,4927,2.0,0,0,3,10,0,0.0,0,,invalid_year,Renton,98058
502,2014-05-12,ADDR_97480aaff2a04a9a,499950.0,3.0,1.0,980,6380,1.0,0,0,3,73,1,0.22448979591836735,0,20.0,valid_year,Seattle,98115
480,2014-05-12,ADDR_aad41c1199795c55,560000.0,3.0,2.0,2560,216777,1.0,0,0,3,28,0,0.0,0,,none_recorded,Auburn,98092
530,2014-05-12,ADDR_5253581a269d4ba3,110000.0,3.0,1.0,1250,53143,1.0,0,0,5,69,0,0.0,0,,none_recorded,Maple Valley,98038
513,2014-05-12,ADDR_ba17345e0c453f7e,339000.0,3.0,1.0,1080,8100,1.0,0,0,4,59,0,0.0,0,5.0,valid_year,Shoreline,98155
496,2014-05-12,ADDR_7be1a93be263bb0f,950000.0,5.0,3.0,4530,258746,1.5,0,0,4,11,1,0.293598233995585,0,,none_recorded,Woodinville,98077
495,2014-05-12,ADDR_247f5578515ff5c7,647000.0,4.0,2.5,3040,6887,2.0,0,0,3,15,0,0.0,0,,none_recorded,Sammamish,98074
491,2014-05-12,ADDR_27e3398ab0a48033,410000.0,3.0,2.25,2200,16921,2.0,0,0,3,27,0,0.0,0,14.0,valid_year,Maple Valley,98038
4382,2014-05-12,ADDR_df3847a33258b83a,571986.11,3.0,2.5,3720,11610,2.0,0,0,3,32,0,0.0,0,,none_recorded,Sammamish,98074
543,2014-05-12,ADDR_6f9e9a496ee19d70,383000.0,4.0,2.5,2160,6223,2.0,0,0,3,4,0,0.0,0,,none_recorded,Maple Valley,98038
536,2014-05-12,ADDR_392a8a2f3e54f6c4,615000.0,2.0,1.75,2040,28593,1.5,1,3,4,95,0,0.0,0,24.0,valid_year,Vashon,98070
489,2014-05-12,ADDR_06bde71878a03cdf,1315000.0,4.0,3.5,3460,3997,2.0,0,0,3,10,1,0.26011560693641617,0,,invalid_year,Seattle,98103
511,2014-05-12,ADDR_1c66313f95d094f4,265000.0,2.0,1.0,1290,2828,2.0,0,0,3,6,0,0.0,0,,none_recorded,Redmond,98053
514,2014-05-12,ADDR_c0e5dbb964da21a9,690000.0,4.0,2.5,2670,13463,2.0,0,0,4,25,0,0.0,0,,none_recorded,Issaquah,98029
497,2014-05-12,ADDR_33b5187a2ee6a65c,185000.0,3.0,1.5,1370,8470,1.0,0,0,4,53,0,0.0,0,13.0,valid_year,Auburn,98092
527,2014-05-12,ADDR_958153c690ac5709,840000.0,4.0,2.75,2600,2750,1.5,0,0,3,78,1,0.3769230769230769,0,,none_recorded,Seattle,98109
474,2014-05-12,ADDR_d2fe43adf27870ff,453246.0,3.0,2.5,2010,2287,2.0,0,0,3,0,1,0.30845771144278605,0,,none_recorded,Issaquah,98029
472,2014-05-12,ADDR_cbc15ce0ad514dee,1225000.0,4.0,4.5,5420,101930,1.0,0,0,3,13,1,0.2822878228782288,0,,none_recorded,Redmond,98053
508,2014-05-12,ADDR_3815ddf3a2df8828,302000.0,5.0,2.25,2180,7813,2.0,0,0,3,28,0,0.0,0,,none_recorded,Maple Valley,98038
4312,2014-05-12,ADDR_8238a8794cfc8c96,620000.0,3.0,1.5,1620,6630,1.0,0,0,3,60,1,0.20987654320987653,0,9.0,valid_year,Seattle,98117
520,2014-05-12,ADDR_91e2fa4cff713f98,156000.0,3.0,1.0,970,8580,1.0,0,0,3,55,0,0.0,0,25.0,valid_year,Federal Way,98003
482,2014-05-12,ADDR_dd118192e846d62e,255000.0,2.0,1.0,1220,2500,1.0,0,0,3,104,1,0.36885245901639346,0,8.0,valid_year,Seattle,98126
510,2014-05-12,ADDR_7ffdaca4cda6102c,201000.0,3.0,1.0,1460,9750,1.0,0,0,4,45,0,0.0,0,,none_recorded,Kent,98042
485,2014-05-12,ADDR_a929d59b9b281428,540000.0,4.0,2.25,2540,228254,1.0,0,0,3,24,1,0.42913385826771655,0,5.0,valid_year,Duvall,98019
537,2014-05-12,ADDR_f189c28553267da2,630000.0,4.0,2.0,1770,6000,2.0,0,0,5,103,0,0.0,0,33.0,valid_year,Seattle,98199
473,2014-05-12,ADDR_d931d275a6ba9ad9,885000.0,4.0,2.5,2830,5000,2.0,0,0,3,19,0,0.0,0,,none_recorded,Seattle,98105
479,2014-05-12,ADDR_474dfe4d2da322e6,1200000.0,3.0,1.75,1560,8078,1.5,1,4,4,86,0,0.0,0,,none_recorded,Mercer Island,98040
481,2014-05-12,ADDR_d541c3662e19d42c,900000.0,4.0,3.25,4700,38412,2.0,0,0,3,36,1,0.2723404255319149,0,,none_recorded,Bellevue,98005
517,2014-05-12,ADDR_4bf5099b5d2ebb79,505000.0,4.0,1.75,1940,4800,1.0,0,0,5,92,1,0.4690721649484536,0,58.0,valid_year,Seattle,98122
512,2014-05-12,ADDR_2450902099fda063,870300.0,4.0,2.5,2350,3150,1.5,0,0,4,104,1,0.28085106382978725,0,,none_recorded,Seattle,98103
486,2014-05-12,ADDR_b13d978d1cad087a,350000.0,2.0,1.0,910,4500,1.5,0,0,4,108,0,0.0,0,24.0,valid_year,Seattle,98118
484,2014-05-12,ADDR_77dd93036f9bf0b1,876650.0,3.0,3.25,2170,12508,1.5,0,0,5,86,1,0.23963133640552994,0,44.0,valid_year,Mercer Island,98040
499,2014-05-12,ADDR_559ce39a1f047070,210000.0,3.0,2.5,1040,2643,2.0,0,0,3,10,1,0.3076923076923077,0,,invalid_year,Seattle,98118
493,2014-05-12,ADDR_f0dd5d0e1731fe04,1015000.0,3.0,2.5,2920,34527,1.0,0,4,4,60,1,0.3835616438356164,0,31.0,valid_year,Seattle,98116
490,2014-05-12,ADDR_6e2de27f0710c3a3,372500.0,5.0,3.0,2480,10090,1.0,0,0,3,10,1,0.47580645161290325,0,,invalid_year,Seattle,98178
539,2014-05-12,ADDR_64cbbf7df5877f3f,301500.0,2.0,1.5,830,1333,2.0,0,0,3,9,0,0.0,0,,none_recorded,Seattle,98136
515,2014-05-12,ADDR_a843831f27dce548,788000.0,4.0,3.25,3680,5759,2.0,0,0,3,11,1,0.22826086956521738,0,,none_recorded,Issaquah,98027
509,2014-05-12,ADDR_23292ba3ffc6f85e,500000.0,2.0,2.25,1290,1334,3.0,0,0,3,7,0,0.0,0,,none_recorded,Seattle,98107
533,2014-05-12,ADDR_6ea2dbe1d4cdd8e9,675000.0,4.0,3.0,2400,3340,1.0,0,0,4,50,1,0.5,0,,none_recorded,Seattle,98107
525,2014-05-12,ADDR_5e965280dcd45c52,1300000.0,4.0,3.25,2330,9687,2.0,0,3,3,96,0,0.0,0,,none_recorded,Seattle,98112
541,2014-05-12,ADDR_970cb416d63e7c6f,635000.0,3.0,2.5,1570,1433,3.0,0,0,3,4,0,0.0,0,,none_recorded,Seattle,98103
492,2014-05-12,ADDR_c7c32f1988f36515,360000.0,4.0,2.0,1730,5500,1.0,0,0,5,71,1,0.4161849710982659,0,,none_recorded,Seattle,98106
522,2014-05-12,ADDR_5de9da9fd1c7cc74,420000.0,2.0,2.5,1480,1369,3.0,0,0,3,5,0,0.0,0,,none_recorded,Redmond,98052
506,2014-05-12,ADDR_6edcb079127e9020,850000.0,4.0,1.75,2350,11914,1.0,0,0,4,53,0,0.0,0,13.0,valid_year,Mercer Island,98040
535,2014-05-12,ADDR_9ab9c4771ebc59fb,1225000.0,4.0,2.25,3070,16028,1.0,0,3,3,38,1,0.39087947882736157,0,,none_recorded,Mercer Island,98040
475,2014-05-12,ADDR_f662096748e464c9,927000.0,4.0,2.75,3300,12090,2.0,0,0,3,61,0,0.0,0,,none_recorded,Clyde Hill,98004
507,2014-05-12,ADDR_22f3428bd84fc8b2,947500.0,4.0,2.25,3290,12329,1.5,0,0,4,46,0,0.0,0,,none_recorded,Mercer Island,98040
488,2014-05-12,ADDR_d26f6119325f003b,582000.0,4.0,1.75,2120,4650,1.0,0,1,3,63,1,0.4386792452830189,0,20.0,valid_year,Seattle,98117
529,2014-05-12,ADDR_ff0193a477e5ea3e,505000.0,4.0,2.5,2780,6369,1.0,0,0,3,36,1,0.42805755395683454,0,,none_recorded,Kirkland,98034
521,2014-05-12,ADDR_5296193092befe94,610000.0,4.0,3.0,2110,5000,1.5,0,2,4,84,1,0.22274881516587677,0,,none_recorded,Seattle,98136
478,2014-05-12,ADDR_e421d6eaa9a416ad,235000.0,1.0,1.0,810,2451,1.0,0,0,5,73,0,0.0,0,,none_recorded,Seattle,98126
534,2014-05-12,ADDR_9d2709742746e6e8,734200.0,4.0,2.5,2760,5000,1.5,0,0,5,86,1,0.391304347826087,0,44.0,valid_year,Seattle,98107
526,2014-05-12,ADDR_e3e65cdad6da1446,1346400.0,5.0,1.75,3380,20021,1.0,0,0,4,51,1,0.5,0,,none_recorded,Clyde Hill,98004
519,2014-05-12,ADDR_7c6d5031feff6b19,947500.0,3.0,2.75,2980,27144,1.5,1,2,5,97,1,0.2684563758389262,0,,none_recorded,Burien,98166
560,2014-05-13,ADDR_7c42764099a1379e,523000.0,3.0,1.5,1240,7735,1.0,0,0,4,57,0,0.0,0,13.0,valid_year,Bellevue,98008
563,2014-05-13,ADDR_7dc34bac95b63869,245000.0,5.0,1.75,2020,7902,1.0,0,0,3,52,1,0.39603960396039606,0,11.0,valid_year,Seattle,98168
580,2014-05-13,ADDR_0e762e84cbd22208,350000.0,3.0,2.5,2010,14298,2.0,0,0,3,37,0,0.0,0,10.0,valid_year,Vashon,98070
591,2014-05-13,ADDR_b082751a57eadb1b,675000.0,4.0,2.5,3000,5548,2.0,0,0,3,8,0,0.0,0,,none_recorded,Newcastle,98056
586,2014-05-13,ADDR_2d0718cfaea33f75,345000.0,3.0,1.75,1090,7200,1.0,0,0,3,46,0,0.0,0,17.0,valid_year,Kirkland,98034
585,2014-05-13,ADDR_564ada683aaec44d,225000.0,3.0,1.0,1040,6535,1.0,0,0,3,67,0,0.0,0,2.0,valid_year,Seattle,98168
620,2014-05-13,ADDR_c4cf86d1d041f871,525000.0,3.0,3.5,2876,5086,2.0,0,0,3,7,1,0.17941585535465926,0,,none_recorded,Woodinville,98072
587,2014-05-13,ADDR_cc021f65b01067f0,230000.0,2.0,0.75,650,5360,1.0,0,0,4,83,0,0.0,0,,none_recorded,Seattle,98133
566,2014-05-13,ADDR_16dab09799d8a6eb,225000.0,3.0,1.5,1250,7500,1.0,0,0,3,47,0,0.0,0,3.0,valid_year,Kent,98030
615,2014-05-13,ADDR_40314719f2777f9c,322500.0,3.0,2.0,1350,14200,1.0,0,0,3,25,0,0.0,0,,none_recorded,Duvall,98019
578,2014-05-13,ADDR_845f9234faef5998,464000.0,5.0,2.5,3400,8970,1.0,0,0,4,55,1,0.5,0,,none_recorded,Shoreline,98133
589,2014-05-13,ADDR_a2c6974692cc7abb,90000.0,2.0,1.0,790,2640,1.0,0,0,3,41,0,0.0,0,1.0,valid_year,Kirkland,98034
602,2014-05-13,ADDR_03eb938245535703,635000.0,4.0,1.75,1950,13320,1.0,0,0,4,45,1,0.29743589743589743,0,,none_recorded,Bellevue,98007
551,2014-05-13,ADDR_64146973d791b3b5,460000.0,3.0,2.25,2350,10450,1.0,0,0,3,37,1,0.4085106382978723,0,10.0,valid_year,Kenmore,98028
614,2014-05-13,ADDR_4c5d28cdbf05784a,319000.0,3.0,1.0,1390,12823,1.0,0,0,4,46,0,0.0,0,,none_recorded,Woodinville,98077
570,2014-05-13,ADDR_87276f5cc95a8afd,591000.0,3.0,1.75,1680,2400,1.0,0,0,5,92,1,0.48214285714285715,0,58.0,valid_year,Seattle,98122
605,2014-05-13,ADDR_e64ece8d9fb10e90,285000.0,3.0,1.0,1090,8640,1.0,0,0,4,41,0,0.0,0,,none_recorded,Burien,98166
603,2014-05-13,ADDR_27a13d997611482a,580000.0,5.0,2.0,2290,7125,1.0,0,0,3,50,1,0.48034934497816595,0,14.0,valid_year,Bellevue,98008
572,2014-05-13,ADDR_34fe34e00875909d,475000.0,4.0,2.5,3740,8700,1.0,0,0,3,10,1,0.39572192513368987,0,,invalid_year,Renton,98058
609,2014-05-13,ADDR_03bc1d42f86d42cc,405000.0,4.0,1.75,2180,13529,1.0,0,0,3,58,1,0.5,0,13.0,valid_year,Lake Forest Park,98155
577,2014-05-13,ADDR_7da149864a6dbb5d,645000.0,3.0,2.5,1740,13750,2.0,0,0,4,39,0,0.0,0,,none_recorded,Bellevue,98008
598,2014-05-13,ADDR_fb4669ebbaf775db,1105000.0,4.0,1.5,2740,4000,2.0,0,0,5,109,1,0.2956204379562044,0,,none_recorded,Seattle,98109
600,2014-05-13,ADDR_a7fae2ed83a38126,450000.0,3.0,2.25,2450,42180,1.0,0,0,4,36,0,0.0,0,14.0,valid_year,Covington,98042
574,2014-05-13,ADDR_684139fad9ab2296,771000.0,3.0,2.25,1780,6120,1.5,0,0,4,87,1,0.21910112359550563,0,,none_recorded,Seattle,98122
594,2014-05-13,ADDR_c9dd342f19a91e1f,370000.0,3.0,1.75,1650,8254,1.0,0,0,5,63,1,0.3575757575757576,0,,none_recorded,Shoreline,98155
549,2014-05-13,ADDR_9c124b8729071947,480000.0,5.0,4.75,3830,35000,1.0,0,0,3,38,1,0.44386422976501305,0,,none_recorded,Woodinville,98077
571,2014-05-13,ADDR_9cea2f68ee33dbf0,700000.0,3.0,2.5,2030,8398,2.0,0,0,4,39,0,0.0,0,,none_recorded,Bellevue,98008
545,2014-05-13,ADDR_7a7e9cd1d4429852,455000.0,4.0,2.5,3360,7685,2.0,0,0,3,13,0,0.0,0,,none_recorded,Renton,98058
558,2014-05-13,ADDR_74b176bcb685e21c,777000.0,3.0,3.25,3610,59677,2.0,0,0,3,11,1,0.32409972299168976,0,,none_recorded,Issaquah,98027
554,2014-05-13,ADDR_ed004e10a15b6b17,449500.0,3.0,2.0,1770,6610,1.0,0,0,4,60,1,0.4576271186440678,0,35.0,valid_year,Shoreline,98133
581,2014-05-13,ADDR_a74fee6c40cc445b,591000.0,4.0,2.25,2710,38180,2.0,0,0,4,37,0,0.0,0,,none_recorded,Woodinville,98077
550,2014-05-13,ADDR_6970e05d4319be44,757000.0,3.0,3.25,3190,5283,2.0,0,0,3,7,0,0.0,0,,none_recorded,Issaquah,98029
621,2014-05-13,ADDR_5b59fc30a32fd2ff,525000.0,3.0,2.5,1580,1161,2.0,0,0,3,6,1,0.36075949367088606,0,,none_recorded,Seattle,98112
606,2014-05-13,ADDR_07bedf5bf9cf7a0a,375000.0,3.0,1.0,1190,9486,1.0,0,0,4,61,0,0.0,0,31.0,valid_year,Normandy Park,98166
607,2014-05-13,ADDR_6479dda825115150,1400000.0,5.0,4.25,3530,7924,2.0,0,0,3,13,0,0.0,0,,none_recorded,Mercer Island,98040
599,2014-05-13,ADDR_5c68d06b496d5b61,450000.0,3.0,2.75,1250,892,2.0,0,0,3,4,1,0.168,0,,none_recorded,Seattle,98116
553,2014-05-13,ADDR_013f2d8178c5277d,530000.0,2.0,2.0,1680,4950,1.0,0,0,3,8,0,0.0,0,,none_recorded,Redmond,98053
559,2014-05-13,ADDR_d41c1b88efb5218c,550000.0,4.0,2.0,2250,7500,1.0,0,0,5,58,1,0.4666666666666667,0,,none_recorded,Bellevue,98005
548,2014-05-13,ADDR_2705e7d96a5456e5,651000.0,4.0,2.5,2740,7140,2.0,0,0,3,21,0,0.0,0,,none_recorded,Sammamish,98074
556,2014-05-13,ADDR_06aa7cfbd86b1580,373000.0,5.0,2.5,3001,5710,2.0,0,0,3,8,0,0.0,0,,none_recorded,Kent,98030
567,2014-05-13,ADDR_6b8040763e13acd7,287000.0,3.0,2.25,1490,9600,1.0,0,0,4,27,1,0.21476510067114093,0,,none_recorded,Duvall,98019
4385,2014-05-13,ADDR_87dd7368a5d0d47c,554250.0,3.0,2.5,1490,1709,3.0,0,0,3,10,0,0.0,0,,invalid_year,Seattle,98125
601,2014-05-13,ADDR_1e0e8543831f4423,530000.0,3.0,1.75,1690,8190,1.0,0,0,4,56,0,0.0,0,42.0,valid_year,Bellevue,98005
579,2014-05-13,ADDR_49fd2aa93f9c3ecb,1050000.0,4.0,3.25,4400,16625,2.0,0,0,3,11,0,0.0,0,,none_recorded,Sammamish,98075
596,2014-05-13,ADDR_58fb2ec9c3fa2557,675000.0,5.0,3.0,3410,9600,1.0,0,0,4,46,1,0.45161290322580644,0,,none_recorded,Redmond,98052
552,2014-05-13,ADDR_6686ba86117717b3,267345.0,4.0,2.25,2510,8165,1.0,0,0,4,42,1,0.35856573705179284,0,,none_recorded,Federal Way,98023
613,2014-05-13,ADDR_f69175539c61799e,225000.0,3.0,1.0,1660,7210,1.0,0,0,3,51,1,0.3373493975903614,0,6.0,valid_year,Auburn,98001
595,2014-05-13,ADDR_5a88492c8b38634e,665000.0,3.0,2.0,1940,5820,1.5,0,0,5,70,1,0.4072164948453608,0,,none_recorded,Seattle,98107
617,2014-05-13,ADDR_2967c8d224916920,465000.0,3.0,1.5,1270,5112,1.0,0,0,3,64,0,0.0,0,9.0,valid_year,Seattle,98115
569,2014-05-13,ADDR_be689b05ae88c0ec,239950.0,3.0,1.0,1900,33888,1.5,0,0,4,72,0,0.0,0,32.0,valid_year,Auburn,98001
590,2014-05-13,ADDR_886ed7e77defae9a,860000.0,4.0,2.5,3560,11119,1.0,0,2,3,28,1,0.35674157303370785,0,,none_recorded,Bellevue,98004
555,2014-05-13,ADDR_f613f170e375b9b5,289000.0,3.0,1.0,1090,7315,1.0,0,0,5,33,0,0.0,0,,none_recorded,Renton,98056
584,2014-05-13,ADDR_35aaa030497b44f5,225000.0,4.0,1.5,1950,12559,1.5,0,0,3,75,0,0.0,0,45.0,valid_year,SeaTac,98188
588,2014-05-13,ADDR_a020c13e7b30180d,385000.0,3.0,2.0,1480,6600,1.0,0,2,3,71,1,0.5,0,12.0,valid_year,Seattle,98146
610,2014-05-13,ADDR_d34af9f690ae799a,413000.0,4.0,1.0,1410,6000,1.0,0,0,3,89,1,0.425531914893617,0,12.0,valid_year,Seattle,98126
568,2014-05-13,ADDR_e589de8ca1438ea9,799200.0,6.0,3.0,2890,2370,2.5,0,0,3,108,1,0.20761245674740483,0,0.0,valid_year,Seattle,98102
611,2014-05-13,ADDR_6b38852605afa50d,287600.0,3.0,2.5,1950,8251,2.0,0,0,3,24,0,0.0,0,5.0,valid_year,Auburn,98001
582,2014-05-13,ADDR_c6f6500fc292cff6,2555000.0,4.0,2.5,5300,26211,2.0,1,2,2,91,1,0.13773584905660377,0,,none_recorded,Seattle,98105
575,2014-05-13,ADDR_20d5c27f16b39978,155000.0,2.0,1.0,910,6232,1.0,0,0,3,71,0,0.0,0,12.0,valid_year,Seattle,98118
592,2014-05-13,ADDR_fa7bea7cca2a62d4,975000.0,4.0,2.5,3490,7494,2.0,0,3,3,14,0,0.0,0,,none_recorded,Bellevue,98006
564,2014-05-13,ADDR_5134b37a25de05bc,415000.0,3.0,1.75,1960,5000,1.0,0,0,5,103,1,0.5,0,30.0,valid_year,Seattle,98108
547,2014-05-13,ADDR_727ad95ad58586af,625000.0,3.0,3.5,1810,1846,2.0,0,0,4,5,1,0.20441988950276244,0,,none_recorded,Seattle,98122
625,2014-05-13,ADDR_b608e7486c1bfb24,505000.0,4.0,2.5,2790,5602,2.0,0,0,3,5,0,0.0,0,,none_recorded,Renton,98059
573,2014-05-13,ADDR_a59544e7794d22cd,575000.0,3.0,1.75,1580,11750,1.0,0,0,4,63,1,0.25316455696202533,0,15.0,valid_year,Seattle,98118
597,2014-05-13,ADDR_d7140d98bc57bc57,620000.0,3.0,1.0,1710,4050,1.5,0,0,3,105,0,0.0,0,10.0,valid_year,Seattle,98103
624,2014-05-13,ADDR_5e42311167031c65,650000.0,4.0,2.5,2210,4861,2.0,0,0,3,1,0,0.0,0,,invalid_year,Seattle,98117
608,2014-05-13,ADDR_54dff28644dc49d9,560000.0,3.0,1.0,1440,5000,2.0,0,0,3,104,0,0.0,0,8.0,valid_year,Seattle,98103
626,2014-05-13,ADDR_4b524b15e91e97f6,330000.0,3.0,2.5,1450,5008,1.0,0,0,3,7,1,0.4206896551724138,0,,none_recorded,Seattle,98106
618,2014-05-13,ADDR_79ccacc36adbb002,435000.0,4.0,2.25,2140,6355,2.0,0,0,3,12,0,0.0,0,,none_recorded,Snoqualmie,98065
576,2014-05-13,ADDR_5259f006284bf157,550000.0,7.0,4.0,3440,8100,2.0,0,0,3,44,0,0.0,0,0.0,valid_year,Seattle,98103
583,2014-05-13,ADDR_f81cf931b8fd1f63,717000.0,3.0,1.5,1310,3880,1.0,0,0,3,58,1,0.16793893129770993,0,13.0,valid_year,Seattle,98117
557,2014-05-13,ADDR_281ed33de5a66c3f,525000.0,5.0,3.0,2450,4591,2.0,0,0,3,20,0,0.0,0,,none_recorded,Seattle,98117
562,2014-05-13,ADDR_4aa0312c507b5223,581000.0,4.0,1.75,2090,8164,1.0,0,0,4,51,1,0.4880382775119617,0,,none_recorded,Redmond,98052
619,2014-05-13,ADDR_5f383dd8d4612f7f,502000.0,4.0,2.5,2040,5616,2.0,0,0,3,2,0,0.0,0,,invalid_year,Kenmore,98028
616,2014-05-13,ADDR_65516293b33b9152,570000.0,3.0,2.0,1530,5401,1.0,0,0,4,77,0,0.0,0,,none_recorded,Seattle,98115
623,2014-05-13,ADDR_cad823e8348e1c08,870000.0,4.0,2.5,3520,6773,2.5,0,0,3,8,1,0.2471590909090909,0,,none_recorded,Seattle,98136
561,2014-05-13,ADDR_e786dfba8a902345,628000.0,4.0,2.0,2260,6000,1.0,0,0,3,56,1,0.3672566371681416,0,10.0,valid_year,Seattle,98115
546,2014-05-13,ADDR_eb53765a6dae76bb,819900.0,5.0,2.75,3150,7119,2.0,0,0,3,1,0,0.0,0,,invalid_year,Redmond,98052
604,2014-05-13,ADDR_0dbecc0302a71f28,1550000.0,5.0,3.25,3370,17458,1.0,0,2,5,32,1,0.4065281899109792,0,,none_recorded,Mercer Island,98040
593,2014-05-13,ADDR_113eaa80e541491b,780000.0,3.0,1.75,2340,10495,1.0,0,0,4,47,0,0.0,0,,none_recorded,Mercer Island,98040
565,2014-05-13,ADDR_84a77def370532e2,1895000.0,5.0,2.25,3120,16672,2.0,0,0,4,45,0,0.0,0,,none_recorded,Yarrow Point,98004
612,2014-05-13,ADDR_f12a00ea1bdf98dd,1680000.0,5.0,3.25,4860,23723,2.0,0,2,4,25,1,0.2139917695473251,0,,none_recorded,Mercer Island,98040
622,2014-05-13,ADDR_68e8ae137094e04a,660000.0,4.0,3.5,3400,5196,2.0,0,0,3,2,0,0.0,0,,invalid_year,Snoqualmie,98065
627,2014-05-14,ADDR_8e6a0b3966d69d20,385000.0,4.0,1.75,1620,4980,1.0,0,0,4,67,1,0.4691358024691358,0,26.0,valid_year,Seattle,98133
693,2014-05-14,ADDR_c424613c44974fed,1058000.0,4.0,2.0,2290,11137,1.0,0,0,4,59,0,0.0,0,5.0,valid_year,Bellevue,98004
686,2014-05-14,ADDR_1baed9c6a135afc8,234000.0,4.0,2.0,1630,9010,1.0,0,0,4,39,1,0.3558282208588957,0,,none_recorded,Auburn,98092
632,2014-05-14,ADDR_067894e90aa483d9,800000.0,3.0,1.0,1700,4400,1.5,0,0,4,108,0,0.0,0,24.0,valid_year,Seattle,98122
680,2014-05-14,ADDR_a32371a04a6430d3,543000.0,2.0,2.0,2370,217800,1.5,0,0,3,22,1,0.32489451476793246,0,,none_recorded,Issaquah,98027
642,2014-05-14,ADDR_7f5431b8d0273f45,265000.0,3.0,2.0,1570,5706,1.0,0,0,3,16,0,0.0,0,8.0,valid_year,Auburn,98092
658,2014-05-14,ADDR_5a155b51f20cb419,325000.0,3.0,2.5,2220,6049,2.0,0,0,4,24,0,0.0,0,,none_recorded,Kent,98031
699,2014-05-14,ADDR_e40ab7724b6ed952,498000.0,4.0,2.75,2270,7375,1.0,0,0,4,41,1,0.43171806167400884,0,,none_recorded,Kirkland,98034
654,2014-05-14,ADDR_c20a5418095ea293,565000.0,4.0,2.5,2240,14667,2.0,0,0,4,25,0,0.0,0,,none_recorded,Newcastle,98059
687,2014-05-14,ADDR_7b779d572d8d095b,740000.0,4.0,2.5,3430,10157,2.0,0,0,3,14,0,0.0,0,,none_recorded,Kirkland,98034
670,2014-05-14,ADDR_003d9869a0484157,299000.0,2.0,1.75,1250,34395,1.0,0,0,4,64,0,0.0,0,31.0,valid_year,Federal Way,98003
676,2014-05-14,ADDR_e8931a2903c7af45,1120000.0,4.0,2.25,4470,60373,2.0,0,0,3,26,0,0.0,0,14.0,valid_year,Woodinville,98072
679,2014-05-14,ADDR_11d86fb2a2e193c0,305495.0,3.0,1.75,2110,10200,2.0,0,0,4,48,0,0.0,0,,none_recorded,Renton,98059
636,2014-05-14,ADDR_f6f7d3fe9be4597c,345000.0,3.0,2.25,2120,15003,2.0,0,0,3,30,0,0.0,0,,none_recorded,Renton,98059
667,2014-05-14,ADDR_abf43534fc24bf9a,930000.0,3.0,2.5,3100,20553,1.0,0,0,3,60,0,0.0,0,9.0,valid_year,Shoreline,98177
704,2014-05-14,ADDR_ec63df1d2dba9ade,773000.0,3.0,2.75,2470,3600,2.0,0,0,3,7,0,0.0,0,,none_recorded,Issaquah,98029
671,2014-05-14,ADDR_cd76548e1c4343fb,511000.0,3.0,2.5,1820,4883,2.0,0,0,3,9,0,0.0,0,,none_recorded,Kenmore,98028
659,2014-05-14,ADDR_d1ce6e53b0d6cdac,543000.0,3.0,2.5,2090,7640,1.0,0,0,3,52,1,0.3492822966507177,0,0.0,valid_year,Shoreline,98133
674,2014-05-14,ADDR_fbc631b4b7f1d9c4,470000.0,4.0,2.5,2310,14023,2.0,0,0,3,23,0,0.0,0,,none_recorded,Duvall,98019
673,2014-05-14,ADDR_bd450bc4b6b68eac,356000.0,3.0,3.5,2100,12384,2.0,0,0,3,34,0,0.0,0,,none_recorded,Tukwila,98168
663,2014-05-14,ADDR_309b1c51c3f09e58,316000.0,4.0,2.5,2010,7226,2.0,0,0,3,19,0,0.0,0,,none_recorded,Auburn,98092
4350,2014-05-14,ADDR_ff121e5ed25dbabb,188000.0,4.0,2.75,3260,19542,1.0,0,0,4,46,1,0.3343558282208589,0,,none_recorded,Medina,98039
656,2014-05-14,ADDR_f709c85e477ee3cd,766950.0,3.0,2.5,3030,30007,1.5,0,0,4,22,0,0.0,0,,none_recorded,Woodinville,98077
695,2014-05-14,ADDR_3af81e06d1220950,625000.0,4.0,2.75,1680,11180,1.0,0,0,4,48,0,0.0,0,,none_recorded,Redmond,98052
689,2014-05-14,ADDR_f354878789a6368a,223000.0,3.0,1.75,1340,7473,1.0,0,0,4,41,0,0.0,0,,none_recorded,Auburn,98002
661,2014-05-14,ADDR_1c2db7580a3f2302,364000.0,4.0,1.75,2010,8625,1.0,0,0,4,57,1,0.3333333333333333,0,13.0,valid_year,Shoreline,98133
685,2014-05-14,ADDR_f098fd1cd4ea53d7,267800.0,2.0,1.0,700,6000,1.0,0,0,4,65,0,0.0,0,29.0,valid_year,Shoreline,98155
664,2014-05-14,ADDR_ee4f519707d14674,339950.0,3.0,1.0,1050,5402,1.5,0,0,4,108,0,0.0,0,24.0,valid_year,Seattle,98144
649,2014-05-14,ADDR_899cac2fcff642b3,310000.0,3.0,1.0,1050,9876,1.0,0,0,3,61,0,0.0,0,,none_recorded,Kenmore,98028
683,2014-05-14,ADDR_98edc3d69b040354,310000.0,3.0,1.0,1480,7830,1.0,0,0,3,62,0,0.0,0,6.0,valid_year,Shoreline,98133
641,2014-05-14,ADDR_db487306736fa5e9,257200.0,3.0,2.0,1850,8250,1.0,0,0,4,62,1,0.3783783783783784,0,,none_recorded,Auburn,98002
677,2014-05-14,ADDR_876363fe823f6a2e,458000.0,3.0,1.0,1660,7500,1.0,0,0,4,74,1,0.3614457831325301,0,13.0,valid_year,Seattle,98125
678,2014-05-14,ADDR_114528f78e7fadb8,966000.0,5.0,4.5,3810,8019,2.0,0,0,3,6,0,0.0,0,,none_recorded,Sammamish,98075
653,2014-05-14,ADDR_2153fa8d94914019,702500.0,3.0,1.5,2360,6750,2.0,0,0,5,88,1,0.18220338983050846,0,,none_recorded,Seattle,98103
652,2014-05-14,ADDR_26b00b3b5298ad2d,317000.0,3.0,2.5,1840,5011,2.0,0,0,3,2,0,0.0,0,,invalid_year,Maple Valley,98038
655,2014-05-14,ADDR_aaa26b0d8f9384c9,723000.0,4.0,2.5,2700,4004,2.0,0,0,3,10,0,0.0,0,,invalid_year,Issaquah,98029
4388,2014-05-14,ADDR_30e6ea8c1d825f57,107500.0,4.0,1.5,1590,131551,1.0,0,3,4,48,0,0.0,0,,none_recorded,Enumclaw,98022
692,2014-05-14,ADDR_8255f2e1973be711,253000.0,4.0,2.5,2230,4541,2.0,0,0,3,8,0,0.0,0,,none_recorded,Covington,98042
648,2014-05-14,ADDR_d2fe43adf27870ff,372977.0,3.0,2.5,1690,1618,2.0,0,0,3,0,1,0.31952662721893493,0,,none_recorded,Issaquah,98029
694,2014-05-14,ADDR_1ccc7d91b8ab75bb,300000.0,3.0,1.0,1260,8280,1.0,0,0,3,68,0,0.0,0,,none_recorded,Seattle,98115
682,2014-05-14,ADDR_206d9add0d0214ae,633100.0,4.0,2.5,2470,33305,2.0,0,0,3,21,0,0.0,0,,none_recorded,Redmond,98053
696,2014-05-14,ADDR_2514ee1001359815,707000.0,4.0,3.25,3200,7081,2.0,0,0,3,10,0,0.0,0,,invalid_year,Sammamish,98075
640,2014-05-14,ADDR_470ebf683b7daf31,266000.0,3.0,2.5,1780,7214,1.0,0,0,4,28,1,0.21348314606741572,0,,none_recorded,Kent,98030
666,2014-05-14,ADDR_5428b1ee39199444,160000.0,3.0,1.0,860,11900,1.0,0,0,4,51,0,0.0,0,,none_recorded,Kent,98030
635,2014-05-14,ADDR_955e7da3fe246ac2,740000.0,5.0,5.0,5774,31675,1.0,0,2,3,30,1,0.22237616903359889,0,,none_recorded,Federal Way,98003
647,2014-05-14,ADDR_c2e3e3816d3671b9,405100.0,2.0,1.0,840,3522,1.0,0,0,3,67,0,0.0,0,2.0,valid_year,Seattle,98199
672,2014-05-14,ADDR_0e2ec4781e39045a,499000.0,3.0,2.0,2090,42689,1.5,0,0,3,55,0,0.0,0,16.0,valid_year,Ravensdale,98051
688,2014-05-14,ADDR_ce7d57f38efffe01,607500.0,5.0,1.75,2220,6000,1.5,0,0,3,91,1,0.36036036036036034,0,16.0,valid_year,Seattle,98199
651,2014-05-14,ADDR_9bcc2543129a0b4c,1400000.0,3.0,2.5,2550,7200,2.0,0,2,3,33,0,0.0,0,1.0,valid_year,Seattle,98144
657,2014-05-14,ADDR_f8a44abf88acc287,682000.0,3.0,1.75,1830,5120,1.5,0,2,5,111,0,0.0,0,,none_recorded,Seattle,98122
675,2014-05-14,ADDR_366f1bd6e0a3d640,715000.0,4.0,2.25,2060,5649,1.0,0,0,5,73,1,0.33980582524271846,0,,none_recorded,Seattle,98199
668,2014-05-14,ADDR_eedd54216807a194,139000.0,3.0,1.0,1100,17334,1.0,0,0,3,36,0,0.0,0,,none_recorded,Auburn,98001
630,2014-05-14,ADDR_1f5ed12b9a77ba0b,925000.0,4.0,2.5,2190,7350,2.5,0,0,5,56,0,0.0,0,,none_recorded,Mercer Island,98040
628,2014-05-14,ADDR_fb6c146c41212d53,306000.0,3.0,1.5,1220,1086,3.0,0,0,3,7,0,0.0,0,,none_recorded,Seattle,98133
700,2014-05-14,ADDR_594eb487a52c14e1,450000.0,3.0,2.5,2910,17172,2.0,0,0,3,25,0,0.0,0,,none_recorded,Federal Way,98003
684,2014-05-14,ADDR_ddadaf7df0688da2,349950.0,5.0,3.0,2257,10117,1.0,0,0,3,9,1,0.3961010190518387,0,,none_recorded,SeaTac,98188
631,2014-05-14,ADDR_52144fdef6611928,542000.0,4.0,1.75,1900,8250,1.0,0,0,4,59,1,0.5,0,5.0,valid_year,Bellevue,98006
702,2014-05-14,ADDR_8b9810eb4c036148,215000.0,2.0,1.0,1240,7200,1.0,0,0,3,47,0,0.0,0,3.0,valid_year,Tukwila,98168
638,2014-05-14,ADDR_2283d15cbd075349,530000.0,4.0,2.75,2450,15002,1.0,0,0,5,40,0,0.0,0,,none_recorded,Normandy Park,98166
645,2014-05-14,ADDR_a4f8ded2abdd5668,582500.0,2.0,1.5,1159,4800,1.0,0,0,3,66,0,0.0,0,20.0,valid_year,Seattle,98199
705,2014-05-14,ADDR_b4e8b7bdf54e9e2f,1222500.0,4.0,3.5,4910,9444,1.5,0,0,3,7,1,0.3665987780040733,0,,none_recorded,Sammamish,98074
643,2014-05-14,ADDR_23b76a3e9c4e2820,372220.0,3.0,1.0,1290,5500,1.0,0,0,3,63,1,0.24031007751937986,0,20.0,valid_year,Seattle,98136
698,2014-05-14,ADDR_b3dec84d9263492f,420000.0,4.0,2.5,3040,24123,2.0,0,0,3,15,0,0.0,0,,none_recorded,Auburn,98092
639,2014-05-14,ADDR_eb42c5cf8bbcaa67,155000.0,2.0,1.0,700,5200,1.0,0,0,5,62,0,0.0,0,16.0,valid_year,Renton,98056
681,2014-05-14,ADDR_8eaa9c2893d2a513,340000.0,3.0,2.25,1970,3716,2.0,0,0,3,17,0,0.0,0,,none_recorded,Renton,98056
665,2014-05-14,ADDR_b57caeb47dbec4f3,486000.0,4.0,2.5,2150,39449,1.0,0,0,3,36,1,0.3395348837209302,0,,none_recorded,Fall City,98024
697,2014-05-14,ADDR_8c29f05777d8f2cf,950000.0,4.0,2.5,3320,7644,2.0,0,0,3,19,0,0.0,0,,none_recorded,Bellevue,98006
644,2014-05-14,ADDR_6ea53ba2ded73be8,337500.0,5.0,2.0,1700,7314,1.0,0,0,3,58,1,0.4117647058823529,0,13.0,valid_year,Seattle,98108
691,2014-05-14,ADDR_390be99b532d87bc,802000.0,3.0,2.5,2580,13096,2.0,0,0,3,28,0,0.0,0,,none_recorded,Redmond,98052
690,2014-05-14,ADDR_7597218aeac1a4c2,400000.0,2.0,1.0,980,2130,1.0,0,0,4,96,1,0.12244897959183673,0,40.0,valid_year,Seattle,98117
650,2014-05-14,ADDR_3f7a389452cf5cc9,538000.0,3.0,1.75,1400,3825,1.5,0,0,4,110,1,0.21428571428571427,0,,none_recorded,Seattle,98117
637,2014-05-14,ADDR_d1b8d81737365dad,510000.0,3.0,1.75,2170,26460,1.0,0,0,3,28,1,0.3317972350230415,0,,none_recorded,Sammamish,98074
660,2014-05-14,ADDR_8f26fe36fba27b80,525000.0,3.0,1.75,1600,6120,1.5,0,0,3,90,0,0.0,0,3.0,valid_year,Seattle,98115
633,2014-05-14,ADDR_8b7c3011ce86691c,620000.0,5.0,2.5,2540,3832,2.0,0,0,5,85,1,0.30708661417322836,0,,none_recorded,Seattle,98117
701,2014-05-14,ADDR_6ad0f8af3075cdf2,955000.0,5.0,2.25,2510,9887,2.0,0,0,3,42,0,0.0,0,12.0,valid_year,Mercer Island,98040
629,2014-05-14,ADDR_f80a467e4be69d26,546000.0,3.0,1.75,2000,5000,1.0,0,0,4,93,1,0.445,0,,none_recorded,Seattle,98117
703,2014-05-14,ADDR_66516517a58c1dff,437000.0,3.0,2.75,2580,5200,2.0,0,0,3,6,0,0.0,0,,none_recorded,Renton,98059
646,2014-05-14,ADDR_5650d7599062a079,489200.0,3.0,2.75,1850,9600,1.5,0,0,5,49,0,0.0,0,,none_recorded,Kirkland,98034
662,2014-05-14,ADDR_98ccd4ac7ef0e334,394475.0,2.0,1.0,830,4000,1.0,0,0,3,59,0,0.0,0,9.0,valid_year,Seattle,98117
669,2014-05-14,ADDR_177ff5f5654e62aa,562000.0,3.0,1.5,1830,8000,1.0,0,0,4,57,0,0.0,0,13.0,valid_year,Bellevue,98008
634,2014-05-14,ADDR_9ac6562d5c609de0,175000.0,2.0,1.0,1170,8925,1.0,0,2,3,103,0,0.0,0,35.0,valid_year,Des Moines,98198
714,2014-05-15,ADDR_769cf7ede902d665,302000.0,4.0,1.75,2020,7865,1.0,0,0,4,51,1,0.5,0,,none_recorded,Renton,98059
4393,2014-05-15,ADDR_d386c4169f8ec336,148612.5,3.0,1.0,1040,5000,1.0,0,0,3,55,0,0.0,0,25.0,valid_year,Seattle,98146
764,2014-05-15,ADDR_88d5589f30b82eae,423000.0,4.0,1.75,1880,7303,1.0,0,0,3,38,1,0.4627659574468085,0,,none_recorded,Kirkland,98034
4389,2014-05-15,ADDR_6e6e6bd6fd8cf8cf,300000.0,3.0,2.0,1510,7066,1.0,0,2,3,41,1,0.18543046357615894,0,1.0,valid_year,Seattle,98125
765,2014-05-15,ADDR_ee66429b84a27693,839000.0,3.0,1.0,1230,12305,1.0,0,0,3,59,0,0.0,0,24.0,valid_year,Bellevue,98004
736,2014-05-15,ADDR_351d492071b07949,575000.0,2.0,1.0,1490,6000,1.0,0,0,3,68,1,0.2684563758389262,0,,none_recorded,Seattle,98112
730,2014-05-15,ADDR_453c9214728d82aa,316500.0,4.0,2.5,2150,6807,2.0,0,0,4,23,0,0.0,0,,none_recorded,Kent,98031
720,2014-05-15,ADDR_e6244ea34545e3d6,349950.0,3.0,1.0,1400,7066,1.0,0,0,3,57,0,0.0,0,14.0,valid_year,Seattle,98125
744,2014-05-15,ADDR_9f93cd5d47faa501,475000.0,7.0,3.5,2870,29699,1.0,0,0,3,53,1,0.47038327526132406,0,10.0,valid_year,Seattle,98125
767,2014-05-15,ADDR_9ee5b624326a375d,467000.0,3.0,1.0,1660,6582,1.0,0,0,5,68,1,0.39759036144578314,0,,none_recorded,Seattle,98133
713,2014-05-15,ADDR_a60eccdbf8cdf169,245000.0,3.0,1.75,1490,6930,1.0,0,0,4,24,0,0.0,0,,none_recorded,Kent,98030
711,2014-05-15,ADDR_84aed66170455ffa,185000.0,3.0,1.0,1150,8100,1.0,0,0,3,82,0,0.0,0,,none_recorded,Seattle,98168
770,2014-05-15,ADDR_539ac58a597f2c03,465000.0,3.0,1.75,1410,6886,1.0,0,0,3,90,0,0.0,0,1.0,valid_year,Seattle,98133
776,2014-05-15,ADDR_5858225d0d3cb45c,344000.0,3.0,2.5,1232,1130,3.0,0,0,3,7,0,0.0,0,,none_recorded,Seattle,98125
752,2014-05-15,ADDR_6a1cf763e3a4df0a,525000.0,3.0,2.5,2700,7434,2.0,0,0,3,23,0,0.0,0,,none_recorded,Woodinville,98072
709,2014-05-15,ADDR_7cfa74e948a96a0c,370000.0,4.0,2.5,2710,5880,2.0,0,0,3,16,0,0.0,0,8.0,valid_year,Auburn,98092
708,2014-05-15,ADDR_b0e8d6cc4371d0f2,252350.0,3.0,2.0,1650,7352,1.0,0,0,3,35,1,0.296969696969697,0,0.0,valid_year,Renton,98058
749,2014-05-15,ADDR_082112992fa4892a,695000.0,3.0,2.5,4560,17622,2.0,0,0,4,28,1,0.16666666666666666,0,,none_recorded,Sammamish,98074
734,2014-05-15,ADDR_7655906b7440d5c4,280000.0,3.0,1.0,1330,20562,1.5,0,0,3,55,0,0.0,0,25.0,valid_year,North Bend,98045
727,2014-05-15,ADDR_f018f9fbac65dd8c,395300.0,3.0,1.5,1120,7000,1.0,0,0,3,59,0,0.0,0,9.0,valid_year,Bellevue,98007
754,2014-05-15,ADDR_6c720ac829cf9ff8,1085000.0,4.0,3.25,3740,12080,1.0,0,0,3,26,1,0.46524064171123,0,14.0,valid_year,Woodinville,98077
723,2014-05-15,ADDR_82288acbe99b1a7c,455000.0,3.0,2.5,1870,7344,1.0,0,0,3,34,1,0.21390374331550802,0,,none_recorded,Kirkland,98034
717,2014-05-15,ADDR_26d75c70e5b5bd49,255000.0,4.0,2.5,2070,7800,2.0,0,0,3,25,0,0.0,0,,none_recorded,Federal Way,98003
731,2014-05-15,ADDR_aef8fb59fcc1d10a,390000.0,3.0,2.5,2240,10800,2.0,0,0,3,18,0,0.0,0,,none_recorded,Kenmore,98028
757,2014-05-15,ADDR_1479b72d66d17b7c,240000.0,3.0,2.0,1400,6200,1.0,0,0,3,66,1,0.5,0,20.0,valid_year,Shoreline,98133
710,2014-05-15,ADDR_0b180d88bb98c8c2,465750.0,3.0,1.5,1260,10350,1.0,0,0,3,55,0,0.0,0,25.0,valid_year,Bellevue,98008
773,2014-05-15,ADDR_8f569f18faaef6e9,765000.0,5.0,3.75,3580,14275,2.0,0,0,3,15,1,0.10893854748603352,0,,none_recorded,Issaquah,98027
729,2014-05-15,ADDR_9f5364b9e6c2aa0d,749400.0,4.0,2.5,3240,20301,2.0,0,0,3,29,0,0.0,0,,none_recorded,Redmond,98052
751,2014-05-15,ADDR_438f0d3849590eca,400000.0,3.0,1.0,1630,10304,1.0,0,0,5,61,0,0.0,0,,none_recorded,Shoreline,98155
771,2014-05-15,ADDR_73d8997c7e65883a,270000.0,3.0,1.0,1010,9514,1.0,0,0,3,45,0,0.0,0,4.0,valid_year,Renton,98059
722,2014-05-15,ADDR_52b5fa41818cab79,300000.0,3.0,1.0,1220,13000,1.0,0,0,4,59,0,0.0,0,5.0,valid_year,Shoreline,98133
753,2014-05-15,ADDR_4e151087e0be0829,349950.0,3.0,2.5,1700,7496,2.0,0,0,3,20,0,0.0,0,,none_recorded,Renton,98055
748,2014-05-15,ADDR_d89dca893238ebc5,350000.0,3.0,1.75,1680,250470,1.0,0,0,4,74,1,0.3630952380952381,0,13.0,valid_year,Duvall,98019
775,2014-05-15,ADDR_f732a53e71fc3cc6,803100.0,4.0,2.5,3310,5404,2.0,0,0,3,10,0,0.0,0,,invalid_year,Redmond,98052
747,2014-05-15,ADDR_55302c60cc912dbc,790000.0,3.0,1.75,1790,6117,1.0,0,2,3,74,1,0.24581005586592178,0,18.0,valid_year,Seattle,98199
716,2014-05-15,ADDR_5b8fa1e255e6980c,250000.0,3.0,1.0,1230,10350,1.0,0,0,4,57,0,0.0,0,13.0,valid_year,Renton,98055
777,2014-05-15,ADDR_3e276d04cfa27066,828950.0,4.0,3.5,3930,5680,2.0,0,1,3,1,1,0.2824427480916031,0,,invalid_year,Issaquah,98027
712,2014-05-15,ADDR_57bdf2e5ba3fdff6,582800.0,4.0,2.75,2550,7636,1.0,0,0,3,28,1,0.43529411764705883,0,,none_recorded,Sammamish,98074
743,2014-05-15,ADDR_8f85b6236a4862e1,375000.0,4.0,1.75,1890,8000,1.0,0,0,4,54,1,0.3386243386243386,0,13.0,valid_year,Shoreline,98133
741,2014-05-15,ADDR_fd3083866e5a53bd,695000.0,4.0,3.0,3150,9130,2.0,0,0,3,13,0,0.0,0,,none_recorded,Sammamish,98075
4392,2014-05-15,ADDR_70eaad0516275e36,274750.0,4.0,2.5,1840,1562,2.0,0,0,3,10,1,0.2391304347826087,0,,invalid_year,Seattle,98106
772,2014-05-15,ADDR_65889a9d95c8ba39,340000.0,3.0,1.75,1960,8136,1.0,0,0,3,66,1,0.5,0,20.0,valid_year,Seattle,98106
707,2014-05-15,ADDR_236642db60bc5c22,592500.0,4.0,2.5,2240,12032,1.0,0,0,3,31,0,0.0,0,5.0,valid_year,Sammamish,98074
4391,2014-05-15,ADDR_ece60383450f37d2,540833.33,3.0,2.0,1640,9972,1.0,0,0,4,37,0,0.0,0,,none_recorded,Sammamish,98075
737,2014-05-15,ADDR_6963cad12a7ecb32,1000000.0,5.0,4.25,3920,16258,2.0,0,0,3,24,1,0.2602040816326531,0,5.0,valid_year,Bellevue,98004
781,2014-05-15,ADDR_409edafbb7a66959,914500.0,4.0,2.5,3950,10856,3.0,0,0,3,1,0,0.0,0,,invalid_year,Sammamish,98075
758,2014-05-15,ADDR_7b8bc83616cb898f,495000.0,4.0,2.0,2050,4000,1.5,0,0,5,73,1,0.4097560975609756,0,,none_recorded,Seattle,98144
739,2014-05-15,ADDR_e9d7ebafcfdda045,620000.0,4.0,2.5,2680,9185,2.0,0,0,3,25,0,0.0,0,,none_recorded,Issaquah,98029
745,2014-05-15,ADDR_dc8bcfe1c249b3de,215000.0,3.0,1.0,1160,10384,1.0,0,0,4,45,0,0.0,0,,none_recorded,Maple Valley,98038
762,2014-05-15,ADDR_7fd9888a1cac8005,174950.0,3.0,1.0,1060,5200,1.0,0,0,5,44,0,0.0,0,,none_recorded,Covington,98042
766,2014-05-15,ADDR_b540cbe0f930a8e7,343000.0,4.0,1.75,2290,10290,1.0,0,0,3,54,1,0.4148471615720524,0,2.0,valid_year,Seattle,98146
740,2014-05-15,ADDR_dff471707a733dda,204700.0,4.0,2.0,1670,9987,1.0,0,0,3,47,0,0.0,0,3.0,valid_year,Auburn,98001
719,2014-05-15,ADDR_bfd693d4110006e4,190000.0,3.0,1.0,1090,8520,1.0,0,0,3,47,0,0.0,0,3.0,valid_year,Federal Way,98003
738,2014-05-15,ADDR_b81d39b2de76c608,585000.0,5.0,1.75,2000,3750,2.0,0,0,4,93,0,0.0,0,,none_recorded,Seattle,98103
780,2014-05-15,ADDR_3c80017c09622d8e,720000.0,3.0,2.5,3150,151588,2.0,0,0,3,7,0,0.0,0,,none_recorded,Fall City,98024
732,2014-05-15,ADDR_7bc6cb1010c33ca2,225000.0,3.0,2.0,1400,7384,1.0,0,0,3,35,1,0.17857142857142858,0,0.0,valid_year,Renton,98058
750,2014-05-15,ADDR_c200c91610099901,263000.0,3.0,2.25,1590,7748,2.0,0,0,4,23,0,0.0,0,,none_recorded,Federal Way,98003
718,2014-05-15,ADDR_e9782ddc058900bf,840000.0,4.0,1.75,2930,11562,1.0,0,3,3,67,1,0.4300341296928328,0,2.0,valid_year,Seattle,98117
761,2014-05-15,ADDR_fd3cc279346a2a46,417000.0,3.0,1.5,1340,10224,1.0,0,0,4,58,0,0.0,0,,none_recorded,Bellevue,98006
742,2014-05-15,ADDR_0e2d17e6fd8f6f74,689900.0,4.0,3.25,2740,7266,2.0,0,0,3,11,1,0.24817518248175183,0,,none_recorded,Issaquah,98027
763,2014-05-15,ADDR_1608179c4c7183ee,295000.0,3.0,1.5,850,2500,1.0,0,0,3,28,0,0.0,0,,none_recorded,Seattle,98106
755,2014-05-15,ADDR_666047b6b0c748cc,744000.0,4.0,3.0,1980,5352,2.5,0,0,3,73,0,0.0,0,9.0,valid_year,Seattle,98136
715,2014-05-15,ADDR_33c9e615204dee6d,451555.0,2.0,1.0,1320,4520,1.0,0,1,3,102,0,0.0,0,43.0,valid_year,Seattle,98116
733,2014-05-15,ADDR_8f64124ba16a6a84,550000.0,3.0,2.25,1980,40887,1.0,0,0,4,34,0,0.0,0,,none_recorded,Redmond,98053
774,2014-05-15,ADDR_20cc27893f7c35ac,497000.0,4.0,2.5,2240,7200,2.0,0,0,3,19,0,0.0,0,,none_recorded,Seattle,98118
724,2014-05-15,ADDR_b1b946ad877b6f87,335000.0,3.0,2.25,2150,30476,2.0,0,0,3,23,0,0.0,0,,none_recorded,Tukwila,98188
769,2014-05-15,ADDR_3ef3a36f9815e8f2,575000.0,4.0,2.5,3020,17810,1.0,0,0,3,35,1,0.47019867549668876,0,0.0,valid_year,Lake Forest Park,98155
768,2014-05-15,ADDR_2d76ebe3e549413d,512500.0,3.0,2.5,1840,2875,2.0,0,0,4,17,0,0.0,0,,none_recorded,Seattle,98116
725,2014-05-15,ADDR_f159cb59a8ef004a,197500.0,3.0,1.0,980,3090,1.5,0,0,3,111,0,0.0,0,9.0,valid_year,Seattle,98118
779,2014-05-15,ADDR_3d7b05c417f0a693,312000.0,3.0,2.25,1490,974,2.0,0,0,3,5,1,0.18120805369127516,0,,none_recorded,Seattle,98106
735,2014-05-15,ADDR_6ddce8063640db01,1255000.0,4.0,2.5,3200,7535,2.0,0,0,3,8,0,0.0,0,,none_recorded,Seattle,98105
721,2014-05-15,ADDR_6145a96d75d61e91,613000.0,4.0,2.0,1550,4815,1.5,0,0,3,105,0,0.0,0,10.0,valid_year,Seattle,98103
726,2014-05-15,ADDR_514b87cf93135d3d,412500.0,3.0,1.5,1490,8475,1.0,0,0,4,51,0,0.0,0,,none_recorded,Redmond,98052
759,2014-05-15,ADDR_36e48c4ed30332ab,580050.0,3.0,2.5,2360,4638,2.0,0,3,3,18,0,0.0,0,,none_recorded,Seattle,98115
756,2014-05-15,ADDR_4e87ada771574777,312500.0,2.0,1.0,880,6345,1.0,0,0,3,95,0,0.0,0,13.0,valid_year,Seattle,98106
746,2014-05-15,ADDR_1a8c703cf4ec830b,2100000.0,4.0,1.75,3550,19865,2.0,0,0,3,52,0,0.0,0,12.0,valid_year,Medina,98039
782,2014-05-15,ADDR_c8804bdc211556f2,819995.0,5.0,2.75,3030,10335,2.0,0,0,3,1,0,0.0,0,,invalid_year,Newcastle,98056
728,2014-05-15,ADDR_28915c4cd9d844db,342400.0,3.0,2.25,1180,9630,2.0,0,0,3,28,0,0.0,0,,none_recorded,Kenmore,98028
706,2014-05-15,ADDR_19df51791bb12b5d,256883.0,3.0,2.5,1690,5025,2.0,0,0,3,11,0,0.0,0,,none_recorded,Federal Way,98023
760,2014-05-15,ADDR_d87101f88f1dad14,640000.0,4.0,2.0,2560,7798,1.0,0,0,4,67,1,0.26171875,0,26.0,valid_year,Seattle,98115
778,2014-05-15,ADDR_c12ddb5132f5bce6,386380.0,3.0,2.5,1720,3600,2.0,0,0,3,4,0,0.0,0,,none_recorded,Redmond,98053
826,2014-05-16,ADDR_8f7d91423de974d5,180000.0,3.0,1.0,1000,18513,1.0,0,0,3,74,0,0.0,0,18.0,valid_year,Seattle,98146
791,2014-05-16,ADDR_17c81124d418d009,720000.0,2.0,1.0,2020,7200,1.0,0,3,4,67,1,0.15841584158415842,0,26.0,valid_year,Seattle,98146
794,2014-05-16,ADDR_68402ffbf4181957,446000.0,4.0,2.25,2270,7800,1.0,0,0,3,37,1,0.43171806167400884,0,10.0,valid_year,Kirkland,98034
806,2014-05-16,ADDR_b58d3d17621aa188,725000.0,5.0,2.75,2830,5310,2.0,0,0,3,8,0,0.0,0,,none_recorded,Redmond,98052
829,2014-05-16,ADDR_d16226cdfbbcfdbd,730100.0,4.0,2.5,3120,14300,2.0,0,0,3,11,0,0.0,0,,none_recorded,Issaquah,98027
813,2014-05-16,ADDR_d0eda7b35dec59ad,862500.0,4.0,2.75,3280,24440,2.0,0,0,3,18,0,0.0,0,,none_recorded,Woodinville,98077
801,2014-05-16,ADDR_6a96a485691c2812,370000.0,4.0,1.5,1370,9957,1.0,0,0,3,42,1,0.34306569343065696,0,12.0,valid_year,Kirkland,98034
804,2014-05-16,ADDR_157411c8e10755f1,345000.0,4.0,1.0,1980,7991,1.5,0,0,3,52,0,0.0,0,11.0,valid_year,Renton,98058
784,2014-05-16,ADDR_f9dc6605bbbd5b02,437500.0,3.0,2.5,2320,36847,2.0,0,2,3,22,0,0.0,0,,none_recorded,North Bend,98045
796,2014-05-16,ADDR_c043b3857865c784,239950.0,5.0,1.0,1460,6032,2.0,0,0,4,73,0,0.0,0,16.0,valid_year,Tukwila,98168
783,2014-05-16,ADDR_5cca389d588e40ea,252700.0,2.0,1.5,1070,9643,1.0,0,0,3,29,0,0.0,0,,none_recorded,Kent,98030
803,2014-05-16,ADDR_a90999eb47e48b91,342000.0,3.0,1.0,1260,6826,1.0,0,0,3,70,1,0.42857142857142855,0,,none_recorded,Seattle,98125
797,2014-05-16,ADDR_128a52e0d200cdff,248000.0,4.0,3.5,1850,6519,2.0,0,0,3,28,1,0.3891891891891892,0,,none_recorded,Federal Way,98023
811,2014-05-16,ADDR_b59353ee3abd91f9,565000.0,3.0,2.25,1520,1221,3.0,0,0,3,1,0,0.0,0,,invalid_year,Seattle,98107
837,2014-05-16,ADDR_5017858b9d81c55e,330000.0,3.0,1.5,1170,4950,1.0,0,0,4,54,0,0.0,0,13.0,valid_year,Bellevue,98007
807,2014-05-16,ADDR_606afd1a092c6c28,605000.0,2.0,1.0,910,3600,1.0,0,0,4,105,0,0.0,0,25.0,valid_year,Seattle,98119
815,2014-05-16,ADDR_34661fb710c2a744,282613.0,2.0,1.0,830,6017,1.0,0,0,4,60,0,0.0,0,35.0,valid_year,Shoreline,98133
789,2014-05-16,ADDR_0098a7a156c63c31,317000.0,3.0,2.0,1760,11410,1.0,0,0,5,37,1,0.3977272727272727,0,,none_recorded,Renton,98058
792,2014-05-16,ADDR_13bd0c962e057b35,490000.0,3.0,2.0,1450,2400,1.5,0,0,3,114,0,0.0,0,11.0,valid_year,Seattle,98107
847,2014-05-16,ADDR_c9b02b74f2b74f68,379950.0,3.0,3.25,1860,1787,3.0,0,0,3,7,0,0.0,0,,none_recorded,Shoreline,98155
798,2014-05-16,ADDR_612f451966c13691,619500.0,3.0,2.5,2170,5000,2.0,0,0,3,11,0,0.0,0,,none_recorded,Issaquah,98029
818,2014-05-16,ADDR_48181c8c359b67ef,445000.0,3.0,2.25,1990,7340,2.0,0,0,3,30,0,0.0,0,,none_recorded,Woodinville,98072
839,2014-05-16,ADDR_22956456a6317350,445000.0,3.0,3.0,1970,24318,1.0,0,0,3,4,0,0.0,0,,none_recorded,Kenmore,98028
827,2014-05-16,ADDR_b96ae7922cc16223,375000.0,3.0,1.5,1100,1751,2.0,0,0,3,7,1,0.14545454545454545,0,,none_recorded,Seattle,98144
841,2014-05-16,ADDR_2d58cf31436f5a27,377500.0,3.0,2.25,1410,1377,2.0,0,0,3,9,1,0.0851063829787234,0,,none_recorded,Issaquah,98027
816,2014-05-16,ADDR_fdae236a1ab3c98e,174500.0,2.0,1.0,1010,5200,1.0,0,0,3,59,0,0.0,0,9.0,valid_year,Des Moines,98198
843,2014-05-16,ADDR_fa09f943acdb2d05,804995.0,5.0,1.5,3360,5402,2.0,0,0,3,0,0,0.0,0,,none_recorded,Sammamish,98074
819,2014-05-16,ADDR_2907589e2e03476c,433000.0,4.0,2.5,2280,7568,2.0,0,0,4,13,0,0.0,0,,none_recorded,Renton,98056
828,2014-05-16,ADDR_dbc761bdcc3957b2,249000.0,3.0,2.25,1440,7673,1.0,0,0,3,32,1,0.3472222222222222,0,,none_recorded,Kent,98031
820,2014-05-16,ADDR_3a73658be449d689,306000.0,3.0,2.5,1870,5874,2.0,0,0,3,9,0,0.0,0,,none_recorded,Kent,98042
800,2014-05-16,ADDR_c01c97fcf43cc2d9,385000.0,3.0,1.75,1180,10541,1.0,0,0,4,33,1,0.2033898305084746,0,,none_recorded,Sammamish,98074
808,2014-05-16,ADDR_68652cd30d61a50d,350000.0,4.0,2.5,2440,4000,2.0,0,0,3,5,0,0.0,0,,none_recorded,Maple Valley,98038
836,2014-05-16,ADDR_f4d96d3e328e6e0f,314000.0,4.0,2.5,2340,8990,2.0,0,0,3,11,0,0.0,0,,none_recorded,Maple Valley,98038
835,2014-05-16,ADDR_25fc20f469df48c4,645000.0,4.0,2.5,3160,11380,2.0,0,0,3,31,0,0.0,0,5.0,valid_year,Sammamish,98074
812,2014-05-16,ADDR_63ba14c4f66ff33e,875000.0,3.0,2.0,2220,6641,1.0,0,2,4,67,1,0.45045045045045046,0,26.0,valid_year,Seattle,98199
790,2014-05-16,ADDR_1a7b5ce6ff3746ce,799000.0,4.0,3.25,3120,5000,2.0,0,0,3,9,1,0.2403846153846154,0,,none_recorded,Seattle,98115
831,2014-05-16,ADDR_af63f6150581e1d6,375000.0,4.0,2.5,2790,7956,2.0,0,0,3,9,0,0.0,0,,none_recorded,Des Moines,98198
802,2014-05-16,ADDR_495a01e25e242186,425000.0,3.0,2.5,2670,13218,1.0,0,0,4,26,0,0.0,0,,none_recorded,Kent,98042
805,2014-05-16,ADDR_5a7be112a0147056,724800.0,3.0,2.0,2050,3933,1.0,0,0,3,88,1,0.424390243902439,0,13.0,valid_year,Seattle,98112
834,2014-05-16,ADDR_7a43c7a41a85b483,205000.0,5.0,1.75,1730,5200,1.0,0,0,4,36,1,0.3930635838150289,0,14.0,valid_year,Covington,98042
810,2014-05-16,ADDR_6150cc1924785561,250000.0,3.0,2.0,1900,6660,1.0,0,0,5,48,1,0.5,0,,none_recorded,Maple Valley,98038
814,2014-05-16,ADDR_a35ba2628107c6ec,400000.0,3.0,2.5,2740,83199,2.0,0,4,3,41,0,0.0,0,1.0,valid_year,Kent,98032
799,2014-05-16,ADDR_0a893015477dfb0d,363750.0,3.0,1.75,1726,197326,2.0,0,0,4,32,0,0.0,0,3.0,valid_year,Vashon,98070
4313,2014-05-16,ADDR_81711437519f7f93,254000.0,4.0,2.0,1510,4235,1.0,0,0,3,59,0,0.0,0,9.0,valid_year,Seattle,98108
824,2014-05-16,ADDR_e9f5a418975a24c0,523000.0,3.0,1.5,1260,3135,1.5,0,0,3,83,0,0.0,0,,none_recorded,Seattle,98116
823,2014-05-16,ADDR_04397629889e27a1,238000.0,3.0,2.0,1020,1204,2.0,0,0,3,10,1,0.29411764705882354,0,,invalid_year,Seattle,98126
842,2014-05-16,ADDR_2d1b685366dfe8c1,480000.0,4.0,2.5,2430,5000,2.0,0,0,3,5,0,0.0,0,,none_recorded,Snoqualmie,98065
817,2014-05-16,ADDR_5196769bc10f4914,306500.0,3.0,2.25,2060,38377,1.0,0,0,4,36,1,0.24271844660194175,0,14.0,valid_year,Federal Way,98003
846,2014-05-16,ADDR_e631eae551f933ad,611000.0,3.0,2.5,2134,1984,2.5,0,0,3,6,0,0.0,0,,none_recorded,Issaquah,98029
4394,2014-05-16,ADDR_a2b7960e34d80e9e,326428.57,3.0,1.0,1250,4800,1.0,0,0,4,63,0,0.0,0,15.0,valid_year,Seattle,98126
793,2014-05-16,ADDR_6b44ba902ff06bdb,239900.0,4.0,2.25,1860,7000,1.0,0,0,3,35,1,0.3978494623655914,0,0.0,valid_year,Federal Way,98023
788,2014-05-16,ADDR_51af9ebc8557a059,451000.0,3.0,1.75,1560,4049,1.5,0,2,3,88,1,0.358974358974359,0,11.0,valid_year,Seattle,98126
840,2014-05-16,ADDR_7a80473ac8c5637c,2000000.0,5.0,4.25,6490,10862,2.0,0,3,4,23,1,0.3929121725731895,0,,none_recorded,Mercer Island,98040
833,2014-05-16,ADDR_a96dc16dd2329342,605000.0,3.0,2.25,1290,2500,2.0,0,0,4,27,0,0.0,0,,none_recorded,Seattle,98112
809,2014-05-16,ADDR_50178a33f19bcbdc,785000.0,3.0,2.0,2180,5440,1.0,0,0,5,110,1,0.4954128440366973,0,,none_recorded,Seattle,98103
4398,2014-05-16,ADDR_ac9a46ee1ce1470c,440825.0,3.0,1.75,2150,4333,1.0,0,0,3,58,1,0.4418604651162791,0,13.0,valid_year,Seattle,98136
795,2014-05-16,ADDR_5adb0e9e26ed3457,275000.0,3.0,2.5,1480,15639,2.0,0,0,3,27,0,0.0,0,14.0,valid_year,North Bend,98045
848,2014-05-16,ADDR_75ef59e6e20f2c2a,1270000.0,4.0,3.0,5520,8313,2.0,0,3,3,6,1,0.3532608695652174,0,,none_recorded,Bellevue,98006
821,2014-05-16,ADDR_05b075f509788308,620000.0,3.0,2.25,1720,4000,1.5,0,0,4,93,1,0.1569767441860465,0,,none_recorded,Seattle,98105
4396,2014-05-16,ADDR_6048350f30048996,135333.33,4.0,1.0,1530,7200,1.5,0,0,3,66,1,0.08496732026143791,0,20.0,valid_year,Seattle,98178
845,2014-05-16,ADDR_bf4a49ec45ebbe16,675000.0,5.0,2.5,3200,6455,2.0,0,0,3,5,0,0.0,0,,none_recorded,Snoqualmie,98065
825,2014-05-16,ADDR_2b6182223d271417,522500.0,3.0,2.5,2370,7875,2.0,0,0,3,11,0,0.0,0,,none_recorded,Snoqualmie,98065
844,2014-05-16,ADDR_8e65e17394028c10,341000.0,3.0,2.5,1480,1663,2.0,0,0,3,2,1,0.20270270270270271,0,,invalid_year,Seattle,98126
786,2014-05-16,ADDR_29fc59db7bc02206,619000.0,3.0,2.5,2720,6439,2.0,0,0,3,9,0,0.0,0,,none_recorded,Snoqualmie,98065
4397,2014-05-16,ADDR_ed7ef7136b72c8a0,577437.5,4.0,2.5,2110,3750,2.0,0,0,3,14,0,0.0,0,,none_recorded,Seattle,98117
785,2014-05-16,ADDR_d14bf171a17203bb,350000.0,1.0,1.0,700,5100,1.0,0,0,3,72,0,0.0,0,15.0,valid_year,Seattle,98115
838,2014-05-16,ADDR_dfbed33a46c90d40,490000.0,2.0,1.0,1160,5000,1.0,0,0,4,77,0,0.0,0,,none_recorded,Seattle,98117
787,2014-05-16,ADDR_fa0cbe4b60abecc4,408200.0,3.0,2.5,1800,5761,2.0,0,0,4,24,0,0.0,0,,none_recorded,Seattle,98106
822,2014-05-16,ADDR_8ce870044cfa40a9,245000.0,2.0,1.0,870,6150,1.0,0,0,3,73,0,0.0,0,20.0,valid_year,Seattle,98106
832,2014-05-16,ADDR_5bebf58cb1f6b6af,540000.0,1.0,1.0,1140,6700,1.5,0,0,3,94,0,0.0,0,35.0,valid_year,Seattle,98103
849,2014-05-16,ADDR_f9de8d33e2e181c4,500000.0,2.0,2.5,1310,1500,2.0,0,0,3,8,1,0.11450381679389313,0,,none_recorded,Seattle,98122
830,2014-05-16,ADDR_981c2bc8e501fb8b,551000.0,2.0,2.0,2260,9604,1.0,0,0,3,24,0,0.0,0,5.0,valid_year,Bothell,98011
850,2014-05-17,ADDR_6f592f1c4bb076de,410000.0,3.0,2.0,1700,4250,1.0,0,0,3,70,1,0.4764705882352941,0,,none_recorded,Seattle,98199
854,2014-05-18,ADDR_cb8750220f455f65,534640.0,3.0,2.5,2130,3500,1.0,0,0,4,20,1,0.431924882629108,0,,none_recorded,Woodinville,98072
853,2014-05-18,ADDR_0fa6ee469e3f82a4,575550.0,4.0,2.5,2060,7475,1.0,0,0,3,29,1,0.30097087378640774,0,,none_recorded,Redmond,98052
851,2014-05-18,ADDR_a11c16acfe101bd5,415000.0,3.0,2.5,2480,8342,2.0,0,0,3,28,0,0.0,0,,none_recorded,Renton,98058
857,2014-05-18,ADDR_8ecf67b41657a6d7,732000.0,3.0,2.0,1940,55756,1.0,0,0,5,60,0,0.0,0,,none_recorded,Bellevue,98007
852,2014-05-18,ADDR_f2e035fdbef3bfc2,297000.0,5.0,2.5,1970,8605,2.0,0,0,4,20,0,0.0,0,,none_recorded,Enumclaw,98022
855,2014-05-18,ADDR_cd17ad3eb01716fb,352500.0,3.0,2.25,1410,14110,1.0,0,2,3,27,1,0.1702127659574468,0,14.0,valid_year,Snoqualmie,98065
856,2014-05-18,ADDR_f104167a9257f03a,488000.0,2.0,2.0,1360,4688,1.0,0,0,3,70,1,0.4264705882352941,0,,none_recorded,Seattle,98115
914,2014-05-19,ADDR_b3488e9d4ce65126,368000.0,2.0,1.5,1660,4680,1.0,0,0,5,106,1,0.5,0,,none_recorded,Seattle,98146
899,2014-05-19,ADDR_cd4e95ac3aba5800,588000.0,3.0,2.25,2030,7350,1.0,0,0,4,37,1,0.41379310344827586,0,,none_recorded,Redmond,98052
881,2014-05-19,ADDR_1a68330b76063404,1405000.0,4.0,3.5,3410,10769,2.0,0,0,3,6,0,0.0,0,,none_recorded,Bellevue,98004
905,2014-05-19,ADDR_a2f66fc10f3f3f6d,755000.0,4.0,2.5,2660,10452,2.0,0,0,3,21,0,0.0,0,,none_recorded,Redmond,98052
889,2014-05-19,ADDR_0c2cd64c10a57463,461000.0,2.0,1.0,1060,7193,1.0,0,0,3,88,0,0.0,0,11.0,valid_year,Seattle,98133
877,2014-05-19,ADDR_66257ca328ec756b,215000.0,3.0,1.0,970,7275,1.0,0,0,4,44,0,0.0,0,,none_recorded,Kent,98031
884,2014-05-19,ADDR_01ba34ba2d493382,285000.0,1.0,1.5,810,3211,2.0,0,0,4,32,0,0.0,0,3.0,valid_year,Kirkland,98033
930,2014-05-19,ADDR_332ab5582711df29,530000.0,3.0,3.5,2320,3174,2.0,0,0,3,17,1,0.11206896551724138,0,,none_recorded,Kirkland,98033
931,2014-05-19,ADDR_b012d934801767dc,818000.0,2.0,2.5,2380,9374,1.0,0,2,3,3,0,0.0,0,,none_recorded,Redmond,98053
864,2014-05-19,ADDR_3b87299db812d160,290000.0,5.0,1.5,2120,7700,1.5,0,0,5,52,0,0.0,0,,none_recorded,Renton,98058
924,2014-05-19,ADDR_c35c27f446bcdb14,572500.0,3.0,2.25,2030,9791,1.0,0,0,4,30,1,0.26108374384236455,0,,none_recorded,Newcastle,98059
4402,2014-05-19,ADDR_f36790e917520a31,176400.0,2.0,1.0,910,9612,1.0,0,0,4,33,0,0.0,0,,none_recorded,Renton,98058
909,2014-05-19,ADDR_fcf84353ad7743a7,110700.0,2.0,1.0,680,8064,1.0,0,0,3,73,0,0.0,0,20.0,valid_year,SeaTac,98188
904,2014-05-19,ADDR_b7ca090e62225f82,464000.0,3.0,1.75,1630,28600,1.0,0,0,3,47,0,0.0,0,3.0,valid_year,Woodinville,98072
885,2014-05-19,ADDR_8118c2cfa0eb1802,475000.0,4.0,2.5,3060,10043,1.0,0,0,4,46,1,0.4444444444444444,0,,none_recorded,Shoreline,98133
868,2014-05-19,ADDR_3070f5801fbb0ce1,366500.0,4.0,2.75,2070,9300,1.0,0,0,5,69,1,0.45893719806763283,0,,none_recorded,Shoreline,98155
908,2014-05-19,ADDR_bf18ad340b04c8a1,305000.0,3.0,1.75,1610,12247,1.0,0,0,3,33,0,0.0,0,1.0,valid_year,Renton,98058
912,2014-05-19,ADDR_27a47b0a4c3b69fd,319950.0,4.0,1.75,2310,8045,1.0,0,0,4,38,1,0.2857142857142857,0,22.0,valid_year,Renton,98058
919,2014-05-19,ADDR_8f0d1857dae10aa9,442500.0,3.0,1.75,1800,10200,1.0,0,0,3,47,0,0.0,0,3.0,valid_year,Renton,98058
892,2014-05-19,ADDR_e44004cbd9efa81b,247000.0,3.0,2.25,1580,7941,2.0,0,0,4,28,0,0.0,0,,none_recorded,Federal Way,98023
911,2014-05-19,ADDR_ca74f3d86f09a7bb,350000.0,3.0,2.25,1640,7200,2.0,0,0,4,29,0,0.0,0,,none_recorded,Bellevue,98007
890,2014-05-19,ADDR_1cc102b7727cb002,810000.0,4.0,2.5,3480,59242,2.0,0,0,3,26,0,0.0,0,14.0,valid_year,Woodinville,98072
932,2014-05-19,ADDR_6ddd1a4c17956f30,640000.0,2.0,2.25,1540,958,3.0,0,0,3,7,0,0.0,0,,none_recorded,Seattle,98122
901,2014-05-19,ADDR_f1c1d0fb29f9bfa7,482500.0,3.0,2.25,1450,1445,2.0,0,0,3,9,1,0.32413793103448274,0,,none_recorded,Seattle,98122
917,2014-05-19,ADDR_7098a798389af1c2,1000000.0,2.0,1.75,2430,23400,1.0,0,4,3,63,0,0.0,0,20.0,valid_year,Shoreline,98177
903,2014-05-19,ADDR_8e15ece1a91177f9,869000.0,5.0,3.25,4180,49222,2.0,0,0,4,35,1,0.31100478468899523,0,,none_recorded,Issaquah,98027
898,2014-05-19,ADDR_fa205fe0f6a2ab81,373000.0,3.0,2.5,1670,3565,2.0,0,0,3,15,0,0.0,0,,none_recorded,Woodinville,98072
4404,2014-05-19,ADDR_0e3f43dca679ca2d,646212.5,4.0,2.5,3430,64441,2.0,0,0,3,1,0,0.0,0,,invalid_year,Woodinville,98077
928,2014-05-19,ADDR_afb1d7ff38bdb415,1190000.0,4.0,3.0,2240,6000,1.5,0,0,4,100,1,0.4330357142857143,0,69.0,valid_year,Seattle,98109
895,2014-05-19,ADDR_f0aecdbd2d0741c0,333000.0,4.0,2.0,1580,7800,2.0,0,0,2,108,0,0.0,0,,none_recorded,Seattle,98144
923,2014-05-19,ADDR_9a027444f29de06b,446000.0,5.0,2.75,2190,12687,1.0,0,0,5,36,1,0.3744292237442922,0,,none_recorded,Kenmore,98028
860,2014-05-19,ADDR_7601f7da39f207da,290000.0,4.0,2.5,1700,7280,2.0,0,0,4,26,0,0.0,0,,none_recorded,Kent,98031
925,2014-05-19,ADDR_3b335af3a012decb,477000.0,3.0,2.5,1350,2053,3.0,0,0,3,9,0,0.0,0,,none_recorded,Seattle,98117
4403,2014-05-19,ADDR_6a1551596b46f91a,193000.0,3.0,1.5,2200,5000,1.5,0,0,3,82,0,0.0,0,,none_recorded,Seattle,98199
920,2014-05-19,ADDR_de0b9913e8518b3d,485000.0,3.0,1.75,2200,7706,2.0,0,2,3,106,0,0.0,0,26.0,valid_year,Des Moines,98198
916,2014-05-19,ADDR_51a5fa45d9cb6981,611000.0,4.0,2.5,2460,4200,2.0,0,0,3,16,0,0.0,0,8.0,valid_year,Redmond,98074
902,2014-05-19,ADDR_60554adce9c38747,251200.0,4.0,1.5,1310,8250,1.0,0,0,3,61,1,0.19083969465648856,0,,none_recorded,Des Moines,98148
888,2014-05-19,ADDR_108081f4665ef50c,241000.0,2.0,2.0,1470,3128,2.0,0,0,3,9,0,0.0,0,,none_recorded,Maple Valley,98038
886,2014-05-19,ADDR_d2fe43adf27870ff,386591.0,3.0,2.5,1690,1613,2.0,0,0,3,0,1,0.31952662721893493,0,,none_recorded,Issaquah,98029
4399,2014-05-19,ADDR_570bf82d2d03aaa4,195000.0,5.0,3.75,5340,10655,2.5,0,3,4,102,1,0.299625468164794,0,25.0,valid_year,Seattle,98144
921,2014-05-19,ADDR_ba01ee682fee52af,367000.0,2.0,1.0,700,2334,1.0,0,0,3,69,0,0.0,0,4.0,valid_year,Seattle,98117
893,2014-05-19,ADDR_58fc38511962e466,296500.0,3.0,2.75,2170,7900,1.0,0,0,4,36,1,0.3640552995391705,0,14.0,valid_year,Kent,98032
866,2014-05-19,ADDR_e12180d875a66123,339000.0,4.0,2.5,1830,8601,2.0,0,0,3,11,0,0.0,0,,none_recorded,Maple Valley,98038
858,2014-05-19,ADDR_1a1123f614dd93e2,215000.0,2.0,2.25,1610,2040,2.0,0,0,4,35,0,0.0,0,,none_recorded,Renton,98056
879,2014-05-19,ADDR_6b7ac3b96dfc0053,359950.0,3.0,1.0,1290,189486,1.0,0,0,4,54,0,0.0,0,13.0,valid_year,Auburn,98092
933,2014-05-19,ADDR_8e41df12e0adb27a,298450.0,5.0,3.0,2100,9752,1.0,0,0,3,7,1,0.42857142857142855,0,,none_recorded,Federal Way,98003
882,2014-05-19,ADDR_d37cad736b074ee0,390000.0,4.0,2.5,2490,8290,2.0,0,0,3,15,0,0.0,0,,none_recorded,Auburn,98092
934,2014-05-19,ADDR_f473ed240161bb1d,575000.0,4.0,2.5,2500,4945,2.0,0,0,3,1,0,0.0,0,,invalid_year,Snoqualmie,98065
907,2014-05-19,ADDR_d1af20570c53b2ae,485000.0,2.0,2.25,1260,1240,3.0,0,0,3,10,0,0.0,0,,invalid_year,Seattle,98103
878,2014-05-19,ADDR_4137f6adca0bb90e,762000.0,5.0,2.0,3370,5000,1.5,0,0,4,107,1,0.3649851632047478,0,,none_recorded,Seattle,98109
927,2014-05-19,ADDR_2d7dd17795dad817,462000.0,5.0,1.75,1250,10530,1.0,0,0,4,48,0,0.0,0,,none_recorded,Bellevue,98007
880,2014-05-19,ADDR_96e6d9ac73f31953,480000.0,4.0,3.5,3370,435600,2.0,0,3,3,9,0,0.0,0,,none_recorded,North Bend,98045
872,2014-05-19,ADDR_4d402b81c4be1dc9,280000.0,3.0,2.5,1270,9675,2.0,0,0,3,21,0,0.0,0,,none_recorded,North Bend,98045
4400,2014-05-19,ADDR_9e7623e4ebd768d0,257500.0,4.0,1.75,2420,7672,1.0,0,0,3,35,1,0.3884297520661157,0,0.0,valid_year,Issaquah,98027
906,2014-05-19,ADDR_1a7e92cb11304d59,280000.0,3.0,2.5,1720,1916,2.0,0,0,3,9,0,0.0,0,,none_recorded,Renton,98056
897,2014-05-19,ADDR_5f74e5ef5288564a,565000.0,4.0,2.25,2110,10698,2.0,0,0,4,35,0,0.0,0,,none_recorded,Issaquah,98027
863,2014-05-19,ADDR_3a5f513f365e115b,1216000.0,4.0,2.5,3190,8684,1.0,0,3,5,47,1,0.47335423197492166,0,,none_recorded,Bellevue,98006
918,2014-05-19,ADDR_55994ac55e3ff112,307000.0,3.0,1.0,1370,7500,1.0,0,0,3,54,0,0.0,0,2.0,valid_year,Carnation,98014
865,2014-05-19,ADDR_97e2951a94ae4bd0,487250.0,4.0,2.0,1690,3250,1.5,0,0,3,113,1,0.08284023668639054,0,,none_recorded,Seattle,98103
869,2014-05-19,ADDR_49a56678afcc2086,462000.0,3.0,1.5,1710,4500,1.5,0,0,3,86,1,0.17543859649122806,0,60.0,valid_year,Seattle,98118
873,2014-05-19,ADDR_5e088756d73eaa81,210000.0,3.0,1.0,1080,21043,1.0,0,0,3,72,0,0.0,0,15.0,valid_year,Seattle,98106
883,2014-05-19,ADDR_5e42311167031c65,413500.0,2.0,1.0,770,4000,1.0,0,0,5,90,0,0.0,0,58.0,valid_year,Seattle,98117
891,2014-05-19,ADDR_bc5130b8ec934685,885000.0,4.0,2.75,2730,3560,1.5,0,0,3,93,1,0.43223443223443225,0,7.0,valid_year,Seattle,98115
4401,2014-05-19,ADDR_d60338d0b876768b,692000.0,4.0,3.25,5010,34460,2.0,0,0,3,26,0,0.0,0,14.0,valid_year,Bellevue,98006
896,2014-05-19,ADDR_cbbcc2219dac4a3b,602000.0,5.0,1.75,3290,11900,1.5,0,0,3,41,0,0.0,0,1.0,valid_year,Redmond,98052
867,2014-05-19,ADDR_db602f921746c288,440000.0,2.0,1.5,1010,1968,1.5,0,0,5,108,0,0.0,0,,none_recorded,Seattle,98107
910,2014-05-19,ADDR_d2d8bcea62bc7250,850000.0,4.0,3.5,2640,5900,2.0,0,2,3,77,0,0.0,0,16.0,valid_year,Seattle,98136
915,2014-05-19,ADDR_b0f6c3905a3328c5,433500.0,3.0,2.5,2200,3360,2.0,0,0,3,5,0,0.0,0,,none_recorded,Seattle,98118
861,2014-05-19,ADDR_867512c3c0f1cb3a,475000.0,2.0,1.0,1490,3825,1.0,0,0,3,85,1,0.4228187919463087,0,,none_recorded,Seattle,98117
922,2014-05-19,ADDR_10610e5044535de6,429000.0,3.0,2.5,1920,15124,2.0,0,0,3,19,0,0.0,0,,none_recorded,North Bend,98045
874,2014-05-19,ADDR_a940ef2f96a5d3c6,690000.0,3.0,2.0,1610,5100,1.5,0,0,5,74,0,0.0,0,,none_recorded,Seattle,98115
870,2014-05-19,ADDR_b88569d84357e4c3,560000.0,4.0,1.0,1660,4690,1.5,0,0,3,69,1,0.24096385542168675,0,4.0,valid_year,Seattle,98117
887,2014-05-19,ADDR_db52e33eb19b2d25,524950.0,3.0,1.75,1890,3825,1.0,0,0,3,40,1,0.31746031746031744,0,,none_recorded,Seattle,98117
875,2014-05-19,ADDR_00b49c3a74e30848,256500.0,2.0,1.0,1120,9912,1.0,0,0,4,34,0,0.0,0,,none_recorded,Vashon,98070
859,2014-05-19,ADDR_33248d5857b5ad6c,592500.0,2.0,2.0,1420,9191,1.5,0,2,5,86,0,0.0,0,44.0,valid_year,Seattle,98115
871,2014-05-19,ADDR_dac4545918d4f756,285000.0,4.0,1.75,2080,13629,1.0,0,0,4,59,1,0.5,0,5.0,valid_year,Seattle,98178
900,2014-05-19,ADDR_ec61478d8c086781,485000.0,3.0,1.0,1500,4100,1.5,0,0,3,88,1,0.08666666666666667,0,11.0,valid_year,Seattle,98107
894,2014-05-19,ADDR_2fbdb28b7b8c432f,141800.0,2.0,1.0,930,4743,1.0,0,0,4,72,0,0.0,0,32.0,valid_year,Renton,98056
876,2014-05-19,ADDR_fc72009a85fc89bc,411000.0,4.0,2.75,2500,5257,2.0,0,0,3,48,0,0.0,0,,invalid_year,Seattle,98118
862,2014-05-19,ADDR_0cf7219c70523278,320000.0,3.0,2.5,2680,7757,2.0,0,0,3,24,0,0.0,0,5.0,valid_year,Federal Way,98023
926,2014-05-19,ADDR_48baf5911d9e1ff7,518000.0,3.0,2.5,1680,2096,2.0,0,0,3,6,1,0.17857142857142858,0,,none_recorded,Seattle,98117
913,2014-05-19,ADDR_b9a0703078a6487a,700000.0,3.0,1.75,2010,4905,1.0,0,0,5,102,1,0.3880597014925373,0,,none_recorded,Seattle,98122
929,2014-05-19,ADDR_b57fb1096724a504,137000.0,3.0,1.0,950,7620,1.0,0,0,3,60,0,0.0,0,9.0,valid_year,Seattle,98106
1028,2014-05-20,ADDR_8e4a49e3163d1476,879950.0,4.0,2.25,3500,13875,1.0,0,4,4,76,1,0.47714285714285715,0,,none_recorded,Seattle,98146
989,2014-05-20,ADDR_5d92e06ba17ab679,315000.0,2.0,1.0,790,6969,1.0,0,0,3,59,0,0.0,0,30.0,valid_year,Redmond,98052
976,2014-05-20,ADDR_0113280eb9052bdc,452000.0,4.0,1.0,1210,3760,1.5,0,0,3,114,0,0.0,0,9.0,valid_year,Seattle,98103
1026,2014-05-20,ADDR_b2214b3fee5c31e0,423000.0,4.0,1.75,1940,6909,1.0,0,0,4,73,1,0.5,0,16.0,valid_year,Seattle,98133
995,2014-05-20,ADDR_a06a55c947058a30,699000.0,4.0,2.5,2650,7945,2.0,0,0,3,8,0,0.0,0,,none_recorded,Seattle,98125
1009,2014-05-20,ADDR_076c89c7bfe6018e,475000.0,4.0,1.75,1650,7775,1.0,0,0,4,64,1,0.30303030303030304,0,31.0,valid_year,Seattle,98133
981,2014-05-20,ADDR_73cb8a8d7a69a3ff,326000.0,6.0,3.0,1880,7200,1.0,0,0,4,48,0,0.0,0,,none_recorded,Renton,98056
1040,2014-05-20,ADDR_07daf8d8f5c6df58,772000.0,3.0,2.25,1640,1204,3.0,0,0,3,0,0,0.0,0,,none_recorded,Seattle,98112
946,2014-05-20,ADDR_51d47e48a679833f,250000.0,4.0,2.0,1960,7560,1.0,0,0,5,36,1,0.40816326530612246,0,,none_recorded,Kent,98031
944,2014-05-20,ADDR_f6d8cacc322a6c8e,192500.0,2.0,1.0,950,7692,1.0,0,0,3,88,0,0.0,0,11.0,valid_year,Seattle,98168
1021,2014-05-20,ADDR_131a94e8cb7b40e1,325000.0,4.0,2.25,1870,9680,1.0,0,0,4,55,1,0.37433155080213903,0,,none_recorded,Kirkland,98034
4343,2014-05-20,ADDR_285863fa69bb1578,291000.0,3.0,1.75,1560,9788,1.0,0,0,3,50,0,0.0,0,14.0,valid_year,Seattle,98178
984,2014-05-20,ADDR_d94d9bd1a80a8806,300000.0,3.0,1.0,2120,7735,1.0,0,0,4,47,1,0.5,0,,none_recorded,Renton,98059
1036,2014-05-20,ADDR_124212cd5688deda,860000.0,4.0,2.75,3160,8097,2.0,0,0,3,0,0,0.0,0,,none_recorded,Kirkland,98033
940,2014-05-20,ADDR_9dadfffce589d498,520000.0,4.0,3.5,2680,10000,2.0,0,0,3,72,1,0.23880597014925373,0,0.0,valid_year,Seattle,98125
967,2014-05-20,ADDR_81bc274cea7625a4,300000.0,3.0,1.0,1090,9900,1.0,0,0,4,59,0,0.0,0,5.0,valid_year,Redmond,98052
949,2014-05-20,ADDR_4774a4911d6d9481,639000.0,4.0,2.5,2150,12028,2.0,0,0,4,32,0,0.0,0,3.0,valid_year,Redmond,98052
1043,2014-05-20,ADDR_2e120465a61e3ea0,490000.0,5.0,3.5,4460,2975,3.0,0,2,3,1,1,0.2645739910313901,0,,invalid_year,Seattle,98119
4407,2014-05-20,ADDR_7768a80952438993,317061.88,3.0,1.75,1280,10716,1.0,0,0,4,45,0,0.0,0,,none_recorded,Renton,98059
943,2014-05-20,ADDR_412006caa397c35b,390000.0,4.0,2.25,1770,33132,1.0,0,0,4,49,1,0.327683615819209,0,,none_recorded,Renton,98058
955,2014-05-20,ADDR_6bdda6be8049ad51,467000.0,3.0,2.25,1270,1213,2.0,0,0,3,9,1,0.18110236220472442,0,,none_recorded,Seattle,98107
1017,2014-05-20,ADDR_42d2fedf13a5123a,372500.0,4.0,1.75,1590,10523,2.0,0,0,4,92,0,0.0,0,,none_recorded,Shoreline,98133
970,2014-05-20,ADDR_ecb089ea50894e34,458000.0,1.0,2.25,2140,10350,1.0,0,0,3,38,1,0.3130841121495327,0,,none_recorded,Woodinville,98072
969,2014-05-20,ADDR_c702472b3efd1eb7,387500.0,4.0,1.0,1320,4440,1.5,0,0,3,85,0,0.0,0,,none_recorded,Seattle,98122
1014,2014-05-20,ADDR_9754f9c2cef14a89,345000.0,3.0,1.5,1240,11200,1.0,0,0,4,60,0,0.0,0,35.0,valid_year,Bellevue,98006
1032,2014-05-20,ADDR_f7a5ef9872f4168d,439000.0,3.0,2.0,2010,251341,2.0,0,0,3,11,1,0.24875621890547264,0,,none_recorded,Duvall,98019
998,2014-05-20,ADDR_fbaa85d9739b9737,749950.0,3.0,2.5,2770,10773,2.0,0,2,3,22,0,0.0,0,,none_recorded,Bellevue,98008
1020,2014-05-20,ADDR_03981bdb971d8b37,507500.0,3.0,2.0,2020,8118,1.0,0,0,3,51,1,0.49504950495049505,0,6.0,valid_year,Bellevue,98008
952,2014-05-20,ADDR_d487dbc7a3f8d76a,405000.0,5.0,2.5,2430,4781,2.0,0,0,3,13,0,0.0,0,,none_recorded,Renton,98058
951,2014-05-20,ADDR_364253c28f2373ab,675000.0,3.0,2.25,1990,10260,2.0,0,0,4,27,0,0.0,0,,none_recorded,Redmond,98052
971,2014-05-20,ADDR_ff8b2b4ba39ddb0e,1212500.0,4.0,3.5,4560,16643,1.0,0,3,3,19,1,0.5109649122807017,0,,none_recorded,Bellevue,98006
964,2014-05-20,ADDR_c574e3508e8562ec,570000.0,2.0,1.75,1540,4025,1.0,0,0,4,106,1,0.22727272727272727,0,,none_recorded,Seattle,98116
1006,2014-05-20,ADDR_9fc770b2e098b299,765000.0,4.0,2.25,2560,12100,1.0,0,0,4,38,1,0.3125,0,22.0,valid_year,Redmond,98052
938,2014-05-20,ADDR_a4e8864ebac0978a,675000.0,4.0,3.0,2690,28300,1.0,0,0,3,60,0,0.0,0,15.0,valid_year,Normandy Park,98166
992,2014-05-20,ADDR_2df538c0ffd8f59b,289000.0,3.0,2.5,2090,4700,2.0,0,0,3,12,0,0.0,0,,none_recorded,Covington,98042
978,2014-05-20,ADDR_6db3fa7fbcc3bd82,792000.0,3.0,1.5,1570,1050,2.0,0,0,3,99,0,0.0,0,,none_recorded,Seattle,98109
1002,2014-05-20,ADDR_7a5e2c6d0de94aa2,499950.0,5.0,3.5,3200,43560,2.0,0,0,3,25,0,0.0,0,,none_recorded,Renton,98059
997,2014-05-20,ADDR_6cf205dd02230853,299950.0,3.0,1.0,910,8000,1.0,0,0,4,64,1,0.18681318681318682,0,31.0,valid_year,Shoreline,98177
963,2014-05-20,ADDR_39d23bf97b672f49,519900.0,4.0,2.0,1820,9350,1.0,0,0,4,47,0,0.0,0,,none_recorded,Redmond,98052
937,2014-05-20,ADDR_d1ba266c96360a7f,271310.0,2.0,1.0,870,5340,1.5,0,0,2,108,0,0.0,0,,none_recorded,Seattle,98144
979,2014-05-20,ADDR_bb3d7bccd7d537b0,315000.0,3.0,2.25,1400,31626,1.0,0,0,2,27,1,0.18571428571428572,0,,none_recorded,Auburn,98092
1015,2014-05-20,ADDR_60b16389735f6759,598000.0,5.0,2.25,2890,12478,2.0,0,0,3,37,0,0.0,0,10.0,valid_year,Sammamish,98074
988,2014-05-20,ADDR_4fa97c023f1ea5b0,700000.0,4.0,1.0,1680,4021,1.5,0,0,3,93,0,0.0,0,14.0,valid_year,Seattle,98103
965,2014-05-20,ADDR_e7e35d2dc50422f3,450000.0,3.0,1.5,2060,44866,1.0,0,0,3,61,0,0.0,0,,none_recorded,Woodinville,98077
993,2014-05-20,ADDR_1529c8b9e5149cfa,210000.0,4.0,1.75,2180,28710,1.0,0,0,3,64,1,0.45871559633027525,0,9.0,valid_year,SeaTac,98198
4405,2014-05-20,ADDR_40e5b7b724baa798,268971.88,4.0,2.5,1860,6687,1.0,0,0,4,31,1,0.34408602150537637,0,,none_recorded,Kent,98031
987,2014-05-20,ADDR_1d35a957fbefae72,1125000.0,6.0,3.0,2880,3192,2.0,0,0,4,95,1,0.24305555555555555,0,29.0,valid_year,Seattle,98103
1004,2014-05-20,ADDR_fac57b1fd822f03e,350000.0,4.0,2.25,2220,6953,2.0,0,0,4,15,0,0.0,0,,none_recorded,Maple Valley,98038
1022,2014-05-20,ADDR_5d55fb595534985b,329900.0,3.0,2.5,2170,4905,2.0,0,0,3,10,0,0.0,0,,invalid_year,Maple Valley,98038
950,2014-05-20,ADDR_f7fb020746f56824,710000.0,2.0,1.0,1790,4000,1.0,0,0,4,91,1,0.41899441340782123,0,,none_recorded,Seattle,98112
972,2014-05-20,ADDR_e879dda4f944fcad,380000.0,4.0,3.0,2800,9764,2.0,0,0,3,12,0,0.0,0,,none_recorded,Maple Valley,98038
1007,2014-05-20,ADDR_380276ef0c09d79f,250000.0,4.0,1.5,2500,6300,1.0,0,0,4,53,1,0.4,0,13.0,valid_year,Kent,98032
977,2014-05-20,ADDR_4c8298160fbcaa5e,426000.0,4.0,2.5,2800,8494,2.0,0,0,3,10,0,0.0,0,,invalid_year,Maple Valley,98038
1045,2014-05-20,ADDR_193e880913a0b12b,785000.0,4.0,3.5,3070,4684,2.0,0,0,3,5,1,0.28664495114006516,0,,none_recorded,Issaquah,98027
968,2014-05-20,ADDR_2d64269b87c3d390,320000.0,3.0,1.75,1480,7225,1.0,0,0,4,49,0,0.0,0,,none_recorded,Renton,98056
4408,2014-05-20,ADDR_a04a64f0756b5994,83300.0,3.0,2.0,1490,7770,1.0,0,0,4,24,0,0.0,0,,none_recorded,Covington,98042
986,2014-05-20,ADDR_46aa98bcb7cd291b,978000.0,4.0,2.75,2620,13777,1.5,0,2,4,88,1,0.3435114503816794,0,21.0,valid_year,Seattle,98144
956,2014-05-20,ADDR_d1f5498f06b99a73,480000.0,4.0,2.75,2050,3960,1.0,0,0,4,28,1,0.424390243902439,0,,none_recorded,Seattle,98116
996,2014-05-20,ADDR_afbc3f396596cf02,1800000.0,4.0,3.5,4460,16953,1.0,0,0,3,52,1,0.4282511210762332,0,20.0,valid_year,Medina,98039
1008,2014-05-20,ADDR_00dde5376bd1cc9f,376000.0,2.0,1.0,1150,4000,1.0,0,0,3,67,0,0.0,0,2.0,valid_year,Seattle,98199
935,2014-05-20,ADDR_93589cc5834e501c,730000.0,4.0,2.5,3230,7331,2.0,0,0,3,10,0,0.0,0,,invalid_year,Sammamish,98075
1027,2014-05-20,ADDR_7aca04c5d14817b1,259000.0,3.0,1.0,1320,8625,1.0,0,0,4,57,0,0.0,0,13.0,valid_year,Renton,98056
980,2014-05-20,ADDR_9944b875fa327c47,1275000.0,4.0,2.0,2850,7861,1.0,0,4,4,44,1,0.49122807017543857,0,,none_recorded,Seattle,98117
1013,2014-05-20,ADDR_bacf2d3dd1cad15b,619500.0,3.0,2.5,1700,4105,2.0,0,0,3,22,0,0.0,0,,none_recorded,Seattle,98122
994,2014-05-20,ADDR_319664f2e08537f0,260000.0,4.0,2.5,1990,6671,2.0,0,0,3,25,0,0.0,0,,none_recorded,Federal Way,98023
957,2014-05-20,ADDR_c0135261be246377,755000.0,6.0,2.0,2150,4505,1.0,0,0,3,62,1,0.40930232558139534,0,6.0,valid_year,Seattle,98119
1010,2014-05-20,ADDR_1b0d3f6ed7bbb115,120750.0,3.0,1.75,1140,9628,1.0,0,0,4,45,0,0.0,0,,none_recorded,Federal Way,98023
1001,2014-05-20,ADDR_f4bfe0e93057a8bb,384000.0,3.0,2.5,1700,4000,2.0,0,0,3,11,0,0.0,0,,none_recorded,Snoqualmie,98065
1029,2014-05-20,ADDR_2e3bb95c5ca78c74,345600.0,5.0,3.5,2800,5120,2.5,0,0,3,111,0,0.0,0,9.0,valid_year,Seattle,98122
945,2014-05-20,ADDR_786622fee94a7032,330000.0,2.0,1.0,860,8308,1.0,0,0,4,66,0,0.0,0,,none_recorded,Seattle,98146
961,2014-05-20,ADDR_3787c1458fd7f321,415000.0,2.0,1.0,1050,60113,1.0,0,0,4,71,0,0.0,0,,none_recorded,Auburn,98001
1041,2014-05-20,ADDR_a4d965234381e857,329995.0,4.0,2.5,2303,3680,2.0,0,0,3,1,0,0.0,0,,invalid_year,Auburn,98001
1011,2014-05-20,ADDR_af77c75c37f694ca,1690000.0,3.0,1.75,3400,8965,1.0,0,2,5,57,1,0.4647058823529412,0,,none_recorded,Seattle,98105
1037,2014-05-20,ADDR_fd53e2a4b32e3a36,500000.0,3.0,2.5,1210,1200,3.0,0,0,3,6,0,0.0,0,,none_recorded,Seattle,98103
985,2014-05-20,ADDR_ed081e7fd12b315b,525000.0,3.0,1.5,1540,4773,2.0,0,0,3,73,0,0.0,0,5.0,valid_year,Seattle,98126
991,2014-05-20,ADDR_0a1c8b00279f3031,219950.0,3.0,1.5,1650,9936,1.0,0,0,3,47,1,0.3393939393939394,0,3.0,valid_year,Federal Way,98003
1035,2014-05-20,ADDR_d88adf34d9312c9b,415000.0,3.0,2.25,1970,2377,2.0,0,0,3,6,1,0.14720812182741116,0,,none_recorded,Seattle,98108
1033,2014-05-20,ADDR_c6a2076e16b6c931,380000.0,3.0,1.75,1690,1468,2.0,0,0,3,6,1,0.1834319526627219,0,,none_recorded,Seattle,98108
941,2014-05-20,ADDR_dec1924c48c35928,599950.0,3.0,2.5,2660,4975,2.0,0,0,3,0,0,0.0,0,,none_recorded,Seattle,98118
942,2014-05-20,ADDR_57734968fb4c85e5,483945.0,2.0,1.75,1480,5120,1.0,0,0,4,63,1,0.43243243243243246,0,15.0,valid_year,Seattle,98116
953,2014-05-20,ADDR_54f9a5a820e26390,615000.0,4.0,2.75,2820,13193,1.0,0,0,3,49,1,0.3404255319148936,0,21.0,valid_year,Bellevue,98006
1024,2014-05-20,ADDR_a14a55ae4a8808bc,494000.0,4.0,1.75,2090,4300,1.5,0,0,4,89,1,0.4019138755980861,0,46.0,valid_year,Seattle,98136
958,2014-05-20,ADDR_782cfffb4970a044,760000.0,4.0,1.75,2450,13300,1.0,0,2,4,27,1,0.3346938775510204,0,,none_recorded,Bellevue,98006
1003,2014-05-20,ADDR_3ef436243ad29d26,430000.0,3.0,1.75,1200,4500,1.0,0,0,5,108,0,0.0,0,,none_recorded,Seattle,98108
1039,2014-05-20,ADDR_3a42ddc42c8fe7f6,515000.0,4.0,2.5,2670,8765,2.0,0,0,3,8,0,0.0,0,,none_recorded,Renton,98059
983,2014-05-20,ADDR_fe8b89d7945f4972,440000.0,2.0,1.75,1300,4000,2.0,0,0,3,66,0,0.0,0,20.0,valid_year,Seattle,98105
982,2014-05-20,ADDR_4aa33a0082a15805,268500.0,2.0,1.0,790,8424,1.0,0,0,4,61,0,0.0,0,31.0,valid_year,Shoreline,98133
966,2014-05-20,ADDR_57f5b154c14d1091,1300000.0,4.0,3.5,4380,74052,1.0,0,0,3,13,0,0.0,0,,none_recorded,Redmond,98053
1044,2014-05-20,ADDR_1c1b16a8fdef2448,305000.0,2.0,2.5,1590,2656,2.0,0,0,3,5,1,0.23270440251572327,0,,none_recorded,Seattle,98106
1019,2014-05-20,ADDR_e4802cc834651fd6,194000.0,1.0,1.0,820,1060,1.0,0,0,3,7,1,0.07317073170731707,0,,none_recorded,Seattle,98126
973,2014-05-20,ADDR_3d308e755cb5deba,200000.0,3.0,1.0,1050,5000,1.0,0,0,4,47,0,0.0,0,,none_recorded,Renton,98056
960,2014-05-20,ADDR_2aa8191dff43ebfa,925000.0,4.0,2.25,2260,41984,1.0,0,0,4,47,0,0.0,0,,none_recorded,Kirkland,98033
1023,2014-05-20,ADDR_d4ba9f8bd1c08370,329000.0,4.0,2.5,1600,6765,1.0,0,0,3,67,1,0.48125,0,3.0,valid_year,Seattle,98106
1018,2014-05-20,ADDR_ddd973501fa8c333,300000.0,6.0,5.25,2860,5682,2.0,0,0,3,36,0,0.0,0,,none_recorded,Auburn,98002
1025,2014-05-20,ADDR_ddd973501fa8c333,206000.0,4.0,2.0,1700,6025,1.0,0,0,3,36,0,0.0,0,,none_recorded,Auburn,98002
974,2014-05-20,ADDR_7c743b5860a78196,385000.0,3.0,1.5,1490,9630,1.0,0,0,4,55,0,0.0,0,,none_recorded,Kenmore,98028
1038,2014-05-20,ADDR_f6c152bacfacae6d,953007.0,4.0,3.5,3120,5086,2.0,0,0,3,6,1,0.20512820512820512,0,,none_recorded,Seattle,98115
1031,2014-05-20,ADDR_90608e391bd33714,625000.0,4.0,2.5,3550,8048,2.0,0,0,3,7,0,0.0,0,,none_recorded,Snoqualmie,98065
1000,2014-05-20,ADDR_ef5c4a76af7a52a2,555000.0,3.0,2.5,3050,158558,1.0,0,0,4,27,0,0.0,0,,none_recorded,Renton,98055
948,2014-05-20,ADDR_f49b3fc091a917ea,575000.0,4.0,1.75,1280,6060,1.0,0,0,3,88,1,0.328125,0,11.0,valid_year,Seattle,98117
975,2014-05-20,ADDR_f83c881c9c55f5e0,396675.0,2.0,1.0,1730,6375,2.0,0,0,4,69,0,0.0,0,,none_recorded,Seattle,98126
1042,2014-05-20,ADDR_a45d3bfb94e7de8c,409316.0,3.0,2.5,1800,3168,2.0,0,0,3,0,0,0.0,0,,none_recorded,Snoqualmie,98065
1030,2014-05-20,ADDR_b9b192deed1bac0b,395000.0,3.0,1.5,1080,2940,1.5,0,0,4,94,0,0.0,0,,none_recorded,Seattle,98115
999,2014-05-20,ADDR_6a99a582201bfd25,1100000.0,3.0,2.0,2390,6888,2.0,0,1,5,75,0,0.0,0,,none_recorded,Seattle,98115
990,2014-05-20,ADDR_6c559a243ae76e67,309000.0,3.0,1.0,1092,7500,1.5,0,0,3,96,0,0.0,0,,none_recorded,Seattle,98106
936,2014-05-20,ADDR_d6e74c49278f7ba3,551000.0,3.0,2.5,2830,5802,2.0,0,0,3,13,0,0.0,0,,none_recorded,Kenmore,98028
959,2014-05-20,ADDR_340e27ecf58645d1,387000.0,2.0,2.25,1230,1280,2.0,0,0,3,2,1,0.21951219512195122,0,,invalid_year,Seattle,98144
947,2014-05-20,ADDR_88a4b7144c8eb0cf,243000.0,2.0,1.0,1770,5522,1.5,0,0,4,71,1,0.4576271186440678,0,,none_recorded,Seattle,98178
1016,2014-05-20,ADDR_e771dbfe39c249ca,335000.0,3.0,1.0,1060,10050,1.0,0,0,4,47,0,0.0,0,,none_recorded,Kenmore,98028
1012,2014-05-20,ADDR_3e0f8be4a04736c3,330000.0,3.0,1.0,1180,43124,1.0,0,0,4,55,0,0.0,0,,none_recorded,Issaquah,98027
1005,2014-05-20,ADDR_558232e7e448da4d,620000.0,3.0,2.5,2480,9041,2.0,0,0,3,10,0,0.0,0,,invalid_year,Redmond,98053
939,2014-05-20,ADDR_df82c6545feef350,479000.0,3.0,2.5,1260,889,3.0,0,0,3,6,0,0.0,0,,none_recorded,Seattle,98109
962,2014-05-20,ADDR_3caf536ef651f131,263000.0,3.0,1.75,1570,7775,2.0,0,0,3,32,0,0.0,0,,none_recorded,Kent,98031
954,2014-05-20,ADDR_bc87352f96c6727a,490000.0,3.0,1.0,1910,8190,1.0,0,0,4,68,1,0.4712041884816754,0,25.0,valid_year,Seattle,98117
1034,2014-05-20,ADDR_6d36e768fe411f75,440000.0,3.0,1.5,1270,1443,3.0,0,0,3,7,0,0.0,0,,none_recorded,Seattle,98115
1135,2014-05-21,ADDR_0c2774a39d1b8f82,1130000.0,4.0,3.25,3810,8519,1.0,0,1,3,7,1,0.29658792650918636,0,,none_recorded,Kirkland,98033
1133,2014-05-21,ADDR_c9e5c98b9c6c4301,2700000.0,5.0,4.75,5305,8401,2.0,0,2,3,9,1,0.294062205466541,0,,none_recorded,Kirkland,98033
1066,2014-05-21,ADDR_e98b4d194033c123,475000.0,4.0,2.0,1790,2250,1.0,0,2,4,105,1,0.5307262569832403,0,25.0,valid_year,Seattle,98103
1086,2014-05-21,ADDR_0b7dee217c781fd0,405000.0,3.0,1.75,2470,9620,1.0,0,1,4,52,1,0.3643724696356275,0,,none_recorded,Des Moines,98198
1057,2014-05-21,ADDR_33e8012eb7f17385,1506000.0,4.0,3.25,3660,5800,2.5,0,0,3,105,1,0.08196721311475409,0,19.0,valid_year,Seattle,98112
1109,2014-05-21,ADDR_cf79cc9e3072f3c5,540000.0,3.0,2.0,1470,1691,2.0,0,0,3,7,1,0.3197278911564626,0,,none_recorded,Seattle,98115
1113,2014-05-21,ADDR_2c39d12f3b322058,150000.0,3.0,1.0,1010,25000,1.0,0,0,3,48,0,0.0,0,,invalid_year,Carnation,98014
1069,2014-05-21,ADDR_879f88d567d0aa2d,230000.0,5.0,2.0,1930,6120,1.5,0,0,3,73,0,0.0,0,45.0,valid_year,Seattle,98146
1052,2014-05-21,ADDR_b2de9b7976178315,420850.0,1.0,1.0,960,40946,1.0,0,0,5,69,0,0.0,0,,none_recorded,Carnation,98014
1123,2014-05-21,ADDR_1713c843a5a1ad48,396450.0,3.0,1.75,1540,12446,1.0,0,0,5,47,0,0.0,0,,none_recorded,Issaquah,98027
1063,2014-05-21,ADDR_6ab2d98896f2b392,512500.0,3.0,2.5,1900,7604,2.0,0,0,3,24,0,0.0,0,5.0,valid_year,Kirkland,98033
1068,2014-05-21,ADDR_f58cc7dbbec1fd9e,220000.0,3.0,1.0,1060,9126,1.0,0,2,5,58,0,0.0,0,,none_recorded,Enumclaw,98022
1127,2014-05-21,ADDR_6e7c7d6a00c49e53,655000.0,4.0,3.5,2350,13402,2.0,0,3,3,20,1,0.28936170212765955,0,,none_recorded,Kirkland,98033
1055,2014-05-21,ADDR_6c2fb3dedde0550b,199000.0,4.0,2.0,2030,8120,2.0,0,0,3,64,0,0.0,0,9.0,valid_year,Seattle,98178
1132,2014-05-21,ADDR_8ae7c0c561ee5daa,334990.0,4.0,2.5,2220,4228,2.0,0,0,3,0,0,0.0,0,,none_recorded,Seattle,98146
1136,2014-05-21,ADDR_c57f5468e0e4cab5,556000.0,3.0,3.0,1960,1168,2.0,0,0,3,7,1,0.1836734693877551,0,,none_recorded,Issaquah,98029
1047,2014-05-21,ADDR_5d9d124d5ebff215,325000.0,3.0,1.0,990,6750,1.0,0,0,4,67,0,0.0,0,26.0,valid_year,Seattle,98133
1051,2014-05-21,ADDR_68b71dd6b633114c,189650.0,2.0,1.75,1100,7600,1.0,0,0,3,34,0,0.0,0,,none_recorded,Des Moines,98198
1081,2014-05-21,ADDR_224b2a87eb7ad840,1003000.0,4.0,2.75,2290,6120,2.0,0,0,4,88,1,0.05240174672489083,0,21.0,valid_year,Seattle,98115
1050,2014-05-21,ADDR_eee18ccb0288acb5,374000.0,3.0,1.75,2000,9416,1.0,0,0,4,53,0,0.0,0,13.0,valid_year,Kirkland,98033
1099,2014-05-21,ADDR_6e6555f653c5b9b1,246000.0,3.0,1.5,1780,23819,1.0,0,0,3,61,0,0.0,0,,none_recorded,Seattle,98168
1129,2014-05-21,ADDR_09859550ddaa43f0,1550000.0,3.0,2.5,4460,26027,2.0,0,0,3,22,0,0.0,0,,none_recorded,Kirkland,98033
1054,2014-05-21,ADDR_373e70978a217b4f,1065000.0,2.0,1.75,1890,9466,2.0,0,0,3,27,0,0.0,0,14.0,valid_year,Bellevue,98004
1119,2014-05-21,ADDR_662cc534ab3f3f5a,556000.0,3.0,2.25,2020,3600,2.0,0,0,3,16,0,0.0,0,8.0,valid_year,Kirkland,98033
1100,2014-05-21,ADDR_555c1c7349aacf9e,535000.0,2.0,1.0,1030,4841,1.0,0,0,3,75,1,0.10679611650485436,0,45.0,valid_year,Seattle,98103
1128,2014-05-21,ADDR_5c8cca462aad0f7e,1185000.0,3.0,2.25,2760,40946,2.0,0,0,5,36,0,0.0,0,,none_recorded,Bellevue,98005
1090,2014-05-21,ADDR_3f95dbf7ffaa3a23,975000.0,5.0,4.0,4850,36450,2.0,0,0,3,37,0,0.0,0,10.0,valid_year,Bellevue,98005
1126,2014-05-21,ADDR_d172aed200fc5716,260000.0,6.0,2.0,2220,8797,1.0,0,0,3,37,0,0.0,0,10.0,valid_year,Auburn,98002
1121,2014-05-21,ADDR_dcca68218d6019cb,430000.0,3.0,2.75,2550,11160,2.0,0,0,3,20,0,0.0,0,,none_recorded,Shoreline,98155
1112,2014-05-21,ADDR_96c264bd280418a3,625000.0,4.0,2.5,2630,48706,2.0,0,0,3,28,0,0.0,0,,none_recorded,Woodinville,98072
1079,2014-05-21,ADDR_c976e02a34587225,542500.0,5.0,3.25,3010,1074218,1.5,0,0,5,83,1,0.33222591362126247,0,,none_recorded,Issaquah,98027
1059,2014-05-21,ADDR_fee64ac859aa39d1,442000.0,4.0,2.25,2080,12007,1.0,0,0,4,35,1,0.41346153846153844,0,,none_recorded,Sammamish,98074
1046,2014-05-21,ADDR_590676c047851f5a,240000.0,2.0,1.75,1330,7200,1.0,0,0,3,21,0,0.0,0,,none_recorded,SeaTac,98188
1080,2014-05-21,ADDR_ae933efb8d8240e7,330000.0,3.0,1.0,1250,9126,1.0,0,0,3,45,0,0.0,0,4.0,valid_year,Woodinville,98077
1096,2014-05-21,ADDR_1265d683ad405794,344500.0,4.0,2.75,1800,5453,1.0,0,0,3,12,1,0.4166666666666667,0,,none_recorded,Renton,98055
1056,2014-05-21,ADDR_9f1fb4af4b299d50,195000.0,3.0,1.75,1380,7350,1.0,0,0,3,33,1,0.2826086956521739,0,1.0,valid_year,Covington,98042
1094,2014-05-21,ADDR_8892f783dea1bf23,255000.0,3.0,1.5,1060,9039,1.0,0,0,3,41,0,0.0,0,1.0,valid_year,Renton,98058
1101,2014-05-21,ADDR_feb2431a4b07635e,970000.0,4.0,3.25,2790,5420,1.0,0,3,3,51,1,0.5949820788530465,0,1.0,valid_year,Shoreline,98177
1114,2014-05-21,ADDR_e201c4c67226b7d1,389999.0,3.0,2.25,1445,1471,2.0,0,0,3,11,1,0.10034602076124567,0,,none_recorded,Issaquah,98027
1049,2014-05-21,ADDR_bec8702cb84de4cc,720000.0,3.0,2.5,2020,1159,3.0,0,3,3,14,0,0.0,0,,none_recorded,Seattle,98103
1095,2014-05-21,ADDR_f86292f9cc998196,668750.0,4.0,2.5,2340,6420,1.0,0,2,3,50,1,0.32051282051282054,0,14.0,valid_year,Shoreline,98177
1088,2014-05-21,ADDR_01d2c731a48ee4c7,256750.0,3.0,2.5,1990,8991,1.0,0,0,3,45,1,0.21105527638190955,0,4.0,valid_year,Kent,98042
1120,2014-05-21,ADDR_22968bce78265bbe,275000.0,3.0,2.5,2030,6326,2.0,0,0,3,21,0,0.0,0,,none_recorded,Maple Valley,98038
1130,2014-05-21,ADDR_e5711e7f7a3d395a,413800.0,3.0,2.0,1440,4421,1.0,0,0,3,7,0,0.0,0,,none_recorded,Redmond,98053
1089,2014-05-21,ADDR_31182c6f0ff1937d,332500.0,3.0,2.25,1800,10500,2.0,0,0,3,19,0,0.0,0,,none_recorded,Maple Valley,98038
1108,2014-05-21,ADDR_cf3e98fcee9cab0c,1220000.0,4.0,2.5,3240,3600,2.0,0,0,3,6,1,0.36419753086419754,0,,none_recorded,Seattle,98109
1087,2014-05-21,ADDR_fa6310a022e18f3f,360000.0,2.0,0.75,850,7710,1.0,0,2,5,105,1,0.35294117647058826,0,26.0,valid_year,Seattle,98108
1085,2014-05-21,ADDR_ba028e917da79ea0,195000.0,2.0,1.0,1080,3899,1.0,0,0,4,42,0,0.0,0,,none_recorded,Des Moines,98198
1124,2014-05-21,ADDR_83af112d10f7984e,225000.0,2.0,1.0,1396,111949,1.0,0,0,3,74,0,0.0,0,17.0,valid_year,Redmond,98053
1092,2014-05-21,ADDR_a6853183b57f1db1,429000.0,3.0,2.5,2420,49928,2.0,0,0,3,29,1,0.23140495867768596,0,,none_recorded,Issaquah,98027
1116,2014-05-21,ADDR_58b6bdba4c686119,744000.0,4.0,2.75,2830,13059,2.0,0,0,3,16,0,0.0,0,8.0,valid_year,Sammamish,98075
1098,2014-05-21,ADDR_73caa10194f98dd4,540000.0,3.0,1.75,1300,62290,1.0,0,0,3,31,0,0.0,0,5.0,valid_year,Redmond,98053
1104,2014-05-21,ADDR_f4526810ae02fa92,712000.0,4.0,2.5,3400,247421,2.0,0,0,3,13,0,0.0,0,,none_recorded,Ravensdale,98051
1067,2014-05-21,ADDR_38f3d1c3e46e29ff,250000.0,3.0,2.0,1170,7258,1.0,0,0,3,30,0,0.0,0,,none_recorded,Auburn,98001
1083,2014-05-21,ADDR_98144d98094e8f17,299900.0,3.0,2.5,2720,6014,2.0,0,0,3,12,0,0.0,0,,none_recorded,Auburn,98092
1065,2014-05-21,ADDR_4b8b57d12497853f,525000.0,3.0,2.75,2100,10362,2.0,0,0,3,16,1,0.28095238095238095,0,8.0,valid_year,Snoqualmie Pass,98068
1105,2014-05-21,ADDR_265dec8c6434b37c,450000.0,2.0,1.0,1200,4000,1.0,0,0,3,74,1,0.10833333333333334,0,18.0,valid_year,Seattle,98126
1075,2014-05-21,ADDR_3108a0bd93210877,175000.0,3.0,1.75,1230,13056,1.0,0,0,4,52,0,0.0,0,,none_recorded,Auburn,98001
1053,2014-05-21,ADDR_68d6bd2263907e95,815000.0,4.0,2.75,3488,9614,2.0,0,0,3,16,0,0.0,0,8.0,valid_year,Redmond,98074
1061,2014-05-21,ADDR_60d0b03c40756f29,635000.0,4.0,2.25,2750,6180,1.0,0,0,4,66,1,0.45454545454545453,0,,none_recorded,Seattle,98118
1058,2014-05-21,ADDR_05edc49020f2896a,288400.0,3.0,2.25,1870,3230,2.0,0,0,3,17,0,0.0,0,,none_recorded,Renton,98056
1084,2014-05-21,ADDR_ab6458a270a16f92,691000.0,4.0,2.75,2550,8632,1.0,0,0,3,42,1,0.3333333333333333,0,12.0,valid_year,Kirkland,98033
1048,2014-05-21,ADDR_2eca31cff5208513,535800.0,4.0,2.5,1900,5790,2.0,0,0,3,20,0,0.0,0,,none_recorded,Issaquah,98029
1118,2014-05-21,ADDR_78d78e109add791c,318989.0,4.0,2.25,2000,9000,1.0,0,0,4,36,0,0.0,0,14.0,valid_year,Federal Way,98023
1117,2014-05-21,ADDR_02d75f04ffada595,700000.0,4.0,2.5,3010,46173,2.0,0,0,3,18,0,0.0,0,,none_recorded,Redmond,98053
1078,2014-05-21,ADDR_c7bf3065b88a33c0,1580000.0,3.0,3.25,3690,7200,2.0,0,0,3,7,0,0.0,0,,none_recorded,Kirkland,98033
1107,2014-05-21,ADDR_abb7126b6d1c2591,525000.0,3.0,1.0,1450,4000,1.0,0,1,4,66,1,0.3448275862068966,0,,none_recorded,Seattle,98118
1125,2014-05-21,ADDR_867ea9c1c9ee9761,700000.0,4.0,3.25,2780,7875,2.0,0,0,3,8,0,0.0,0,,none_recorded,Seattle,98133
1071,2014-05-21,ADDR_b3e08bcc1ec55485,895000.0,5.0,3.0,2876,13927,1.0,0,2,4,41,1,0.3150208623087622,0,,none_recorded,Mercer Island,98040
1076,2014-05-21,ADDR_ddd911f91e96f45d,270000.0,3.0,1.75,1390,10905,1.0,0,0,3,57,1,0.381294964028777,0,14.0,valid_year,Seattle,98106
1111,2014-05-21,ADDR_18495374cd5cf576,600000.0,3.0,2.25,2230,9053,2.0,0,0,4,27,0,0.0,0,,none_recorded,Bellevue,98007
1077,2014-05-21,ADDR_e53d0ed81c3b9d29,495000.0,3.0,3.5,2380,6250,2.0,0,3,3,17,1,0.29831932773109243,0,,none_recorded,Seattle,98118
1093,2014-05-21,ADDR_3fe13b12d0063dec,589000.0,4.0,2.5,2910,5776,2.0,0,2,3,16,0,0.0,0,8.0,valid_year,Snoqualmie,98065
4410,2014-05-21,ADDR_0214b51fe3f8a75d,266066.67,4.0,1.0,1310,5200,1.5,0,0,3,69,1,0.11450381679389313,0,4.0,valid_year,Seattle,98126
1097,2014-05-21,ADDR_3dc4cafa55271802,452000.0,4.0,2.0,1660,6150,1.0,0,0,3,69,1,0.4879518072289157,0,4.0,valid_year,Seattle,98126
1106,2014-05-21,ADDR_f8abba67dd8c2d13,220000.0,4.0,2.5,2160,8005,2.0,0,0,3,21,0,0.0,0,,none_recorded,Pacific,98047
1064,2014-05-21,ADDR_3f8a50774c479cfa,567000.0,3.0,2.5,2540,6093,2.0,0,0,3,15,0,0.0,0,,none_recorded,Kirkland,98034
1103,2014-05-21,ADDR_8a888b1405386007,520000.0,4.0,2.5,3290,11446,2.0,0,0,3,22,0,0.0,0,,none_recorded,Kenmore,98028
1082,2014-05-21,ADDR_92feb41b8be82428,299800.0,2.0,1.0,790,5240,1.0,0,0,4,89,0,0.0,0,46.0,valid_year,Seattle,98118
1134,2014-05-21,ADDR_2e486bef2c1473c4,1030000.0,3.0,4.0,3880,13095,2.0,0,3,3,5,1,0.04639175257731959,0,,none_recorded,Kirkland,98034
1131,2014-05-21,ADDR_a766f51b9707c54d,950000.0,5.0,3.75,5330,6000,2.0,0,2,3,8,1,0.3302063789868668,0,,none_recorded,Issaquah,98027
1110,2014-05-21,ADDR_9eac2921b976821e,600000.0,4.0,2.5,2360,5226,2.0,0,0,3,13,0,0.0,0,,none_recorded,Kirkland,98034
1060,2014-05-21,ADDR_255c74f96ffd6e5f,619420.0,4.0,2.75,2450,14803,2.0,0,0,4,26,0,0.0,0,,none_recorded,Newcastle,98059
1115,2014-05-21,ADDR_48caa588b746342d,285000.0,3.0,1.75,2380,6000,1.5,0,0,3,79,1,0.44537815126050423,0,40.0,valid_year,Seattle,98178
1070,2014-05-21,ADDR_28d66024ba1e22f5,385500.0,3.0,2.0,1540,7947,1.0,0,0,3,53,1,0.2727272727272727,0,10.0,valid_year,Bothell,98011
1072,2014-05-21,ADDR_c8225bd476ce0c96,368250.0,3.0,2.5,2150,7484,2.0,0,0,3,26,0,0.0,0,14.0,valid_year,Sammamish,98074
1137,2014-05-21,ADDR_e78315ac9ff555e0,360000.0,3.0,2.5,1530,1131,3.0,0,0,3,5,0,0.0,0,,none_recorded,Seattle,98103
1073,2014-05-21,ADDR_4814a514e1cbfa6a,249900.0,2.0,1.0,1140,5500,1.0,0,0,3,67,0,0.0,0,2.0,valid_year,Seattle,98106
1102,2014-05-21,ADDR_c7df61a584cf3073,430000.0,3.0,1.0,1150,3000,1.0,0,0,5,108,0,0.0,0,,none_recorded,Seattle,98103
1091,2014-05-21,ADDR_ef71aeaf1aa61881,218000.0,3.0,1.0,1020,7874,1.0,0,0,3,58,0,0.0,0,13.0,valid_year,Seattle,98106
1062,2014-05-21,ADDR_ef98f9f768342db0,210000.0,3.0,1.0,1240,4842,1.0,0,0,4,98,0,0.0,0,,none_recorded,Seattle,98118
1074,2014-05-21,ADDR_18c2de7a829b87c9,350000.0,3.0,1.5,980,7790,1.0,0,0,5,45,0,0.0,0,,none_recorded,Kirkland,98034
1122,2014-05-21,ADDR_5db628388d7fb7f3,300000.0,2.0,1.0,970,13700,1.0,0,0,3,65,0,0.0,0,16.0,valid_year,Seattle,98106
1187,2014-05-22,ADDR_ac99934d72222dc8,1180500.0,3.0,1.75,1610,7200,1.0,0,0,3,41,1,0.32298136645962733,0,1.0,valid_year,Seattle,98112
1169,2014-05-22,ADDR_fbeb9045024312fb,150000.0,2.0,1.0,820,10270,1.0,0,0,3,60,0,0.0,0,9.0,valid_year,Seattle,98168
1214,2014-05-22,ADDR_271968f1f2f1b480,660000.0,3.0,2.5,2450,4332,2.0,0,0,3,4,0,0.0,0,,none_recorded,Redmond,98053
1145,2014-05-22,ADDR_f6142920f4b014ea,373500.0,2.0,1.0,800,3330,1.0,0,0,3,96,0,0.0,0,,none_recorded,Seattle,98107
4327,2014-05-22,ADDR_36fa6e561fcfb7d8,370000.0,4.0,2.75,3150,67518,1.0,0,0,4,49,1,0.2857142857142857,0,,none_recorded,Auburn,98092
1165,2014-05-22,ADDR_35c59f9d050a2065,235750.0,2.0,1.0,740,11250,1.0,0,0,2,76,0,0.0,0,,none_recorded,Seattle,98146
1139,2014-05-22,ADDR_f2f8ef7e10b34bc3,324000.0,3.0,2.5,1750,7208,2.0,0,0,3,20,0,0.0,0,,none_recorded,Renton,98055
1149,2014-05-22,ADDR_9508a072fa1dd608,494400.0,2.0,1.75,1560,1750,1.0,0,0,4,110,1,0.5,0,,none_recorded,Seattle,98109
1140,2014-05-22,ADDR_e8825c4f34854dbc,1050000.0,4.0,3.25,3440,35021,2.0,0,0,3,31,0,0.0,0,5.0,valid_year,Kirkland,98033
1163,2014-05-22,ADDR_3e97b48cbc4ab7a4,305000.0,4.0,1.75,2200,8100,1.5,0,0,5,72,1,0.36363636363636365,0,,none_recorded,Seattle,98168
1175,2014-05-22,ADDR_02738562d34c2566,337000.0,3.0,1.0,1070,6109,1.0,0,0,5,63,0,0.0,0,,none_recorded,Seattle,98125
1186,2014-05-22,ADDR_aaf195cdf1cc288d,677000.0,3.0,2.0,2000,3207,1.0,0,0,4,98,1,0.45,0,,none_recorded,Seattle,98103
1199,2014-05-22,ADDR_06422814e509cc00,648360.0,4.0,1.75,2260,7005,1.0,0,1,4,67,1,0.5,0,26.0,valid_year,Kirkland,98033
1185,2014-05-22,ADDR_2e60851c8f01bd9b,180000.0,4.0,1.5,1740,7292,1.0,0,0,3,52,1,0.41379310344827586,0,11.0,valid_year,SeaTac,98168
1208,2014-05-22,ADDR_04cd7b0208938ee4,321000.0,3.0,2.25,1347,1292,3.0,0,0,3,4,0,0.0,0,,none_recorded,Seattle,98125
1146,2014-05-22,ADDR_149c3af8c402ed57,770000.0,4.0,2.5,2350,8001,2.0,0,0,4,27,0,0.0,0,,none_recorded,Bellevue,98006
1178,2014-05-22,ADDR_ff63ecedf906396b,348580.0,3.0,1.0,1220,7876,1.0,0,0,3,48,0,0.0,0,,invalid_year,Kirkland,98034
1193,2014-05-22,ADDR_4299186764b82558,665000.0,4.0,2.5,2600,17388,2.0,0,0,3,18,0,0.0,0,,none_recorded,Newcastle,98059
1210,2014-05-22,ADDR_89c5b49a97593875,2150000.0,4.0,5.5,5060,10320,2.0,0,0,3,6,0,0.0,0,,none_recorded,Bellevue,98004
1216,2014-05-22,ADDR_9571d4d4e1e78e5a,259000.0,3.0,2.5,1550,3569,2.0,0,0,3,3,0,0.0,0,,none_recorded,Auburn,98002
1202,2014-05-22,ADDR_d8cf538cdf88a726,353250.0,2.0,1.0,1060,1600,2.0,0,0,3,35,0,0.0,0,0.0,valid_year,Seattle,98144
1182,2014-05-22,ADDR_3555c8653117cb1a,910000.0,4.0,3.25,3340,10890,1.5,0,0,3,51,1,0.32934131736526945,0,14.0,valid_year,Redmond,98052
1147,2014-05-22,ADDR_788183ba69912b65,356000.0,2.0,1.75,1060,16470,1.0,0,0,3,37,0,0.0,0,10.0,valid_year,Woodinville,98072
1171,2014-05-22,ADDR_4332b9648b4da937,555000.0,4.0,2.25,2350,8140,1.0,0,0,4,37,1,0.39148936170212767,0,,none_recorded,Bellevue,98006
1217,2014-05-22,ADDR_7220c5dcb0d941ee,353000.0,1.0,1.0,550,1279,2.0,0,0,3,6,0,0.0,0,,none_recorded,Seattle,98122
1167,2014-05-22,ADDR_d985ac2b8e6a0a23,385000.0,3.0,1.0,1250,7300,1.0,0,0,4,58,0,0.0,0,,none_recorded,Bellevue,98008
1170,2014-05-22,ADDR_733afe1119a2be89,254500.0,4.0,2.75,2570,7264,2.0,0,0,3,16,1,0.33073929961089493,0,8.0,valid_year,Auburn,98092
1189,2014-05-22,ADDR_9b1749c01031427d,482000.0,5.0,2.25,2230,9600,1.0,0,0,3,36,1,0.4080717488789238,0,,none_recorded,Woodinville,98077
1143,2014-05-22,ADDR_ccdf7d487c79bc88,749000.0,4.0,2.5,2930,18199,2.0,0,0,3,16,0,0.0,0,8.0,valid_year,Sammamish,98075
1181,2014-05-22,ADDR_1cce8ffd38bdfdf8,295000.0,4.0,2.0,980,10640,1.0,0,0,5,36,0,0.0,0,,none_recorded,North Bend,98045
1162,2014-05-22,ADDR_e77908e33fb7d769,320000.0,3.0,2.0,1110,10500,1.0,0,0,5,36,0,0.0,0,,none_recorded,North Bend,98045
4328,2014-05-22,ADDR_d808b0d5cd41d2e0,475000.0,3.0,2.25,1820,8008,1.0,0,0,3,33,1,0.31868131868131866,0,1.0,valid_year,Redmond,98052
1151,2014-05-22,ADDR_51c856c05662ff4f,926300.0,3.0,1.5,1660,4800,2.0,0,0,3,107,0,0.0,0,31.0,valid_year,Seattle,98119
1194,2014-05-22,ADDR_caaa505ef3246dd4,592500.0,4.0,3.0,2170,8240,1.0,0,0,4,46,1,0.3686635944700461,0,,none_recorded,Redmond,98052
4345,2014-05-22,ADDR_26e8e43ad8d46cac,850000.0,4.0,3.25,3090,6744,2.0,0,4,3,1,0,0.0,0,,invalid_year,Shoreline,98177
4337,2014-05-22,ADDR_c674ff8e98fdb5e4,657500.0,3.0,2.5,2670,10496,2.0,0,0,3,25,0,0.0,0,,none_recorded,Sammamish,98074
1142,2014-05-22,ADDR_983d6f5a49070803,180000.0,3.0,1.0,870,5330,1.0,0,0,3,45,0,0.0,0,0.0,valid_year,Covington,98042
1153,2014-05-22,ADDR_d2121f12c04d6b1b,430000.0,4.0,3.0,3220,8936,2.0,0,0,3,24,1,0.2391304347826087,0,5.0,valid_year,Kent,98031
1198,2014-05-22,ADDR_e2be91ca31d4a500,380000.0,2.0,2.5,1230,987,2.0,0,0,3,3,1,0.13821138211382114,0,,none_recorded,Seattle,98144
1188,2014-05-22,ADDR_4aaaf1f2953891ad,635700.0,4.0,2.5,3240,13978,1.0,0,0,3,37,1,0.42592592592592593,0,10.0,valid_year,Sammamish,98074
1200,2014-05-22,ADDR_2543a3af75780093,432000.0,3.0,2.75,2200,14925,1.0,0,0,3,32,1,0.5,0,,none_recorded,Redmond,98053
1206,2014-05-22,ADDR_a34474bb51735739,330000.0,4.0,3.5,3150,6202,2.0,0,0,3,9,0,0.0,0,,none_recorded,Kent,98042
1173,2014-05-22,ADDR_4db24886e4be4776,245000.0,4.0,2.0,1580,8000,1.0,0,0,3,47,1,0.34177215189873417,0,3.0,valid_year,Federal Way,98003
1218,2014-05-22,ADDR_bd6cd006aa2b56a3,430000.0,2.0,2.5,1520,1588,2.0,0,0,3,7,1,0.18421052631578946,0,,none_recorded,Seattle,98144
1203,2014-05-22,ADDR_67bb12f3a365cbee,1000000.0,4.0,3.0,4260,18687,2.0,0,0,3,18,0,0.0,0,,none_recorded,Sammamish,98075
1209,2014-05-22,ADDR_ab01c02e2dd82673,1051000.0,4.0,3.75,3860,5474,2.5,0,0,3,7,0,0.0,0,,none_recorded,Issaquah,98029
1172,2014-05-22,ADDR_283efaf05b44bd59,1075000.0,4.0,3.0,3600,9200,1.0,0,4,4,38,1,0.4166666666666667,0,22.0,valid_year,Bellevue,98008
1154,2014-05-22,ADDR_5e977521fae95363,307000.0,3.0,1.5,2320,7500,1.0,0,0,3,38,0,0.0,0,,none_recorded,Duvall,98019
1155,2014-05-22,ADDR_a778f66dfdddaf87,604700.0,4.0,2.75,2750,14982,1.0,0,3,3,33,1,0.37454545454545457,0,1.0,valid_year,Des Moines,98198
1138,2014-05-22,ADDR_94d2ab37b25e6c2f,480000.0,4.0,2.25,3250,34293,2.0,0,0,4,31,0,0.0,0,,none_recorded,Kent,98042
1196,2014-05-22,ADDR_7d79ba63f242d50a,655000.0,4.0,2.5,2860,12394,2.0,0,0,3,15,0,0.0,0,,none_recorded,Sammamish,98075
1160,2014-05-22,ADDR_56f868dce2e74a5c,361000.0,3.0,1.0,1100,4046,1.5,0,4,4,92,0,0.0,0,,none_recorded,Des Moines,98198
1192,2014-05-22,ADDR_b9187a2372b03449,398000.0,2.0,1.0,590,10945,1.5,0,0,3,31,0,0.0,0,5.0,valid_year,Black Diamond,98010
4411,2014-05-22,ADDR_cfd6f097b80c500d,342246.43,4.0,2.5,1980,7403,2.0,0,0,3,26,0,0.0,0,14.0,valid_year,Federal Way,98023
1156,2014-05-22,ADDR_7ad75d1136788bab,219900.0,3.0,1.0,910,6000,1.0,0,0,2,58,0,0.0,0,,none_recorded,Seattle,98146
1179,2014-05-22,ADDR_fb9435e53fdc8e85,180000.0,2.0,1.0,1400,4500,1.0,0,0,3,92,1,0.35714285714285715,0,6.0,valid_year,Renton,98057
4415,2014-05-22,ADDR_b5b5b16cbd65326a,240015.33,4.0,2.25,1720,8300,1.0,0,0,4,41,0,0.0,0,,none_recorded,Federal Way,98023
1191,2014-05-22,ADDR_ee43dbe7a8f49b9d,805000.0,4.0,2.75,2410,6000,1.0,0,0,5,64,1,0.4149377593360996,0,,none_recorded,Seattle,98107
1201,2014-05-22,ADDR_4ad5ccf646ce4c3e,1050000.0,4.0,2.5,3030,12590,1.5,0,0,4,26,0,0.0,0,,none_recorded,Bellevue,98004
1168,2014-05-22,ADDR_d9c6dfcc2d24c1bc,389950.0,4.0,2.5,3140,8060,2.0,0,0,3,23,0,0.0,0,,none_recorded,Federal Way,98023
1197,2014-05-22,ADDR_88c3808422865807,622500.0,4.0,2.5,2980,8107,2.0,0,0,3,14,0,0.0,0,,none_recorded,Snoqualmie,98065
1205,2014-05-22,ADDR_67e9df684e525341,349900.0,4.0,2.5,2052,3723,2.0,0,0,3,0,0,0.0,0,,none_recorded,Federal Way,98003
1141,2014-05-22,ADDR_fc5c5593759ad20a,275000.0,1.0,0.75,1170,14149,1.0,0,0,5,52,1,0.24786324786324787,0,,none_recorded,Enumclaw,98022
1207,2014-05-22,ADDR_209686374531af79,408000.0,3.0,2.25,1950,7221,1.0,0,0,4,8,0,0.0,0,,none_recorded,SeaTac,98188
1150,2014-05-22,ADDR_f847e8f9ae62d62d,585000.0,4.0,1.75,3000,42200,1.0,0,3,3,64,1,0.5,0,9.0,valid_year,Renton,98056
1164,2014-05-22,ADDR_7760b5835b7541fc,503000.0,2.0,1.75,2860,59612,1.0,1,4,3,66,1,0.47202797202797203,0,11.0,valid_year,Federal Way,98023
1177,2014-05-22,ADDR_9afc96663e9d533e,1170000.0,3.0,2.75,2890,12130,2.0,0,3,4,27,1,0.020761245674740483,0,,none_recorded,Kirkland,98033
1183,2014-05-22,ADDR_c139b695f5daaa91,1150000.0,6.0,4.5,6040,219542,2.0,0,0,3,18,1,0.3211920529801324,0,,none_recorded,Issaquah,98029
1180,2014-05-22,ADDR_8dce7a8116945aa7,400000.0,3.0,1.0,1040,6250,1.0,0,0,3,72,0,0.0,0,15.0,valid_year,Seattle,98136
1152,2014-05-22,ADDR_9e2ed6a7366bbaf7,600000.0,3.0,1.75,1650,5100,1.0,0,0,5,106,1,0.3696969696969697,0,,none_recorded,Seattle,98115
1166,2014-05-22,ADDR_1d6aa2090e8c5586,657000.0,4.0,1.75,2740,8520,1.0,0,2,3,60,1,0.5,0,9.0,valid_year,Seattle,98118
1159,2014-05-22,ADDR_964df802aa8be6f5,300000.0,6.0,2.0,2040,10812,1.0,0,0,4,71,0,0.0,0,,none_recorded,Renton,98056
1195,2014-05-22,ADDR_ce405a1bc391ea70,940000.0,4.0,2.75,2080,4000,1.5,0,0,3,102,0,0.0,0,14.0,valid_year,Seattle,98107
1161,2014-05-22,ADDR_b47d24f4da945d54,249950.0,2.0,1.0,940,8532,1.0,0,0,4,55,0,0.0,0,,none_recorded,Burien,98166
1176,2014-05-22,ADDR_a037193073f87c06,492000.0,4.0,2.0,1640,5000,2.0,0,0,3,107,0,0.0,0,31.0,valid_year,Seattle,98107
1184,2014-05-22,ADDR_2e9846241075a7f4,431500.0,3.0,3.5,1900,1612,2.0,0,0,3,6,1,0.24736842105263157,0,,none_recorded,Seattle,98136
1148,2014-05-22,ADDR_419c37326e7e1d67,625000.0,3.0,1.75,2060,12558,1.0,0,0,4,30,1,0.3446601941747573,0,,none_recorded,Redmond,98052
1174,2014-05-22,ADDR_1b81fb15e94b1487,319950.0,2.0,1.0,1070,5824,1.0,0,2,5,65,0,0.0,0,,none_recorded,Seattle,98178
1211,2014-05-22,ADDR_80e7553f5cf3032c,359000.0,3.0,1.5,1360,885,3.0,0,0,3,6,0,0.0,0,,none_recorded,Seattle,98103
1158,2014-05-22,ADDR_751d2139ae952983,432000.0,3.0,2.25,1470,1578,2.0,0,0,3,7,1,0.2585034013605442,0,,none_recorded,Seattle,98136
1204,2014-05-22,ADDR_657d45300e161bee,320000.0,3.0,2.25,998,844,2.0,0,0,3,7,1,0.20040080160320642,0,,none_recorded,Seattle,98117
1212,2014-05-22,ADDR_e737a0ac8c1e9feb,300000.0,5.0,2.5,2760,6000,2.0,0,0,3,8,0,0.0,0,,none_recorded,Seattle,98108
1215,2014-05-22,ADDR_ede9480f60406b2c,355000.0,3.0,2.25,1280,959,3.0,0,0,3,9,0,0.0,0,,none_recorded,Seattle,98103
1190,2014-05-22,ADDR_c1e02a0e666d357a,168000.0,2.0,2.5,1160,2174,2.0,0,0,3,16,0,0.0,0,8.0,valid_year,Seattle,98106
1213,2014-05-22,ADDR_72d423eb92321f0a,380000.0,5.0,3.5,2420,4670,2.0,0,0,3,1,0,0.0,0,,invalid_year,Seattle,98118
1157,2014-05-22,ADDR_d230901715626e84,270000.0,2.0,1.5,840,867,2.0,0,0,3,9,0,0.0,0,,none_recorded,Seattle,98115
1144,2014-05-22,ADDR_11172f92eb44b095,1600000.0,3.0,2.5,3160,12824,1.0,0,2,4,48,1,0.4240506329113924,0,,none_recorded,Bellevue,98004
1280,2014-05-23,ADDR_5fbf727ad142fc6d,244000.0,4.0,1.0,1450,8960,1.0,0,0,3,71,0,0.0,0,12.0,valid_year,Seattle,98146
1246,2014-05-23,ADDR_3a496e29ff34113f,535000.0,3.0,2.5,2210,7620,2.0,0,0,3,20,0,0.0,0,,none_recorded,Redmond,98052
1290,2014-05-23,ADDR_3da0a627cccfd80f,255000.0,3.0,2.0,1490,8371,1.5,0,0,3,30,0,0.0,0,,none_recorded,Kent,98031
1292,2014-05-23,ADDR_656bc2a9a607ab66,550000.0,3.0,2.0,1830,9152,1.0,0,0,5,55,0,0.0,0,,none_recorded,Bellevue,98006
1291,2014-05-23,ADDR_6300639d214e387e,665000.0,3.0,2.75,1800,9550,1.0,0,0,4,48,1,0.26666666666666666,0,,none_recorded,Bellevue,98006
1294,2014-05-23,ADDR_5356d2153c1ccd61,334000.0,4.0,2.5,2210,6080,1.0,0,2,4,49,1,0.36199095022624433,0,,none_recorded,Seattle,98178
1237,2014-05-23,ADDR_602be813762a1841,149000.0,3.0,1.0,1700,8645,1.0,0,0,3,59,0,0.0,0,9.0,valid_year,Seattle,98146
1257,2014-05-23,ADDR_db52d3698ed25a47,410000.0,3.0,2.0,1650,9641,1.5,0,0,3,31,0,0.0,0,5.0,valid_year,Kirkland,98034
1293,2014-05-23,ADDR_acf12608dc66926a,606000.0,3.0,1.0,1500,3920,1.0,0,0,3,67,1,0.3333333333333333,0,2.0,valid_year,Seattle,98107
1224,2014-05-23,ADDR_c5e8064915df7c29,980000.0,4.0,3.0,3680,5854,1.0,0,3,3,47,1,0.44021739130434784,0,3.0,valid_year,Seattle,98199
1251,2014-05-23,ADDR_1362ac7358064ebb,416000.0,3.0,1.5,1110,9762,1.0,0,0,4,51,0,0.0,0,,none_recorded,Redmond,98052
1260,2014-05-23,ADDR_c9694bba1f897917,735000.0,3.0,2.5,2390,9157,2.0,0,0,3,30,0,0.0,0,,none_recorded,Redmond,98052
1248,2014-05-23,ADDR_825e7cefe0a1628e,465425.0,4.0,2.75,2430,20720,1.0,0,0,3,47,0,0.0,0,3.0,valid_year,Woodinville,98072
1231,2014-05-23,ADDR_8881f852aac9ce75,306000.0,2.0,1.0,780,13500,1.0,0,0,4,68,0,0.0,0,25.0,valid_year,Woodinville,98077
1272,2014-05-23,ADDR_226f838387acb02f,335000.0,4.0,2.5,1750,8476,1.0,0,0,4,31,1,0.2914285714285714,0,,none_recorded,Renton,98058
1242,2014-05-23,ADDR_27675dccca38a2b4,950000.0,5.0,3.25,3400,7452,2.0,0,0,3,15,0,0.0,0,,none_recorded,Bellevue,98007
1289,2014-05-23,ADDR_6374c8c6db33ed5c,388000.0,4.0,2.5,2440,7155,2.0,0,0,3,21,0,0.0,0,,none_recorded,Renton,98058
1255,2014-05-23,ADDR_d32ffa0633c62768,433000.0,4.0,1.75,1830,9600,1.0,0,0,4,48,1,0.44808743169398907,0,,none_recorded,Bellevue,98006
1271,2014-05-23,ADDR_794afea0c21a2d66,350000.0,3.0,1.0,1010,11244,1.0,0,0,4,67,0,0.0,0,26.0,valid_year,Shoreline,98155
1221,2014-05-23,ADDR_df92d53b64f06083,782000.0,4.0,2.5,2380,9614,2.0,0,0,4,23,0,0.0,0,,none_recorded,Bellevue,98006
1299,2014-05-23,ADDR_ea5697585546f90d,375000.0,2.0,2.5,750,1430,2.0,0,0,3,8,0,0.0,0,,none_recorded,Seattle,98122
1287,2014-05-23,ADDR_9dbd323fc1b297f4,379000.0,2.0,1.0,800,6380,1.0,0,2,3,74,0,0.0,0,18.0,valid_year,Seattle,98115
1240,2014-05-23,ADDR_2e3f640849e7f25a,1050000.0,3.0,4.0,4380,42769,2.0,0,0,5,31,0,0.0,0,,none_recorded,Redmond,98052
1232,2014-05-23,ADDR_44f51ef2829d372f,235000.0,4.0,2.5,1810,39639,1.0,0,0,3,44,1,0.32044198895027626,0,0.0,valid_year,Kent,98042
1243,2014-05-23,ADDR_6b0056a6adf0ab9a,377691.0,5.0,1.75,2120,8399,1.0,0,0,4,72,1,0.37735849056603776,0,32.0,valid_year,Shoreline,98133
1282,2014-05-23,ADDR_ad885e5d4363da1e,445000.0,3.0,2.0,1630,8702,1.0,0,0,3,27,0,0.0,0,14.0,valid_year,Renton,98056
1253,2014-05-23,ADDR_5f44770ca4ae9959,200000.0,4.0,1.0,1350,11507,1.0,0,0,3,48,0,0.0,0,,invalid_year,Renton,98055
1258,2014-05-23,ADDR_95e213b548200e32,554820.0,4.0,2.0,3510,12905,1.0,0,2,3,49,1,0.37037037037037035,0,32.0,valid_year,Burien,98166
1276,2014-05-23,ADDR_dda9959990884e50,1200000.0,4.0,3.5,4740,172497,2.0,0,0,3,11,0,0.0,0,,none_recorded,Redmond,98053
1286,2014-05-23,ADDR_87e59f22e5b1cdcc,498000.0,2.0,2.0,1140,8282,1.0,0,0,3,90,0,0.0,0,5.0,valid_year,Kirkland,98033
1263,2014-05-23,ADDR_d7f9c437143d4719,258000.0,3.0,1.75,1620,7540,1.0,0,0,3,26,1,0.19135802469135801,0,14.0,valid_year,Maple Valley,98038
1233,2014-05-23,ADDR_c2c080dfcccb6539,399500.0,3.0,1.75,2420,12676,2.0,0,0,3,103,0,0.0,0,28.0,valid_year,North Bend,98045
1241,2014-05-23,ADDR_60c7ae2a426b688f,625000.0,3.0,2.5,2600,10092,1.0,0,0,3,30,0,0.0,0,,none_recorded,Sammamish,98074
1264,2014-05-23,ADDR_1dcbeb2a1b5a04d2,661254.0,4.0,4.0,2290,6250,1.5,0,0,5,74,1,0.26200873362445415,0,,none_recorded,Seattle,98116
1278,2014-05-23,ADDR_b252dd5545979bc3,670500.0,4.0,2.0,1590,6750,1.0,0,0,3,63,0,0.0,0,20.0,valid_year,Seattle,98102
4416,2014-05-23,ADDR_c075564119ae6f96,83300.0,3.0,2.0,1370,78408,1.0,0,0,5,50,0,0.0,0,,none_recorded,Covington,98042
4418,2014-05-23,ADDR_c3d8b8e576e5c43c,259585.57,4.0,2.5,1960,9898,2.0,0,0,3,13,0,0.0,0,,none_recorded,Kent,98030
1244,2014-05-23,ADDR_9798a0d1757f51e2,648475.0,4.0,2.75,2250,5700,1.0,0,0,3,63,1,0.4666666666666667,0,20.0,valid_year,Seattle,98109
1254,2014-05-23,ADDR_55f7bae5b8cd1583,402000.0,3.0,2.0,1540,1827,2.0,0,0,3,9,0,0.0,0,,none_recorded,Issaquah,98029
1227,2014-05-23,ADDR_588c4ea145b4d573,662990.0,3.0,1.75,1240,3600,1.5,0,0,5,88,0,0.0,0,,none_recorded,Seattle,98116
1249,2014-05-23,ADDR_196ea4059abbe106,675000.0,4.0,2.5,2560,36601,2.0,0,0,4,27,0,0.0,0,,none_recorded,Sammamish,98075
1252,2014-05-23,ADDR_5a784907c9acc1ff,595000.0,2.0,1.5,1030,4500,1.0,0,0,3,90,1,0.1941747572815534,0,3.0,valid_year,Seattle,98109
1269,2014-05-23,ADDR_bedfb95d09c39b62,1610000.0,4.0,3.5,4390,11600,2.0,0,3,3,24,1,0.30296127562642367,0,5.0,valid_year,Mercer Island,98040
1256,2014-05-23,ADDR_6655858262a10ea0,275000.0,4.0,1.5,1930,15531,2.0,0,0,3,35,0,0.0,0,0.0,valid_year,Federal Way,98003
1296,2014-05-23,ADDR_1035a1928129b52d,235000.0,2.0,1.0,1140,1730,1.5,0,0,3,7,1,0.11403508771929824,0,,none_recorded,Seattle,98126
4336,2014-05-23,ADDR_64caeb355ff160c8,505000.0,3.0,2.25,1670,1596,2.0,0,0,3,12,1,0.2694610778443114,0,,none_recorded,Seattle,98199
1230,2014-05-23,ADDR_07943ea8de255a63,175000.0,2.0,1.0,1300,44431,1.0,0,0,5,56,0,0.0,0,,none_recorded,Auburn,98001
1261,2014-05-23,ADDR_ef2c789ee18bd744,607000.0,3.0,1.0,1230,8114,1.0,0,0,4,63,0,0.0,0,15.0,valid_year,Bellevue,98004
1229,2014-05-23,ADDR_737c86f0dfea3f98,439950.0,4.0,2.5,2380,12067,2.0,0,0,3,12,0,0.0,0,,none_recorded,Renton,98059
1220,2014-05-23,ADDR_5208ddfe35bd6a04,80000.0,1.0,0.75,430,5050,1.0,0,0,2,102,0,0.0,0,,none_recorded,Carnation,98014
4417,2014-05-23,ADDR_4486d9597e2b944e,316850.0,4.0,3.0,4060,35621,1.0,0,0,3,25,1,0.5,0,,none_recorded,Auburn,98092
1228,2014-05-23,ADDR_2387f5b8a1d7deb7,225000.0,2.0,1.0,1300,11867,1.5,0,0,4,39,0,0.0,0,,none_recorded,Ravensdale,98051
1262,2014-05-23,ADDR_04cb4db6f9627311,549900.0,4.0,3.0,2830,213879,2.0,0,0,4,27,0,0.0,0,,none_recorded,Auburn,98092
1259,2014-05-23,ADDR_b0ffa7868afe6202,1325000.0,4.0,3.0,3370,7920,1.0,0,3,3,26,1,0.44807121661721067,0,14.0,valid_year,Seattle,98117
1273,2014-05-23,ADDR_3ed3de58c95b845b,900000.0,3.0,3.5,4080,217697,1.5,0,3,3,14,0,0.0,0,,none_recorded,Auburn,98092
1250,2014-05-23,ADDR_cdfdf5dc576ff686,599000.0,3.0,2.75,1960,2500,1.5,0,0,5,88,1,0.28061224489795916,0,,none_recorded,Seattle,98103
1267,2014-05-23,ADDR_0b64e73ed5996f91,132500.0,3.0,1.0,1080,10500,1.0,0,0,3,47,0,0.0,0,3.0,valid_year,Auburn,98001
1223,2014-05-23,ADDR_9fa724b5266903ee,325000.0,3.0,1.0,1920,6862,1.0,0,2,3,62,1,0.4166666666666667,0,6.0,valid_year,Seattle,98118
1225,2014-05-23,ADDR_9a5e874518d55be7,902000.0,4.0,2.25,2530,9200,1.0,0,0,5,38,1,0.3794466403162055,0,,none_recorded,Bellevue,98006
1266,2014-05-23,ADDR_4eb51313004640a8,799950.0,4.0,3.5,4220,196817,2.0,0,0,3,21,0,0.0,0,,none_recorded,Auburn,98092
1222,2014-05-23,ADDR_32c2ab51b005d1f0,218000.0,3.0,1.0,960,9633,1.0,0,0,5,32,0,0.0,0,,none_recorded,Enumclaw,98022
1297,2014-05-23,ADDR_0480f29cd305a2d3,580000.0,3.0,2.5,1620,1173,3.0,0,4,3,6,1,0.09259259259259259,0,,none_recorded,Seattle,98103
1235,2014-05-23,ADDR_16e7a313b7734fb2,515000.0,2.0,1.0,1680,6500,1.0,0,0,4,73,1,0.32142857142857145,0,16.0,valid_year,Seattle,98136
1279,2014-05-23,ADDR_a7028ac4a032be32,552000.0,3.0,1.0,1430,5000,1.0,0,0,4,95,1,0.24475524475524477,0,29.0,valid_year,Seattle,98115
1234,2014-05-23,ADDR_8289c27bdec7ecd8,478000.0,3.0,1.0,1280,2580,1.5,0,0,3,104,0,0.0,0,0.0,valid_year,Seattle,98115
1268,2014-05-23,ADDR_1902da596801b143,467100.0,3.0,1.75,1620,8645,1.0,0,0,3,41,1,0.2654320987654321,0,1.0,valid_year,Redmond,98052
1275,2014-05-23,ADDR_cdb6c7376b5e506e,464600.0,3.0,1.75,1120,5500,1.5,0,0,4,89,0,0.0,0,46.0,valid_year,Seattle,98136
1284,2014-05-23,ADDR_0ab51c4ca1439bd9,90000.0,2.0,1.0,580,7500,1.0,0,0,3,71,0,0.0,0,12.0,valid_year,Seattle,98178
1270,2014-05-23,ADDR_6415bad3fcb1f825,641000.0,3.0,1.75,1620,3975,1.0,0,0,5,88,1,0.41975308641975306,0,,none_recorded,Seattle,98117
1277,2014-05-23,ADDR_e8a81a89c222316b,300000.0,2.0,1.0,1340,7788,1.0,0,2,3,67,0,0.0,0,2.0,valid_year,Seattle,98178
1226,2014-05-23,ADDR_3b1244fb8033d73b,556000.0,5.0,2.5,3840,16905,2.0,0,0,3,23,0,0.0,0,,none_recorded,Federal Way,98023
1274,2014-05-23,ADDR_e512b993e5df8294,440000.0,4.0,2.5,2560,10400,1.0,0,0,4,49,1,0.5,0,,none_recorded,Issaquah,98027
1283,2014-05-23,ADDR_c04dcb59b2032bd0,530000.0,4.0,1.75,1814,5000,1.0,0,0,4,63,1,0.4796030871003308,0,15.0,valid_year,Seattle,98115
1239,2014-05-23,ADDR_cdd22e4502dabd13,527550.0,1.0,0.75,820,59677,1.0,0,0,3,15,0,0.0,0,,none_recorded,Snoqualmie,98065
1285,2014-05-23,ADDR_5444120ce6894c0b,585000.0,3.0,2.0,1670,4572,1.5,0,0,3,83,0,0.0,0,,none_recorded,Seattle,98117
1238,2014-05-23,ADDR_e98b846888875696,526000.0,3.0,1.75,1680,3420,1.0,0,0,3,22,1,0.42857142857142855,0,,none_recorded,Seattle,98115
1219,2014-05-23,ADDR_da39fc03881f234d,460000.0,3.0,1.0,1670,4005,1.5,0,0,4,75,1,0.2994011976047904,0,25.0,valid_year,Seattle,98117
1288,2014-05-23,ADDR_b94911e3e7d928b7,462000.0,3.0,1.75,1300,2580,1.0,0,0,5,95,1,0.36923076923076925,0,80.0,valid_year,Seattle,98115
1247,2014-05-23,ADDR_afe3d1e4f9e97965,449950.0,3.0,2.0,1560,4080,2.0,0,0,3,91,0,0.0,0,32.0,valid_year,Seattle,98115
1245,2014-05-23,ADDR_08a01fadfcca738a,383000.0,3.0,1.0,1800,5612,1.0,0,0,4,72,1,0.3333333333333333,0,32.0,valid_year,Seattle,98126
1295,2014-05-23,ADDR_1ad205dd7ef6d3a9,360000.0,3.0,2.0,1270,1323,3.0,0,0,3,8,0,0.0,0,,none_recorded,Seattle,98103
1281,2014-05-23,ADDR_47bba1250be6e6f1,788600.0,4.0,2.75,3500,7200,2.0,0,0,3,9,0,0.0,0,,none_recorded,Redmond,98053
1236,2014-05-23,ADDR_533cc8cc8a35b46a,550000.0,3.0,2.5,2510,5400,2.0,0,0,3,22,0,0.0,0,,none_recorded,Renton,98056
1298,2014-05-23,ADDR_32eb9951afa8186a,355000.0,3.0,2.0,1220,1186,3.0,0,0,3,7,0,0.0,0,,none_recorded,Seattle,98103
1265,2014-05-23,ADDR_8651cfce467b2a51,945000.0,4.0,2.0,2840,13367,1.0,0,0,3,62,1,0.5,0,6.0,valid_year,Clyde Hill,98004
1307,2014-05-24,ADDR_286f8d413b226930,347000.0,4.0,1.5,2670,10026,2.0,0,0,3,18,0,0.0,0,,none_recorded,Auburn,98092
1300,2014-05-24,ADDR_c3a19e8c3576e8af,372000.0,4.0,1.75,1960,9300,1.0,0,0,5,35,1,0.3163265306122449,0,,none_recorded,North Bend,98045
1310,2014-05-24,ADDR_f4a6199e9066053c,820000.0,4.0,2.5,3670,7000,2.0,0,0,3,9,0,0.0,0,,none_recorded,Sammamish,98075
1305,2014-05-24,ADDR_37d88be78d18dff6,245000.0,3.0,1.75,1260,6908,1.0,0,0,3,20,0,0.0,0,,none_recorded,Maple Valley,98038
1303,2014-05-24,ADDR_a963d61e4dd36a5b,1680000.0,4.0,4.25,5584,68257,2.0,0,0,3,16,0,0.0,0,8.0,valid_year,Carnation,98014
1308,2014-05-24,ADDR_cfa7c5ff65927b36,199000.0,2.0,1.0,720,7200,1.0,0,0,5,71,0,0.0,0,,none_recorded,Renton,98058
1309,2014-05-24,ADDR_52df7bbf857205ef,440500.0,3.0,2.5,2460,4399,2.0,0,0,3,7,0,0.0,0,,none_recorded,Snoqualmie,98065
1306,2014-05-24,ADDR_9f9ae031e2ce8ec4,496700.0,3.0,2.5,1740,5782,2.0,0,0,4,25,0,0.0,0,,none_recorded,Issaquah,98029
1302,2014-05-24,ADDR_b3e0b2b727a3e3fe,2000000.0,5.0,4.0,4580,4443,3.0,1,4,3,10,0,0.0,0,,invalid_year,Sammamish,98075
1301,2014-05-24,ADDR_04b616f810caebe5,479000.0,3.0,1.0,1370,3000,1.5,0,0,3,90,0,0.0,0,3.0,valid_year,Seattle,98103
1304,2014-05-24,ADDR_ea3454ec48c90c4b,501000.0,2.0,1.0,1010,4320,1.0,0,0,5,90,0,0.0,0,58.0,valid_year,Seattle,98115
1312,2014-05-25,ADDR_788ccc80ab169c3a,195000.0,3.0,1.75,1570,8459,1.0,0,0,3,23,0,0.0,0,,none_recorded,Enumclaw,98022
1313,2014-05-25,ADDR_990889349f3c5abb,675000.0,3.0,3.0,2980,28000,1.0,0,0,3,33,1,0.38926174496644295,0,1.0,valid_year,Redmond,98052
1311,2014-05-25,ADDR_ffcfe86d56700291,325000.0,4.0,3.5,2630,3435,1.5,0,3,3,30,1,0.376425855513308,0,,none_recorded,SeaTac,98188
1315,2014-05-25,ADDR_623b0f46cb0fd0e0,355300.0,3.0,2.5,1620,7410,1.0,0,0,5,59,0,0.0,0,,none_recorded,Shoreline,98133
1314,2014-05-25,ADDR_76e683fa0483d213,295000.0,3.0,2.5,1560,4200,2.0,0,0,3,11,0,0.0,0,,none_recorded,Maple Valley,98038
4341,2014-05-26,ADDR_82449c04a1f393ad,690000.0,4.0,2.5,2700,8810,2.0,0,0,3,10,0,0.0,0,,invalid_year,Redmond,98052
1320,2014-05-26,ADDR_05896bc0dad13b90,346000.0,4.0,2.5,2100,3916,2.0,0,0,3,5,0,0.0,0,,none_recorded,Renton,98058
1318,2014-05-26,ADDR_c4c624ff175bebb6,880000.0,3.0,2.0,2130,35169,1.0,0,0,4,25,0,0.0,0,,none_recorded,Woodinville,98072
1319,2014-05-26,ADDR_e4c0ddb1dda9012b,370000.0,3.0,2.5,1780,4050,2.0,0,0,3,13,0,0.0,0,,none_recorded,Shoreline,98155
1317,2014-05-26,ADDR_6691beb9fdf59d49,460000.0,2.0,1.5,2730,19877,1.0,0,0,4,38,1,0.4249084249084249,0,22.0,valid_year,Duvall,98019
1321,2014-05-26,ADDR_3e6b5490f346174a,172500.0,3.0,1.0,1140,8800,1.0,0,0,3,42,0,0.0,0,12.0,valid_year,Auburn,98001
1316,2014-05-26,ADDR_13fd7b7597386741,276000.0,3.0,1.0,1140,5000,1.0,0,0,3,54,0,0.0,0,2.0,valid_year,Seattle,98106
1322,2014-05-26,ADDR_9120b0eaa5a92d44,379950.0,3.0,1.5,1690,9144,1.0,0,0,4,58,1,0.3254437869822485,0,,none_recorded,Kenmore,98028
1371,2014-05-27,ADDR_bd2a0785838ca7f1,857000.0,4.0,3.0,3720,29043,2.0,0,0,3,23,0,0.0,0,,none_recorded,Kirkland,98033
1402,2014-05-27,ADDR_11b9b4fca9c2c1a4,535000.0,4.0,2.5,2340,5600,2.0,0,0,3,93,0,0.0,0,1.0,valid_year,Seattle,98146
1382,2014-05-27,ADDR_2e5da8e5f3f21ce5,355000.0,4.0,2.25,1810,4970,2.0,0,0,3,11,0,0.0,0,,none_recorded,Renton,98059
1342,2014-05-27,ADDR_073f17113b785f52,949880.0,4.0,2.25,2290,10687,2.0,0,0,3,36,0,0.0,0,,none_recorded,Bellevue,98004
1395,2014-05-27,ADDR_c3942b71b9303a90,280000.0,3.0,1.0,1200,6250,1.0,0,0,3,71,1,0.23333333333333334,0,12.0,valid_year,Seattle,98168
1328,2014-05-27,ADDR_e3c1f2eea01642d1,360000.0,3.0,1.0,1050,9206,1.5,0,0,3,60,0,0.0,0,9.0,valid_year,Seattle,98125
1366,2014-05-27,ADDR_0886db95924aa371,292050.0,5.0,3.0,2840,7199,1.0,0,0,3,11,1,0.397887323943662,0,,none_recorded,Tukwila,98178
1334,2014-05-27,ADDR_6752115097597142,265000.0,3.0,2.5,1440,7741,1.0,0,0,4,31,1,0.3055555555555556,0,,none_recorded,Kent,98031
1341,2014-05-27,ADDR_d8e90b3b419e016e,800000.0,4.0,2.5,2680,7200,1.0,0,0,3,62,1,0.48507462686567165,0,1.0,valid_year,Kirkland,98033
1327,2014-05-27,ADDR_2164202cd8112115,326100.0,2.0,1.0,880,7683,1.0,0,0,3,72,0,0.0,0,15.0,valid_year,Seattle,98177
1326,2014-05-27,ADDR_fb0a654f0170b883,312000.0,3.0,1.5,1255,1374,3.0,0,0,3,10,0,0.0,0,,invalid_year,Seattle,98125
1393,2014-05-27,ADDR_46941073cd4e5242,675000.0,3.0,2.5,2540,7680,2.0,0,1,4,74,0,0.0,0,13.0,valid_year,Seattle,98177
1413,2014-05-27,ADDR_7679fe5b95f92b56,754950.0,3.0,2.5,2610,7256,2.0,0,0,3,0,0,0.0,0,,none_recorded,Kirkland,98033
1416,2014-05-27,ADDR_67cb92dd2f95a56a,399950.0,3.0,3.0,1296,1051,3.0,0,0,3,5,0,0.0,0,,none_recorded,Seattle,98125
1384,2014-05-27,ADDR_b3b669f0bac6e5d7,244000.0,3.0,1.0,910,5250,1.0,0,0,4,43,0,0.0,0,,none_recorded,Burien,98166
1337,2014-05-27,ADDR_6ac9e0aee09538ad,160000.0,2.0,1.0,1180,9350,1.0,0,0,3,96,0,0.0,0,,none_recorded,Seattle,98178
1408,2014-05-27,ADDR_ee1995183ac39e70,268000.0,4.0,2.0,1930,6600,1.0,0,0,4,47,1,0.46632124352331605,0,,none_recorded,Burien,98168
1335,2014-05-27,ADDR_926b734d07e8cd74,375000.0,3.0,1.75,1440,8775,1.0,0,0,3,41,0,0.0,0,1.0,valid_year,Kirkland,98034
1411,2014-05-27,ADDR_e00b4c5f0e164fef,760000.0,4.0,2.5,3330,7399,2.0,0,0,3,5,0,0.0,0,,none_recorded,Redmond,98052
1396,2014-05-27,ADDR_4016acfa45443d8f,960000.0,5.0,4.0,3720,15200,2.0,0,0,3,9,0,0.0,0,,none_recorded,Sammamish,98075
1373,2014-05-27,ADDR_72a2262c659cbeb2,465000.0,3.0,2.0,1560,8640,1.0,0,0,5,47,0,0.0,0,,none_recorded,Kirkland,98034
1352,2014-05-27,ADDR_2c6a3733b7ccda42,389000.0,5.0,2.0,2330,10750,1.0,0,0,4,52,1,0.4892703862660944,0,,none_recorded,Kenmore,98028
1338,2014-05-27,ADDR_c96943ea4a2e8611,1570000.0,4.0,3.75,3070,5850,2.0,0,0,5,87,1,0.2182410423452769,0,,none_recorded,Seattle,98112
1355,2014-05-27,ADDR_24e006ee888be811,415000.0,3.0,2.25,1950,8868,1.0,0,0,3,50,1,0.3076923076923077,0,14.0,valid_year,Shoreline,98155
1363,2014-05-27,ADDR_62afa51e29741c0e,1100000.0,3.0,2.75,2640,4050,1.5,0,0,5,88,1,0.3371212121212121,0,,none_recorded,Seattle,98112
1390,2014-05-27,ADDR_11bdb64f374815a5,313000.0,3.0,1.75,1320,6205,1.0,0,0,5,66,0,0.0,0,29.0,valid_year,Shoreline,98133
1336,2014-05-27,ADDR_9fc7754a793c1f67,326500.0,3.0,1.0,1810,12375,2.0,0,0,3,44,0,0.0,0,0.0,valid_year,Woodinville,98072
1360,2014-05-27,ADDR_a477bff78416e2d9,570000.0,3.0,1.75,1930,36210,1.0,0,0,3,37,0,0.0,0,10.0,valid_year,Woodinville,98072
1375,2014-05-27,ADDR_c1e2248ab62551f1,475000.0,3.0,2.0,1230,11502,1.0,0,0,4,30,0,0.0,0,,none_recorded,Redmond,98052
1351,2014-05-27,ADDR_4065411ec8cd6ce2,457500.0,3.0,1.75,1840,4030,1.0,0,0,5,89,1,0.42934782608695654,0,,none_recorded,Seattle,98108
1394,2014-05-27,ADDR_6452a7a6d8934524,305000.0,4.0,1.0,2100,9288,1.0,0,0,4,46,1,0.5,0,,none_recorded,Renton,98058
1344,2014-05-27,ADDR_6b6361157936a24a,399000.0,4.0,2.5,2870,9292,2.0,0,0,3,35,1,0.11498257839721254,0,0.0,valid_year,Renton,98058
1398,2014-05-27,ADDR_ba2d1a936372b9ac,274950.0,3.0,1.75,1670,7415,1.0,0,0,3,27,1,0.20958083832335328,0,14.0,valid_year,Covington,98042
1407,2014-05-27,ADDR_f8eb0a2c4cd7fba8,293000.0,4.0,2.5,3250,235063,1.0,0,2,3,41,0,0.0,0,1.0,valid_year,Auburn,98092
1387,2014-05-27,ADDR_0932edef0115d8b9,1600000.0,3.0,3.25,3790,19000,2.0,0,4,3,29,0,0.0,0,,none_recorded,Seattle,98177
1365,2014-05-27,ADDR_2cc0873173e4c150,495000.0,4.0,2.25,1940,9144,1.0,0,0,4,58,1,0.26288659793814434,0,,none_recorded,Bellevue,98007
1329,2014-05-27,ADDR_03da3e30ec076c5c,438000.0,3.0,1.75,1650,12940,1.0,0,0,4,53,0,0.0,0,13.0,valid_year,Kenmore,98028
1380,2014-05-27,ADDR_f2685dac19388e1f,780000.0,3.0,3.0,2520,2152,1.5,0,0,3,89,1,0.38095238095238093,0,8.0,valid_year,Seattle,98119
1409,2014-05-27,ADDR_8c8cdc4763421219,475000.0,4.0,3.5,3400,234352,2.0,0,0,3,23,1,0.2647058823529412,0,,none_recorded,Vashon,98070
1330,2014-05-27,ADDR_137e5607f9cf4414,360000.0,3.0,1.0,1570,9467,1.0,0,0,3,60,0,0.0,0,9.0,valid_year,Shoreline,98177
4419,2014-05-27,ADDR_434fd26fa78f3748,328211.9,4.0,2.5,1720,9600,1.0,0,0,3,53,1,0.3488372093023256,0,10.0,valid_year,Auburn,98092
1388,2014-05-27,ADDR_2a16c9b8b6d93080,527500.0,3.0,1.75,2310,78844,1.0,0,0,3,37,1,0.23809523809523808,0,10.0,valid_year,Issaquah,98027
1383,2014-05-27,ADDR_c6bc148bfca22eae,282000.0,3.0,2.5,1680,15711,1.0,0,0,3,20,1,0.2619047619047619,0,,none_recorded,Kent,98031
1368,2014-05-27,ADDR_cb0728322cbe8055,295832.0,5.0,1.0,1410,6400,1.0,0,0,5,59,1,0.3191489361702128,0,,none_recorded,Des Moines,98198
1376,2014-05-27,ADDR_461f2f9082740892,255000.0,3.0,1.0,960,8100,1.0,0,0,3,59,0,0.0,0,9.0,valid_year,Shoreline,98155
1358,2014-05-27,ADDR_3fb429533e0b145f,540000.0,4.0,4.25,1960,3565,2.0,0,0,3,74,0,0.0,0,11.0,valid_year,Seattle,98116
1414,2014-05-27,ADDR_443f950877fc2925,263900.0,3.0,2.5,1658,2700,2.0,0,0,3,0,0,0.0,0,,none_recorded,Des Moines,98198
1343,2014-05-27,ADDR_da6a914f6d4ab804,405000.0,3.0,1.75,1980,8100,1.0,0,0,4,65,1,0.3383838383838384,0,29.0,valid_year,Shoreline,98133
1379,2014-05-27,ADDR_7771259b7f72d247,715000.0,2.0,2.5,2160,5581,1.0,0,0,3,12,0,0.0,0,,none_recorded,Redmond,98053
1356,2014-05-27,ADDR_97771efd7be546e2,1655000.0,4.0,3.5,3080,4815,2.0,0,3,3,77,1,0.2532467532467532,0,5.0,valid_year,Seattle,98199
1401,2014-05-27,ADDR_42a09a3271cc7b19,312900.0,4.0,2.5,1630,4473,2.0,0,0,3,11,0,0.0,0,,none_recorded,Maple Valley,98038
1349,2014-05-27,ADDR_585d40672cfdafbc,325000.0,3.0,1.75,1780,13095,1.0,0,0,4,31,0,0.0,0,,none_recorded,Kent,98042
1362,2014-05-27,ADDR_2d17c59602410b48,283200.0,4.0,2.5,1982,6406,2.0,0,0,3,10,0,0.0,0,,invalid_year,Kent,98030
1369,2014-05-27,ADDR_4aff505d115389a2,450000.0,4.0,2.5,2520,8515,2.0,0,0,3,15,0,0.0,0,,none_recorded,Duvall,98019
1385,2014-05-27,ADDR_a0a08fae17502b21,967500.0,3.0,3.75,3250,5797,2.0,0,2,4,63,1,0.27076923076923076,0,15.0,valid_year,Seattle,98199
1347,2014-05-27,ADDR_309e3d8106fe2e08,260000.0,3.0,2.0,1630,8018,1.0,0,0,3,11,0,0.0,0,,none_recorded,Pacific,98047
1391,2014-05-27,ADDR_b93d5a7d4db13f48,587000.0,3.0,2.25,2370,217800,2.0,0,0,3,35,0,0.0,0,0.0,valid_year,Redmond,98053
4420,2014-05-27,ADDR_0cc3cc55b0cf5f65,673476.82,4.0,2.5,2740,12899,2.0,0,0,4,24,0,0.0,0,,none_recorded,Sammamish,98075
1361,2014-05-27,ADDR_d99e045c42fcf4c9,569950.0,5.0,4.5,4850,40902,2.0,0,0,3,13,0,0.0,0,,none_recorded,Federal Way,98023
1323,2014-05-27,ADDR_022a377ff2c0bb06,468000.0,2.0,1.0,1160,6000,1.0,0,0,4,72,1,0.25862068965517243,0,32.0,valid_year,Seattle,98115
1332,2014-05-27,ADDR_20c1f1542c2b9597,688000.0,4.0,3.0,3000,4000,1.5,0,3,3,101,1,0.3433333333333333,0,0.0,valid_year,Seattle,98144
1389,2014-05-27,ADDR_19121fc500faea9b,994000.0,3.0,2.25,2510,6339,1.5,0,2,5,82,1,0.2788844621513944,0,12.0,valid_year,Seattle,98199
1381,2014-05-27,ADDR_f8c530b3baad1f60,345000.0,2.0,1.5,1180,844,2.0,0,0,3,9,1,0.16101694915254236,0,,none_recorded,Seattle,98144
1331,2014-05-27,ADDR_8b01b683dc2efccc,1050000.0,4.0,2.5,2920,7200,1.0,0,3,3,93,1,0.4965753424657534,0,8.0,valid_year,Seattle,98144
1400,2014-05-27,ADDR_212dbf12978964cb,970000.0,5.0,3.0,3480,15185,2.0,0,0,4,50,0,0.0,0,,none_recorded,Mercer Island,98040
1419,2014-05-27,ADDR_4ab4f9053892cdc1,450800.0,4.0,3.25,2510,5311,2.0,0,0,3,5,0,0.0,0,,none_recorded,Renton,98056
1397,2014-05-27,ADDR_8217e40397cbd284,500000.0,3.0,2.25,1760,4539,2.0,0,0,3,26,0,0.0,0,14.0,valid_year,Issaquah,98029
1377,2014-05-27,ADDR_8e38942b38d62cae,435000.0,3.0,1.0,1270,4000,1.5,0,2,3,86,0,0.0,0,60.0,valid_year,Seattle,98126
1340,2014-05-27,ADDR_33f3d2e885a0c066,400000.0,2.0,1.0,1470,6120,1.0,0,0,2,74,0,0.0,0,,none_recorded,Seattle,98115
1417,2014-05-27,ADDR_6b7c5de86e548249,370000.0,2.0,2.25,1280,835,2.0,0,0,3,5,1,0.15625,0,,none_recorded,Seattle,98118
1421,2014-05-27,ADDR_5209c2672b7ae230,495000.0,3.0,2.5,1750,1548,3.0,0,0,3,1,0,0.0,0,,invalid_year,Seattle,98118
1405,2014-05-27,ADDR_dbe82ddc6702f38d,480000.0,3.0,1.0,1150,4945,1.0,0,2,3,71,0,0.0,0,12.0,valid_year,Seattle,98126
1406,2014-05-27,ADDR_99decc0e9059895d,725000.0,3.0,1.5,2500,4774,1.5,0,2,3,74,1,0.42,0,18.0,valid_year,Seattle,98107
1350,2014-05-27,ADDR_796c913928a5b356,344950.0,4.0,2.0,2330,6250,1.0,0,0,4,73,1,0.39914163090128757,0,16.0,valid_year,Kent,98030
1333,2014-05-27,ADDR_4fc41c177b125e81,585000.0,3.0,1.75,1850,7735,1.0,0,0,4,31,0,0.0,0,,none_recorded,Issaquah,98027
1370,2014-05-27,ADDR_2a2684d637ce5285,1381000.0,4.0,3.75,3160,9525,2.5,0,0,3,17,0,0.0,0,,none_recorded,Mercer Island,98040
1364,2014-05-27,ADDR_1d3b0689332009b7,830000.0,4.0,2.5,1850,50662,1.0,0,0,3,36,1,0.22702702702702704,0,,none_recorded,Redmond,98052
1324,2014-05-27,ADDR_1c6fc66c0041e253,477000.0,4.0,2.75,1720,6270,2.0,0,0,3,36,0,0.0,0,,none_recorded,Seattle,98118
1348,2014-05-27,ADDR_ca2d63bd9085e981,751750.0,2.0,2.0,1880,5400,1.5,0,0,3,112,0,0.0,0,,none_recorded,Seattle,98112
1353,2014-05-27,ADDR_b67d89cd68a3c50f,515000.0,4.0,2.5,3200,6473,2.0,0,0,3,9,0,0.0,0,,none_recorded,Renton,98059
1386,2014-05-27,ADDR_cab93899d78eba09,375000.0,3.0,1.5,2000,7294,1.0,0,0,3,49,1,0.24,0,21.0,valid_year,Seattle,98118
1325,2014-05-27,ADDR_4a58baf70632472e,529000.0,3.0,1.0,1210,3328,1.5,0,0,4,90,0,0.0,0,,none_recorded,Seattle,98107
1354,2014-05-27,ADDR_2419d987f34c5ae1,732000.0,3.0,2.5,2330,1987,2.0,0,4,3,10,1,0.3948497854077253,0,,invalid_year,Seattle,98107
1378,2014-05-27,ADDR_174379138d16418b,685000.0,3.0,2.5,2810,7700,2.0,0,0,3,13,0,0.0,0,,none_recorded,Bellevue,98006
1418,2014-05-27,ADDR_fc42420732f5a93e,1149000.0,4.0,3.0,5940,11533,2.0,0,4,3,10,1,0.16666666666666666,0,,invalid_year,Snoqualmie,98065
1412,2014-05-27,ADDR_2745e76ebd55bd76,1710000.0,5.0,4.5,4590,14685,2.0,0,0,3,5,0,0.0,0,,none_recorded,Kirkland,98033
1357,2014-05-27,ADDR_0d430bc58ef3d869,535000.0,2.0,1.0,1040,5527,1.0,0,0,3,63,0,0.0,0,20.0,valid_year,Seattle,98115
1410,2014-05-27,ADDR_b2b2d6d3eee54f5d,488000.0,3.0,2.5,1590,2550,3.0,0,0,3,29,0,0.0,0,,none_recorded,Seattle,98117
1346,2014-05-27,ADDR_4e6762ac678f61a1,1795000.0,4.0,3.25,4060,13000,2.0,0,3,3,14,0,0.0,0,,none_recorded,Mercer Island,98040
1399,2014-05-27,ADDR_5998aa0408b9b585,455600.0,3.0,2.5,2420,8252,2.0,0,0,3,16,0,0.0,0,8.0,valid_year,Snoqualmie,98065
1372,2014-05-27,ADDR_88f0866c3ef3edce,499950.0,3.0,3.5,1820,1501,2.0,0,0,3,0,1,0.21428571428571427,0,,none_recorded,Seattle,98144
1359,2014-05-27,ADDR_954bf397558adb5c,525000.0,5.0,3.0,2750,3800,1.5,0,0,5,88,1,0.36363636363636365,0,,none_recorded,Seattle,98115
1392,2014-05-27,ADDR_d4788ef3f3dd0ea6,304000.0,3.0,1.0,900,7500,1.0,0,0,4,42,0,0.0,0,,none_recorded,Kirkland,98034
1345,2014-05-27,ADDR_9e590a899b1d105d,730001.0,3.0,2.0,1840,4750,1.0,0,0,5,63,1,0.45108695652173914,0,,none_recorded,Seattle,98117
1415,2014-05-27,ADDR_00fd8eb8876a65dd,460000.0,3.0,3.5,1600,1431,2.0,0,0,3,8,1,0.225,0,,none_recorded,Seattle,98117
1403,2014-05-27,ADDR_287c0784f1f63e61,427000.0,2.0,1.0,920,3780,1.0,0,0,3,104,0,0.0,0,8.0,valid_year,Seattle,98103
1374,2014-05-27,ADDR_364c28464b35bd25,329000.0,3.0,1.0,1600,5952,1.0,0,0,4,50,1,0.28125,0,,none_recorded,Seattle,98106
4323,2014-05-27,ADDR_b3d7574290150c29,455500.0,3.0,2.0,1460,10311,1.0,0,0,4,39,0,0.0,0,,none_recorded,Redmond,98052
1404,2014-05-27,ADDR_d8a821d5d459ded7,405000.0,2.0,1.0,910,6490,1.0,0,0,3,72,0,0.0,0,15.0,valid_year,Seattle,98115
1367,2014-05-27,ADDR_3c43caff23342b10,415000.0,5.0,1.5,1900,10226,1.0,0,0,3,53,1,0.4052631578947368,0,10.0,valid_year,Kirkland,98034
4422,2014-05-27,ADDR_d87c018e1b5380a6,425000.0,3.0,2.5,1870,5449,2.0,0,0,3,11,0,0.0,0,,none_recorded,Bothell,98011
1420,2014-05-27,ADDR_ebb198f940b5eb44,627000.0,3.0,3.5,2710,3475,2.0,0,0,3,9,1,0.39114391143911437,0,,none_recorded,Issaquah,98027
1339,2014-05-27,ADDR_654dc14abdf2d39c,735000.0,5.0,2.75,3390,5211,2.0,0,0,3,10,0,0.0,0,,invalid_year,Sammamish,98075
1487,2014-05-28,ADDR_b26aaab4f2f3a242,277000.0,4.0,1.0,1450,6250,1.0,0,0,3,50,1,0.31724137931034485,0,14.0,valid_year,Seattle,98146
1510,2014-05-28,ADDR_7132280f030d44c0,253400.0,3.0,2.0,1400,8640,1.0,0,0,5,46,0,0.0,0,,none_recorded,Federal Way,98003
1509,2014-05-28,ADDR_5e5bac748353a5f5,430000.0,3.0,3.75,3890,7140,1.0,0,2,3,71,1,0.3856041131105398,0,7.0,valid_year,Seattle,98178
1477,2014-05-28,ADDR_ee45336f27a2c771,745000.0,3.0,1.75,1490,9800,1.0,0,0,4,67,1,0.2348993288590604,0,26.0,valid_year,Beaux Arts Village,98004
1438,2014-05-28,ADDR_06abbeecedb3dbdf,537000.0,3.0,2.5,1550,12920,2.0,0,0,5,15,0,0.0,0,,none_recorded,Kirkland,98033
1452,2014-05-28,ADDR_a81e2e13bfe92c13,245100.0,3.0,1.75,1300,7958,1.0,0,0,3,18,0,0.0,0,,none_recorded,Auburn,98092
1449,2014-05-28,ADDR_a251f03df546a610,555000.0,3.0,2.5,3160,4270,2.0,0,0,3,8,1,0.16139240506329114,0,,none_recorded,Bothell,98011
4430,2014-05-28,ADDR_7d5c965a68f0df27,532500.0,2.0,1.75,2050,11900,1.0,0,0,4,64,0,0.0,0,31.0,valid_year,Bellevue,98004
1507,2014-05-28,ADDR_5c192f799d4f8ec4,465000.0,3.0,2.25,1840,5752,2.0,0,0,3,11,0,0.0,0,,none_recorded,Kirkland,98034
1521,2014-05-28,ADDR_9aaa01c4a71dd223,739000.0,3.0,2.5,2810,5400,2.0,0,0,3,9,0,0.0,0,,none_recorded,Redmond,98052
1501,2014-05-28,ADDR_8776ee74ddc501da,1970000.0,8.0,3.5,4440,6480,2.0,0,3,5,55,1,0.2927927927927928,0,,none_recorded,Seattle,98112
1482,2014-05-28,ADDR_c742ca2e7dd5bc96,681716.0,4.0,2.5,3150,7277,2.0,0,0,3,8,0,0.0,0,,none_recorded,Renton,98056
1446,2014-05-28,ADDR_cefe6fd836d29527,370000.0,3.0,1.0,800,2296,1.0,0,0,4,106,0,0.0,0,,none_recorded,Seattle,98103
1483,2014-05-28,ADDR_208b63591ebf304b,600000.0,3.0,1.75,1580,7416,1.0,0,0,3,47,1,0.2721518987341772,0,3.0,valid_year,Bellevue,98005
1457,2014-05-28,ADDR_5025306fe44f11de,215000.0,3.0,1.75,1210,8075,1.0,0,0,4,31,0,0.0,0,,none_recorded,Pacific,98047
1506,2014-05-28,ADDR_abb7e27452527779,490000.0,4.0,2.5,2360,4367,2.0,0,0,3,11,0,0.0,0,,none_recorded,Woodinville,98072
1489,2014-05-28,ADDR_0cadaa41db204e7c,270000.0,3.0,1.75,1300,4127,1.0,0,0,4,96,1,0.5,0,61.0,valid_year,Seattle,98106
1502,2014-05-28,ADDR_8e88f8003a1bf7fd,285000.0,2.0,1.0,800,6240,1.0,0,0,3,60,0,0.0,0,9.0,valid_year,Seattle,98125
1453,2014-05-28,ADDR_ae67e3d245b09fd0,665000.0,3.0,2.5,2190,10370,2.0,0,0,3,27,0,0.0,0,14.0,valid_year,Sammamish,98074
1472,2014-05-28,ADDR_21f0b8a55d03949e,600000.0,4.0,2.0,2510,38141,1.0,0,0,3,54,0,0.0,0,2.0,valid_year,Kirkland,98034
1480,2014-05-28,ADDR_6da447144ef4da3a,565000.0,7.0,4.5,4140,9066,1.0,0,0,3,36,1,0.5,0,,none_recorded,Seattle,98125
1460,2014-05-28,ADDR_9e8acddb7d802cfa,266200.0,3.0,1.5,1430,9600,1.0,0,0,4,48,0,0.0,0,,none_recorded,Renton,98059
4425,2014-05-28,ADDR_ccea9a80b1fe5ff3,178650.0,3.0,1.5,1430,8960,1.0,0,0,4,61,0,0.0,0,31.0,valid_year,Burien,98166
1524,2014-05-28,ADDR_b11bf0c07d029b49,325000.0,2.0,2.5,1050,1609,2.0,0,0,3,9,0,0.0,0,,none_recorded,Seattle,98144
1515,2014-05-28,ADDR_0711b5ed1efc188f,510000.0,4.0,1.5,2040,8800,1.0,0,0,4,53,1,0.5,0,13.0,valid_year,Bellevue,98007
1455,2014-05-28,ADDR_b6fc046a4d7396e3,305000.0,3.0,1.0,1160,11776,1.0,0,0,3,46,0,0.0,0,17.0,valid_year,Woodinville,98077
1514,2014-05-28,ADDR_5c7d35b7c9939931,306000.0,3.0,2.5,1680,11193,2.0,0,0,3,30,0,0.0,0,,none_recorded,Renton,98058
1433,2014-05-28,ADDR_38b9a84f9cb49fcc,254000.0,2.0,1.0,1060,8187,1.0,0,0,4,62,0,0.0,0,,none_recorded,Shoreline,98133
4427,2014-05-28,ADDR_a4a81da1e7ebc577,282508.89,3.0,1.0,1180,5002,1.5,0,0,3,68,0,0.0,0,,none_recorded,Shoreline,98155
1485,2014-05-28,ADDR_dcd634444d6f5474,168500.0,3.0,1.0,1100,10125,1.0,0,0,3,45,0,0.0,0,4.0,valid_year,Covington,98042
1517,2014-05-28,ADDR_f2b631012c38f923,875000.0,3.0,2.75,2280,4280,1.0,0,0,5,97,1,0.43859649122807015,0,,none_recorded,Seattle,98103
1450,2014-05-28,ADDR_eea04630fe5810ff,326000.0,3.0,2.75,1720,28000,1.0,0,0,4,56,0,0.0,0,42.0,valid_year,Renton,98058
1426,2014-05-28,ADDR_2f516ded070751ee,630000.0,4.0,2.5,2740,43101,2.0,0,0,3,21,0,0.0,0,,none_recorded,Woodinville,98077
1490,2014-05-28,ADDR_d3037c913e822dfc,700000.0,2.0,1.75,2320,5500,1.5,0,2,3,89,1,0.25862068965517243,0,14.0,valid_year,Seattle,98144
1478,2014-05-28,ADDR_8b5310ef410fc08d,840500.0,3.0,2.0,2520,5400,1.5,0,0,4,108,1,0.44047619047619047,0,24.0,valid_year,Seattle,98119
1520,2014-05-28,ADDR_70cae3a41d9658cf,499950.0,4.0,2.5,2798,4473,2.0,0,0,3,2,0,0.0,0,,invalid_year,Renton,98055
1470,2014-05-28,ADDR_bbe06264398269cd,438750.0,3.0,1.75,1610,6480,1.0,0,0,4,67,0,0.0,0,26.0,valid_year,Seattle,98125
1498,2014-05-28,ADDR_6fca253b03f3da89,157500.0,2.0,1.0,740,9003,1.0,0,0,3,65,0,0.0,0,16.0,valid_year,Kent,98031
1468,2014-05-28,ADDR_dbb1258786e4623f,968000.0,6.0,2.75,3610,17580,1.0,0,4,5,55,1,0.4265927977839335,0,,none_recorded,Sammamish,98075
1481,2014-05-28,ADDR_24aa2cb0285ab953,840000.0,4.0,2.5,3420,8405,2.0,0,0,3,14,0,0.0,0,,none_recorded,Sammamish,98074
1495,2014-05-28,ADDR_edd6fc34836b6a2e,254000.0,3.0,2.0,1480,7480,1.0,0,0,4,22,0,0.0,0,,none_recorded,Maple Valley,98038
1503,2014-05-28,ADDR_be195501139af7bc,242000.0,3.0,1.75,1310,9645,1.0,0,0,3,35,0,0.0,0,0.0,valid_year,SeaTac,98198
1459,2014-05-28,ADDR_471eb2566ce491cb,655000.0,4.0,2.5,2990,5669,2.0,0,0,3,11,0,0.0,0,,none_recorded,Sammamish,98074
1497,2014-05-28,ADDR_c3bdc3f0f093bfc8,175000.0,2.0,1.0,830,2699,1.0,0,0,3,18,0,0.0,0,,none_recorded,Maple Valley,98038
1447,2014-05-28,ADDR_4ab938ca26e756ad,429000.0,2.0,1.75,1350,6315,1.0,0,0,3,9,0,0.0,0,,none_recorded,Redmond,98053
1425,2014-05-28,ADDR_941f399621458154,799000.0,4.0,3.0,2580,209523,2.0,0,0,3,30,0,0.0,0,,none_recorded,Redmond,98053
1424,2014-05-28,ADDR_dc61907c43ab7095,215000.0,2.0,1.0,1320,8865,1.0,0,0,4,71,0,0.0,0,,none_recorded,Burien,98168
1496,2014-05-28,ADDR_7c92269f342918dd,299000.0,3.0,1.0,1390,9624,1.5,0,0,4,60,0,0.0,0,35.0,valid_year,Shoreline,98155
1445,2014-05-28,ADDR_171b2a0d634698b2,898000.0,5.0,1.5,2680,28014,1.0,0,0,4,51,1,0.458955223880597,0,,none_recorded,Bellevue,98004
1475,2014-05-28,ADDR_1d8a2e3546e7c1c3,479900.0,3.0,2.0,1980,12150,1.0,0,0,3,20,0,0.0,0,,none_recorded,Kent,98042
1462,2014-05-28,ADDR_11e06a0ceee7bd1d,460000.0,4.0,3.0,2230,52983,2.0,0,0,3,23,0,0.0,0,,none_recorded,Kent,98030
1492,2014-05-28,ADDR_47857780e2a32756,635000.0,3.0,2.5,2300,5500,1.5,0,0,4,93,1,0.13043478260869565,0,,none_recorded,Seattle,98144
1512,2014-05-28,ADDR_d2657682805fa862,740000.0,4.0,2.25,2920,46355,2.0,0,0,4,16,0,0.0,0,,none_recorded,Fall City,98024
1464,2014-05-28,ADDR_10663eeb310e486e,465000.0,6.0,3.25,4250,23326,1.0,0,3,3,47,1,0.49411764705882355,0,3.0,valid_year,Federal Way,98003
1428,2014-05-28,ADDR_d759301e97597897,900000.0,6.0,2.75,2300,24773,1.5,0,0,4,64,0,0.0,0,29.0,valid_year,Mercer Island,98040
1430,2014-05-28,ADDR_a52d893cdc294187,544500.0,4.0,2.5,2230,10414,1.0,0,0,5,40,1,0.34977578475336324,0,,none_recorded,Issaquah,98075
1451,2014-05-28,ADDR_277eeb15b2337843,225000.0,3.0,2.5,1680,6755,2.0,0,0,3,20,0,0.0,0,,none_recorded,Auburn,98092
4426,2014-05-28,ADDR_a6705a12d5dd6d65,87500.0,2.0,1.0,780,6685,1.0,0,0,4,66,0,0.0,0,,none_recorded,Auburn,98002
1500,2014-05-28,ADDR_eb4047ca22199266,124740.0,3.0,1.0,1340,15600,1.0,0,0,4,36,0,0.0,0,14.0,valid_year,Kent,98042
1469,2014-05-28,ADDR_ba01782e8209c29d,1400000.0,4.0,3.25,2980,7000,2.0,0,3,3,114,1,0.28187919463087246,0,0.0,valid_year,Seattle,98144
1513,2014-05-28,ADDR_c205789c45db89a3,186950.0,2.0,2.0,1390,1302,2.0,0,0,3,28,0,0.0,0,,none_recorded,Federal Way,98003
1440,2014-05-28,ADDR_c8d39bc1f4ac5588,840000.0,4.0,2.75,3040,2800,2.0,0,0,3,108,1,0.3092105263157895,0,0.0,valid_year,Seattle,98102
1431,2014-05-28,ADDR_da527750845579dc,599000.0,4.0,2.75,2020,2750,1.0,0,0,3,97,1,0.5,0,0.0,valid_year,Seattle,98122
1473,2014-05-28,ADDR_20339bcb9585e51e,589000.0,3.0,1.0,1110,6000,1.5,0,0,5,82,0,0.0,0,12.0,valid_year,Seattle,98199
1434,2014-05-28,ADDR_b7418335376dd87e,740000.0,2.0,1.75,2080,4800,1.0,0,0,5,91,1,0.4807692307692308,0,,none_recorded,Seattle,98117
1522,2014-05-28,ADDR_b9d4f82976298efd,363000.0,4.0,2.5,3753,7204,2.0,0,0,3,6,1,0.1111111111111111,0,,none_recorded,Federal Way,98023
1463,2014-05-28,ADDR_522279dd52261945,370000.0,4.0,2.5,3090,18645,2.0,0,0,3,19,0,0.0,0,,none_recorded,Federal Way,98023
1427,2014-05-28,ADDR_8f66e304c3158db0,267000.0,3.0,2.5,2495,4400,2.0,0,0,3,7,0,0.0,0,,none_recorded,Federal Way,98001
1508,2014-05-28,ADDR_40d56b1af17945a0,515000.0,4.0,2.5,2680,7178,2.0,0,0,3,10,0,0.0,0,,invalid_year,Snoqualmie,98065
1474,2014-05-28,ADDR_bc91b461662769e2,590000.0,3.0,2.0,1650,6150,2.0,0,0,4,88,0,0.0,0,21.0,valid_year,Seattle,98116
1505,2014-05-28,ADDR_4c2bd4d436563381,474800.0,2.0,3.25,1400,1243,3.0,0,0,3,14,0,0.0,0,,none_recorded,Seattle,98103
1435,2014-05-28,ADDR_9dacb59c62b10cef,225000.0,3.0,2.0,2030,24829,1.0,0,0,4,35,1,0.39901477832512317,0,,none_recorded,Auburn,98001
1443,2014-05-28,ADDR_a003c32d51d77b0d,450000.0,3.0,1.0,1100,4600,1.0,0,0,3,97,0,0.0,0,5.0,valid_year,Seattle,98116
1444,2014-05-28,ADDR_a58ebb3992ef35f1,681000.0,3.0,1.0,1700,6356,1.5,0,0,3,107,0,0.0,0,31.0,valid_year,Seattle,98118
1479,2014-05-28,ADDR_839763e865d8ad26,420000.0,3.0,1.75,1820,22320,1.0,0,0,3,37,1,0.3131868131868132,0,10.0,valid_year,Redmond,98053
1486,2014-05-28,ADDR_604e59afa6499da4,355000.0,2.0,1.0,1270,3200,1.0,0,0,4,94,1,0.2440944881889764,0,,none_recorded,Seattle,98103
1441,2014-05-28,ADDR_8f752e7231c213a4,224000.0,3.0,1.5,1560,7300,1.0,0,0,4,50,1,0.3333333333333333,0,,none_recorded,Auburn,98001
1454,2014-05-28,ADDR_bc12f2311a0a4989,535000.0,3.0,2.5,1720,4006,2.0,0,0,3,20,0,0.0,0,,none_recorded,Issaquah,98029
1488,2014-05-28,ADDR_80d33dfe1de2aaad,236000.0,4.0,2.25,1830,9485,1.0,0,0,4,25,1,0.3442622950819672,0,,none_recorded,Federal Way,98023
4424,2014-05-28,ADDR_ed37c1ddb2551040,341750.0,3.0,2.25,2180,7741,2.0,0,0,3,28,0,0.0,0,,none_recorded,Sammamish,98074
1511,2014-05-28,ADDR_f9e9e8aa1069b2d4,355000.0,3.0,2.5,2400,9701,1.0,0,0,3,24,0,0.0,0,5.0,valid_year,Federal Way,98023
1523,2014-05-28,ADDR_1826af5b68a20891,782000.0,4.0,3.5,3910,8095,2.0,0,0,3,7,1,0.19948849104859334,0,,none_recorded,Issaquah,98029
1471,2014-05-28,ADDR_06cc82a0a3212474,1210000.0,4.0,2.75,3650,6982,2.0,0,2,4,63,1,0.30684931506849317,0,11.0,valid_year,Seattle,98115
1484,2014-05-28,ADDR_2617d66f962aad6a,380000.0,3.0,2.0,1660,8281,1.0,0,0,3,65,0,0.0,0,16.0,valid_year,Seattle,98136
1504,2014-05-28,ADDR_5e76b7f8abafa075,840000.0,4.0,1.75,2330,4000,2.0,0,0,5,90,1,0.44206008583690987,0,58.0,valid_year,Seattle,98105
1466,2014-05-28,ADDR_e884fff55dc1c174,189000.0,2.0,2.0,1700,3171,1.0,0,0,5,87,1,0.5,0,,none_recorded,Auburn,98002
1519,2014-05-28,ADDR_b05643d679ed08d2,1400000.0,4.0,3.25,4700,9160,1.0,0,4,3,9,1,0.46382978723404256,0,,none_recorded,Seattle,98116
1437,2014-05-28,ADDR_f08fefebbec0d61b,1285000.0,4.0,2.5,3240,10800,1.0,0,0,3,68,1,0.30246913580246915,0,,none_recorded,Seattle,98105
1439,2014-05-28,ADDR_c5ca3a2e64883afc,335000.0,4.0,2.0,1480,3132,1.0,0,0,5,104,1,0.5,0,,none_recorded,Seattle,98108
1465,2014-05-28,ADDR_e42e7b8376c7c43b,1175000.0,3.0,2.5,1970,23180,1.0,1,4,3,77,1,0.4416243654822335,0,16.0,valid_year,Seattle,98136
1423,2014-05-28,ADDR_6e9bd248ca47e8ae,550000.0,4.0,1.0,1660,34848,1.0,0,0,1,81,1,0.4397590361445783,0,,none_recorded,Redmond,98052
1442,2014-05-28,ADDR_9981ea2bcdf38844,395000.0,3.0,2.5,2250,3757,2.0,0,0,3,8,0,0.0,0,,none_recorded,Renton,98059
1467,2014-05-28,ADDR_c6a05873e88fe227,820000.0,3.0,2.5,2510,5503,2.0,0,2,3,19,0,0.0,0,,none_recorded,Seattle,98136
1518,2014-05-28,ADDR_fd8d0ec69aa6113b,700000.0,4.0,3.5,4490,5099,2.0,0,0,3,8,1,0.24498886414253898,0,,none_recorded,Snoqualmie,98065
1436,2014-05-28,ADDR_88d1c558963b15b9,925000.0,3.0,2.5,2690,7000,2.0,0,0,5,71,1,0.3159851301115242,0,,none_recorded,Seattle,98115
1494,2014-05-28,ADDR_d83ce204755260f7,960000.0,4.0,2.25,2410,4560,2.0,0,2,5,85,1,0.25311203319502074,0,,none_recorded,Seattle,98117
1456,2014-05-28,ADDR_e92adcfb1aa46dba,999000.0,7.0,4.0,3150,34830,1.0,0,0,3,57,0,0.0,0,9.0,valid_year,Bellevue,98007
1491,2014-05-28,ADDR_3b198c4f5577f7c6,425000.0,4.0,2.75,1680,9545,1.0,0,0,4,35,1,0.35714285714285715,0,,none_recorded,Kenmore,98028
4428,2014-05-28,ADDR_df2deb4c7e1ed661,450385.71,3.0,2.0,1300,3731,1.0,0,0,3,21,1,0.3076923076923077,0,,none_recorded,Seattle,98118
1429,2014-05-28,ADDR_8d077df7eb85ec98,365000.0,3.0,1.5,1300,12240,1.0,0,0,3,51,0,0.0,0,6.0,valid_year,Kenmore,98028
4429,2014-05-28,ADDR_2a86553cde770fbc,435000.0,4.0,3.0,4260,18000,2.0,0,2,3,14,0,0.0,0,,none_recorded,Mercer Island,98040
1432,2014-05-28,ADDR_6cf085b5b0c66774,815000.0,4.0,2.25,2000,3800,2.0,0,0,3,13,0,0.0,0,,none_recorded,Seattle,98115
1499,2014-05-28,ADDR_051c70903fd4beb5,580000.0,5.0,2.0,1940,6000,1.0,0,0,5,69,1,0.5,0,,none_recorded,Seattle,98115
4423,2014-05-28,ADDR_5cf08f767a456455,127160.0,2.0,1.0,720,4222,1.0,0,0,4,72,0,0.0,0,32.0,valid_year,Renton,98056
1422,2014-05-28,ADDR_26dc061f369df08b,310000.0,3.0,1.0,1430,19901,1.5,0,0,4,87,0,0.0,0,,none_recorded,Kenmore,98028
1516,2014-05-28,ADDR_96b84471e15f8840,345000.0,2.0,1.0,1080,4000,1.0,0,0,3,74,0,0.0,0,18.0,valid_year,Seattle,98117
1448,2014-05-28,ADDR_925804e83006ad3b,150000.0,3.0,1.0,820,7680,1.5,0,0,3,104,0,0.0,0,8.0,valid_year,Seattle,98106
1458,2014-05-28,ADDR_dcaf7bf4b0661f05,432500.0,3.0,1.75,1980,5100,1.0,0,0,3,49,1,0.35858585858585856,0,21.0,valid_year,Seattle,98103
1493,2014-05-28,ADDR_433e6d68cd31316c,510250.0,3.0,1.75,1400,4000,1.0,0,0,3,63,1,0.37857142857142856,0,20.0,valid_year,Seattle,98117
1461,2014-05-28,ADDR_947827659634a7a4,244615.0,3.0,2.5,2060,4030,2.0,0,0,3,15,0,0.0,0,,none_recorded,Kent,98032
1476,2014-05-28,ADDR_e421d6eaa9a416ad,210000.0,2.0,1.5,880,1157,2.0,0,0,3,7,0,0.0,0,,none_recorded,Seattle,98126
1547,2014-05-29,ADDR_fad8b9fac2e190af,750500.0,5.0,3.0,2170,2440,1.5,0,0,4,103,1,0.3317972350230415,0,48.0,valid_year,Seattle,98105
1564,2014-05-29,ADDR_9a543b4a9364f600,405000.0,5.0,1.75,1880,10000,1.0,0,0,3,51,1,0.48936170212765956,0,6.0,valid_year,Kirkland,98034
1548,2014-05-29,ADDR_b46f83e7ca77ab27,550000.0,5.0,2.0,2450,9488,1.0,0,0,4,114,1,0.49387755102040815,0,59.0,valid_year,Seattle,98133
1538,2014-05-29,ADDR_423e379c73c0e67a,246500.0,3.0,1.5,1270,11600,1.0,0,0,4,50,0,0.0,0,,none_recorded,Kent,98031
1537,2014-05-29,ADDR_554d0dcfd48fb174,695000.0,3.0,2.5,2390,4555,2.0,0,0,3,8,0,0.0,0,,none_recorded,Sammamish,98074
1569,2014-05-29,ADDR_d2b26b45c393aced,329932.0,3.0,1.5,1460,5040,1.0,0,0,3,43,1,0.2465753424657534,0,,none_recorded,Seattle,98133
1555,2014-05-29,ADDR_6d83cf3145ec4962,400000.0,4.0,2.75,1240,3867,1.0,0,0,3,27,1,0.3548387096774194,0,14.0,valid_year,Seattle,98125
1525,2014-05-29,ADDR_ac1d3b744915ae96,485000.0,4.0,1.0,1600,4300,1.5,0,0,4,98,0,0.0,0,,none_recorded,Seattle,98103
4431,2014-05-29,ADDR_9e33b48008e8c713,408900.0,3.0,1.75,2930,19876,1.0,0,0,3,21,1,0.30716723549488056,0,,none_recorded,Woodinville,98072
1544,2014-05-29,ADDR_578a7440b9e0ca11,2453500.0,4.0,3.5,4730,13586,1.5,0,0,5,79,1,0.09725158562367865,0,,none_recorded,Seattle,98112
1542,2014-05-29,ADDR_daf54a00b8446450,145000.0,3.0,1.0,1010,5490,1.0,0,0,3,60,0,0.0,0,9.0,valid_year,SeaTac,98168
1534,2014-05-29,ADDR_5d805bfa0931feba,264000.0,3.0,1.5,1470,14821,1.0,0,0,4,56,0,0.0,0,42.0,valid_year,Kent,98042
1588,2014-05-29,ADDR_4d98b53df2833afd,83000.0,2.0,1.0,900,8580,1.0,0,0,3,96,0,0.0,0,,none_recorded,Tukwila,98168
1553,2014-05-29,ADDR_ca2ee163491f6848,231000.0,4.0,2.0,1530,6375,2.0,0,0,3,72,0,0.0,0,31.0,valid_year,Renton,98058
1590,2014-05-29,ADDR_4d2ad5c1f1151b31,210000.0,3.0,1.75,1590,7617,2.0,0,0,3,28,0,0.0,0,,none_recorded,Des Moines,98198
1582,2014-05-29,ADDR_bd171b25b8e57f8a,860000.0,3.0,2.5,2770,9136,2.0,0,0,3,23,0,0.0,0,,none_recorded,Bellevue,98006
1539,2014-05-29,ADDR_dfb8c4a006caffb2,230000.0,2.0,1.0,950,7560,1.0,0,0,3,56,0,0.0,0,10.0,valid_year,Renton,98058
1529,2014-05-29,ADDR_d43f136d528e69ac,267500.0,3.0,1.75,1590,11914,1.0,0,2,3,57,1,0.31446540880503143,0,14.0,valid_year,SeaTac,98188
1540,2014-05-29,ADDR_b7ea68615f476850,302000.0,2.0,1.0,900,423838,1.0,0,2,5,89,0,0.0,0,,none_recorded,Enumclaw,98022
1526,2014-05-29,ADDR_f609120380cc9abc,452000.0,4.0,2.25,2590,10002,1.0,0,0,4,46,1,0.4826254826254826,0,,none_recorded,Kenmore,98028
1594,2014-05-29,ADDR_f454345182bbea98,645000.0,3.0,3.25,1730,1229,2.0,0,2,3,6,1,0.23699421965317918,0,,none_recorded,Seattle,98119
1577,2014-05-29,ADDR_7766d6bf0128c79c,395000.0,2.0,1.0,1320,1824,1.5,0,0,4,105,0,0.0,0,25.0,valid_year,Seattle,98144
1561,2014-05-29,ADDR_55ed3d3982f5920c,400000.0,5.0,2.0,1930,9747,1.0,0,0,4,52,1,0.47150259067357514,0,,none_recorded,Kenmore,98028
1532,2014-05-29,ADDR_2165699cf59a6235,389000.0,2.0,1.0,910,7000,1.0,0,0,3,62,0,0.0,0,6.0,valid_year,Seattle,98115
1580,2014-05-29,ADDR_148d1b3737855391,503000.0,3.0,2.0,2590,108900,2.0,0,0,3,26,1,0.23552123552123552,0,14.0,valid_year,Maple Valley,98038
1533,2014-05-29,ADDR_297abe025e4f3920,400000.0,4.0,1.5,1390,7200,1.0,0,0,3,49,1,0.17985611510791366,0,21.0,valid_year,Seattle,98133
4432,2014-05-29,ADDR_1454de51b044f68e,156766.67,2.0,1.0,1500,4120,1.5,0,0,3,86,1,0.41333333333333333,0,60.0,valid_year,Renton,98057
1581,2014-05-29,ADDR_90a5400bcc757ad4,672500.0,4.0,2.75,2620,6707,2.0,0,0,3,14,0,0.0,0,,none_recorded,Sammamish,98075
1579,2014-05-29,ADDR_5903788d6d57a56f,723000.0,4.0,2.25,1960,8680,1.0,0,0,4,55,1,0.34183673469387754,0,,none_recorded,Bellevue,98004
1567,2014-05-29,ADDR_6fd5ae5bfabf9823,402000.0,2.0,1.0,710,1173,2.0,0,0,4,71,0,0.0,0,,none_recorded,Seattle,98102
1592,2014-05-29,ADDR_bc3815f3fc7a9c11,350000.0,4.0,2.5,2040,22653,2.0,0,0,3,3,0,0.0,0,,none_recorded,Seattle,98168
1557,2014-05-29,ADDR_077a700c66e9cf41,450000.0,4.0,2.0,2240,7725,1.0,0,0,5,58,1,0.5,0,,none_recorded,Seattle,98106
1530,2014-05-29,ADDR_5320ab41068c5d2c,565000.0,4.0,2.5,2440,22594,2.0,0,0,3,18,0,0.0,0,,none_recorded,Redmond,98053
1535,2014-05-29,ADDR_35ac205da23bb8ee,690000.0,4.0,2.5,2920,9904,2.0,0,0,4,24,0,0.0,0,,none_recorded,Issaquah,98029
1585,2014-05-29,ADDR_30e36213ad192496,1425000.0,4.0,4.25,4960,6000,2.5,0,0,3,105,1,0.25806451612903225,0,11.0,valid_year,Seattle,98109
1571,2014-05-29,ADDR_f8d85859d067d56a,525000.0,5.0,2.5,2630,9216,2.0,0,0,3,11,0,0.0,0,,none_recorded,Duvall,98019
1576,2014-05-29,ADDR_80e8740913ebdeb0,525000.0,3.0,3.0,2600,5238,1.5,0,3,3,25,1,0.27307692307692305,0,,none_recorded,Des Moines,98198
1543,2014-05-29,ADDR_9d5246d6abb4ab28,436500.0,2.0,1.0,1260,5000,1.0,0,0,3,63,1,0.1746031746031746,0,20.0,valid_year,Seattle,98117
1550,2014-05-29,ADDR_3cd3d86c426edc87,619000.0,4.0,2.0,2300,3400,1.5,0,0,5,99,1,0.32608695652173914,0,,none_recorded,Seattle,98117
1559,2014-05-29,ADDR_a9a5e75a733a4aa8,332000.0,3.0,2.25,2270,8876,1.0,0,0,3,37,1,0.3920704845814978,0,10.0,valid_year,Renton,98058
1536,2014-05-29,ADDR_b5d092d9d7be1dbc,412000.0,3.0,1.75,1950,52256,1.0,0,0,4,29,0,0.0,0,,none_recorded,Kent,98042
1586,2014-05-29,ADDR_bbd9f4684b02885a,250000.0,2.0,1.0,1110,26051,1.0,0,0,3,63,0,0.0,0,20.0,valid_year,SeaTac,98168
1572,2014-05-29,ADDR_40c523e36d35c60a,2750000.0,4.0,3.25,4430,21000,2.0,0,0,3,62,0,0.0,0,7.0,valid_year,Medina,98039
1545,2014-05-29,ADDR_e5f0ce1665f7d996,672000.0,3.0,2.5,2620,21587,2.0,0,0,3,22,0,0.0,0,,none_recorded,Redmond,98053
1549,2014-05-29,ADDR_611bf18cc2fe05dc,266500.0,4.0,1.75,1880,7632,1.0,0,0,4,36,1,0.3723404255319149,0,14.0,valid_year,Federal Way,98023
1591,2014-05-29,ADDR_cc0c9bfd01d6e5a8,650880.0,3.0,2.5,2930,6050,2.0,0,0,3,6,0,0.0,0,,none_recorded,Snoqualmie,98065
1527,2014-05-29,ADDR_bd0d35e8f1345bb6,264950.0,4.0,2.25,1720,9753,1.0,0,0,4,36,1,0.3488372093023256,0,14.0,valid_year,Federal Way,98023
1575,2014-05-29,ADDR_898953a5caac3d7f,445000.0,4.0,1.75,1990,4725,1.5,0,0,4,70,1,0.4020100502512563,0,,none_recorded,Seattle,98126
1566,2014-05-29,ADDR_33f03222d330937d,540000.0,3.0,1.5,2600,5085,1.0,0,0,4,74,1,0.46153846153846156,0,13.0,valid_year,Seattle,98126
4435,2014-05-29,ADDR_4f00b8f18e1bc4d9,484991.67,4.0,2.75,2320,4344,2.0,0,0,3,2,0,0.0,0,,invalid_year,Renton,98059
1562,2014-05-29,ADDR_c7428c0f49950cf7,349000.0,4.0,1.75,1700,7800,1.0,0,0,5,33,1,0.3411764705882353,0,,none_recorded,Renton,98059
1563,2014-05-29,ADDR_98af75e9dd176ad1,529000.0,3.0,1.0,1590,6420,1.0,0,0,3,70,0,0.0,0,,none_recorded,Seattle,98136
4434,2014-05-29,ADDR_6d7996cddcf5a88f,308830.77,2.0,1.0,810,4800,1.0,0,0,3,95,0,0.0,0,13.0,valid_year,Seattle,98118
1554,2014-05-29,ADDR_3feddbf0987a9788,790000.0,5.0,3.25,2900,12160,1.0,0,0,4,47,1,0.3482758620689655,0,,none_recorded,Bellevue,98005
1570,2014-05-29,ADDR_9b535a5c44633a86,300000.0,3.0,2.5,2080,9827,2.0,0,0,3,25,0,0.0,0,,none_recorded,Federal Way,98023
1531,2014-05-29,ADDR_b2b37d92338474a7,535000.0,3.0,2.5,1360,1016,3.0,0,0,3,11,1,0.03676470588235294,0,,none_recorded,Seattle,98115
4433,2014-05-29,ADDR_7ed0571a6e94e969,452500.0,5.0,3.5,5960,13703,2.0,0,2,3,30,1,0.19966442953020133,0,,none_recorded,Bellevue,98008
1568,2014-05-29,ADDR_346e44aaa6fcb5cb,3100000.0,6.0,4.25,6980,15682,3.0,0,4,4,15,1,0.23638968481375358,0,,none_recorded,Mercer Island,98040
1584,2014-05-29,ADDR_72684a0232f0f229,295000.0,4.0,2.5,2290,4539,2.0,0,0,3,13,0,0.0,0,,none_recorded,Renton,98058
1551,2014-05-29,ADDR_dec6345d003d1025,405000.0,3.0,2.0,1240,14404,1.0,0,0,3,26,0,0.0,0,14.0,valid_year,Redmond,98053
1546,2014-05-29,ADDR_d56d29029decd3cf,680000.0,3.0,2.25,2330,4000,1.5,0,2,5,87,1,0.34763948497854075,0,,none_recorded,Seattle,98115
1565,2014-05-29,ADDR_4d1262880b0eb6e8,635200.0,4.0,1.75,1640,4240,1.0,0,0,5,93,1,0.43902439024390244,0,,none_recorded,Seattle,98117
1574,2014-05-29,ADDR_120db43d5932aed4,400000.0,4.0,2.0,1670,12056,1.0,0,0,3,59,0,0.0,0,9.0,valid_year,Kenmore,98028
1552,2014-05-29,ADDR_bc09c69ea35ead94,300000.0,2.0,1.0,820,3844,1.0,0,0,4,98,0,0.0,0,,none_recorded,Seattle,98133
1593,2014-05-29,ADDR_c19256d5b6e13e4c,305000.0,2.0,2.25,1000,905,3.0,0,0,3,8,0,0.0,0,,none_recorded,Seattle,98117
1573,2014-05-29,ADDR_b71eafe172fe1784,602500.0,4.0,2.5,2760,6850,2.0,0,0,3,15,0,0.0,0,,none_recorded,Newcastle,98056
1558,2014-05-29,ADDR_e5dcf46c70c093ce,595000.0,3.0,2.0,1480,5000,1.0,0,0,4,86,1,0.49324324324324326,0,,none_recorded,Seattle,98117
1528,2014-05-29,ADDR_25f593052b3d3b25,472000.0,6.0,2.5,4410,14034,1.0,0,2,4,49,1,0.4671201814058957,0,,none_recorded,Federal Way,98003
1541,2014-05-29,ADDR_1e3138a4c58e22b3,820000.0,4.0,2.25,2280,6660,1.5,0,2,3,74,1,0.14035087719298245,0,30.0,valid_year,Seattle,98119
1578,2014-05-29,ADDR_f8ea1c69c49bdf62,510000.0,3.0,1.5,2240,3800,2.0,0,0,3,85,1,0.38839285714285715,0,,none_recorded,Seattle,98115
1560,2014-05-29,ADDR_7b9d64a0dea9a2e5,155000.0,3.0,1.0,1250,6250,1.0,0,0,2,65,1,0.176,0,,none_recorded,Seattle,98108
1556,2014-05-29,ADDR_83b584e470e6ecc5,950000.0,4.0,3.5,4140,13392,2.0,0,0,3,14,0,0.0,0,,none_recorded,Newcastle,98059
1589,2014-05-29,ADDR_96e059d35f35cda7,685000.0,3.0,1.75,1940,7313,1.0,0,1,4,54,1,0.25773195876288657,0,13.0,valid_year,Seattle,98136
1587,2014-05-29,ADDR_1ce615d6a50db371,658000.0,4.0,2.75,3310,6166,2.0,0,0,3,6,0,0.0,0,,none_recorded,Snoqualmie,98065
1583,2014-05-29,ADDR_fdfcad2d943c68f0,475300.0,3.0,1.0,2110,10005,1.0,0,0,5,90,1,0.47393364928909953,0,58.0,valid_year,Kirkland,98033
1634,2014-05-30,ADDR_d00d9178efd8a5c8,322000.0,4.0,2.5,2280,7200,2.0,0,0,3,20,0,0.0,0,,none_recorded,Kent,98030
4439,2014-05-30,ADDR_6062cf505d8e21f2,173666.67,4.0,1.0,1290,5000,1.5,0,0,3,57,0,0.0,0,14.0,valid_year,Seattle,98146
1640,2014-05-30,ADDR_120f676d3141f15a,800000.0,2.0,2.25,1730,31491,2.0,1,2,4,67,0,0.0,0,26.0,valid_year,Vashon,98070
1610,2014-05-30,ADDR_b521536609398c8b,659000.0,4.0,2.5,3190,11375,1.0,0,0,5,68,1,0.3072100313479624,0,,none_recorded,Seattle,98125
1622,2014-05-30,ADDR_c52480f12d86c862,560000.0,3.0,1.5,2000,7350,1.0,0,0,3,61,0,0.0,0,,none_recorded,Seattle,98177
1609,2014-05-30,ADDR_76f43cf5e76513cf,715000.0,4.0,1.75,3420,7200,1.0,0,3,5,67,1,0.4824561403508772,0,,none_recorded,Seattle,98125
1650,2014-05-30,ADDR_87684a27af02ca37,499431.0,4.0,2.75,2620,6019,2.0,0,0,3,1,0,0.0,0,,invalid_year,North Bend,98045
1649,2014-05-30,ADDR_4c6ac46c8644c16c,825500.0,3.0,2.5,2780,11964,2.0,0,0,3,5,0,0.0,0,,none_recorded,Kirkland,98034
1615,2014-05-30,ADDR_e0a9b0cc893476e5,425000.0,3.0,1.75,1510,44000,1.0,0,0,3,25,1,0.17880794701986755,0,,none_recorded,North Bend,98045
1599,2014-05-30,ADDR_fdfdc5ef556fdb80,196440.0,3.0,2.0,1560,7352,1.0,0,0,3,22,0,0.0,0,,none_recorded,Algona,98001
1612,2014-05-30,ADDR_70b6b42e012cf4ea,415000.0,2.0,1.75,1340,4664,1.0,0,0,3,10,0,0.0,0,,invalid_year,Redmond,98053
1645,2014-05-30,ADDR_6734933a873acd9f,840000.0,7.0,4.5,4290,37607,1.5,0,0,5,32,0,0.0,0,,none_recorded,Issaquah,98027
1625,2014-05-30,ADDR_510b9a9f59f60e43,425000.0,3.0,2.25,1820,8058,1.0,0,0,3,40,1,0.3076923076923077,0,,none_recorded,Kirkland,98034
4442,2014-05-30,ADDR_69cdbaf067a5e190,790000.0,4.0,2.5,2310,5100,2.0,0,0,3,1,0,0.0,0,,invalid_year,Seattle,98177
1631,2014-05-30,ADDR_4b0f280950374e29,374000.0,3.0,1.0,1200,9800,1.0,0,0,4,43,0,0.0,0,,none_recorded,Woodinville,98072
1604,2014-05-30,ADDR_bd5b8f67a4719d71,349900.0,3.0,2.5,2200,7278,2.0,0,0,3,24,0,0.0,0,5.0,valid_year,Renton,98058
1624,2014-05-30,ADDR_4097daf79490d0c9,465000.0,4.0,2.25,1820,20349,1.0,0,0,5,37,1,0.26373626373626374,0,,none_recorded,Woodinville,98072
1598,2014-05-30,ADDR_2301f793df73a67c,260000.0,3.0,1.75,1050,5850,1.0,0,0,3,34,0,0.0,0,,none_recorded,Burien,98166
1632,2014-05-30,ADDR_0500480e29e7977f,740000.0,5.0,3.75,3990,18897,2.0,0,0,3,77,1,0.22556390977443608,0,4.0,valid_year,Seattle,98125
4438,2014-05-30,ADDR_c27986bd39cdbb21,309487.5,3.0,2.5,2260,19821,2.0,0,0,3,20,0,0.0,0,,none_recorded,Renton,98058
4440,2014-05-30,ADDR_21c4e71b2b376a6c,237481.25,3.0,2.0,2120,7560,1.0,0,0,3,23,0,0.0,0,,none_recorded,Renton,98058
1595,2014-05-30,ADDR_b6ae5ad733b0ead5,385000.0,3.0,1.0,1220,4800,1.0,0,0,3,113,0,0.0,0,,none_recorded,Seattle,98122
1647,2014-05-30,ADDR_695edd5a41e0d4d0,568000.0,4.0,2.0,2340,50233,1.0,0,0,4,48,1,0.5,0,,none_recorded,Sammamish,98075
1627,2014-05-30,ADDR_3f0d4e340f2342c1,530000.0,3.0,2.5,1950,9906,2.0,0,0,3,26,0,0.0,0,14.0,valid_year,Sammamish,98074
1629,2014-05-30,ADDR_2cc9a65ebba86be5,168000.0,2.0,1.5,1220,3568,1.5,0,0,4,38,0,0.0,0,22.0,valid_year,Des Moines,98198
1597,2014-05-30,ADDR_d62e85969bd6fdb4,395000.0,4.0,2.5,2910,5000,2.0,0,0,3,12,0,0.0,0,,none_recorded,Covington,98042
1630,2014-05-30,ADDR_fd034a42e11394fa,1886700.0,5.0,3.5,4180,17935,2.0,0,0,3,10,0,0.0,0,,invalid_year,Bellevue,98004
1608,2014-05-30,ADDR_8b388c3608685547,190000.0,3.0,2.25,1590,11745,1.0,0,0,3,36,1,0.31446540880503143,0,,none_recorded,Auburn,98001
1651,2014-05-30,ADDR_1ce61686d4f718e3,919204.0,4.0,3.5,3760,5000,2.0,0,0,3,0,1,0.2393617021276596,0,,none_recorded,Seattle,98117
1616,2014-05-30,ADDR_72ef1fc8f78291ee,642000.0,3.0,2.5,2670,10082,1.0,0,0,3,27,0,0.0,0,14.0,valid_year,Sammamish,98074
1607,2014-05-30,ADDR_6a999291afb29bfb,625000.0,4.0,3.25,4240,25639,2.0,0,3,3,25,1,0.16273584905660377,0,,none_recorded,Federal Way,98023
1639,2014-05-30,ADDR_1061ad3164ca61c8,427000.0,5.0,2.75,2220,4000,1.0,0,0,3,41,1,0.44594594594594594,0,1.0,valid_year,Seattle,98144
1605,2014-05-30,ADDR_ee05e426af8fb291,650000.0,2.0,2.5,1740,2500,2.0,0,2,3,20,1,0.3045977011494253,0,,none_recorded,Seattle,98112
1628,2014-05-30,ADDR_14d2764f11715652,399000.0,2.0,1.0,940,4800,1.0,0,0,4,103,0,0.0,0,59.0,valid_year,Seattle,98116
1638,2014-05-30,ADDR_bf3c090a677a08c2,3710000.0,4.0,3.5,5550,28078,2.0,0,2,4,14,1,0.3963963963963964,0,,none_recorded,Medina,98039
1646,2014-05-30,ADDR_cd484bce9e22bb4f,475000.0,2.0,2.0,1540,54450,2.0,0,0,3,31,0,0.0,0,5.0,valid_year,Redmond,98053
1652,2014-05-30,ADDR_f2a501c49c7821a2,545000.0,4.0,2.5,2720,4738,2.0,0,0,3,2,0,0.0,0,,invalid_year,Snoqualmie,98065
1613,2014-05-30,ADDR_fe8273d47b41ca49,750000.0,3.0,1.75,1700,8400,1.0,0,0,3,67,1,0.1411764705882353,0,2.0,valid_year,Seattle,98199
1618,2014-05-30,ADDR_5727ef70b578a1c3,1365000.0,3.0,2.5,2090,6000,1.5,0,0,4,86,0,0.0,0,,none_recorded,Seattle,98105
1641,2014-05-30,ADDR_b3da738a7c425d24,735000.0,4.0,3.0,2840,4120,1.5,0,0,4,83,1,0.2746478873239437,0,,none_recorded,Seattle,98118
1642,2014-05-30,ADDR_0c324f0cd812d443,642000.0,4.0,2.5,2560,8780,2.0,0,0,3,22,0,0.0,0,,none_recorded,Issaquah,98029
1620,2014-05-30,ADDR_dcf489dcf8587cc0,330000.0,2.0,2.5,1240,1546,2.0,0,0,3,7,0,0.0,0,,none_recorded,Seattle,98108
1635,2014-05-30,ADDR_b40bdd82792b0cd3,459900.0,3.0,1.75,2580,11000,1.0,0,0,4,63,1,0.5,0,15.0,valid_year,Bellevue,98006
4437,2014-05-30,ADDR_c653156ebb9024dd,247875.0,2.0,1.0,1000,4776,1.0,0,0,4,72,0,0.0,0,32.0,valid_year,Seattle,98108
1603,2014-05-30,ADDR_241795d43c30058a,1385000.0,6.0,2.75,5700,20000,1.0,0,4,4,37,1,0.5,0,,none_recorded,Bellevue,98006
1596,2014-05-30,ADDR_8b9e0b837dbd30f0,860000.0,3.0,2.25,3060,12095,2.0,0,0,3,31,0,0.0,0,5.0,valid_year,Bellevue,98006
1617,2014-05-30,ADDR_9a2b4a23c2bbcbfe,655000.0,4.0,2.25,2060,8470,1.0,0,0,3,31,1,0.30097087378640774,0,5.0,valid_year,Bellevue,98006
1611,2014-05-30,ADDR_0b327e046ca67dda,490000.0,3.0,1.75,1920,5405,1.0,0,2,4,67,1,0.5,0,26.0,valid_year,Seattle,98126
1643,2014-05-30,ADDR_2012b9f18a07b317,240000.0,3.0,2.0,1330,6000,1.0,0,0,4,114,1,0.5263157894736842,0,43.0,valid_year,Seattle,98108
1626,2014-05-30,ADDR_df37459785e39d45,315000.0,3.0,2.0,1060,5750,1.0,0,0,3,33,0,0.0,0,1.0,valid_year,Seattle,98126
1644,2014-05-30,ADDR_4948d8be84318c32,645500.0,2.0,1.0,1890,5202,1.5,0,0,4,105,0,0.0,0,25.0,valid_year,Seattle,98117
1636,2014-05-30,ADDR_6c205031149bf19d,750000.0,4.0,2.75,2600,4674,1.0,0,0,3,38,1,0.4,0,,none_recorded,Seattle,98115
1621,2014-05-30,ADDR_733352b2be3bc009,384950.0,3.0,2.5,1860,3690,2.0,0,0,3,14,0,0.0,0,,none_recorded,Kenmore,98028
1623,2014-05-30,ADDR_9481ed01691d6d18,950000.0,4.0,1.75,2500,92347,1.0,0,0,4,44,1,0.4,0,,none_recorded,Mercer Island,98040
4441,2014-05-30,ADDR_451d1909bbb30c36,326983.33,3.0,2.25,1490,4522,2.0,0,0,3,5,0,0.0,0,,none_recorded,Kenmore,98028
1602,2014-05-30,ADDR_de44ab7ecd41e2b4,369000.0,3.0,2.0,1550,8509,1.0,0,0,3,55,1,0.25806451612903225,0,25.0,valid_year,Seattle,98106
1614,2014-05-30,ADDR_4908776d588354a9,700000.0,4.0,2.5,2310,3570,1.5,0,0,3,87,1,0.354978354978355,0,0.0,valid_year,Seattle,98103
1606,2014-05-30,ADDR_d840184e2df21896,299950.0,3.0,1.0,1210,9525,1.0,0,0,3,59,0,0.0,0,9.0,valid_year,Seattle,98106
1637,2014-05-30,ADDR_4f87a12f28bf30b4,1256500.0,4.0,2.5,3150,13700,2.0,0,0,4,48,0,0.0,0,,none_recorded,Mercer Island,98040
4436,2014-05-30,ADDR_83ab5755496f108f,287919.78,2.0,1.0,1090,5000,1.0,0,0,4,72,1,0.3302752293577982,0,32.0,valid_year,Seattle,98126
1633,2014-05-30,ADDR_d7ca6733920cac1e,280000.0,2.0,1.0,1880,7560,1.0,0,0,3,95,1,0.5,0,13.0,valid_year,Seattle,98126
1600,2014-05-30,ADDR_62041b25220c8306,425000.0,3.0,1.75,1680,3000,1.0,0,2,4,114,1,0.5,0,43.0,valid_year,Seattle,98103
1601,2014-05-30,ADDR_f8f33dfbe8e5fc4c,2400000.0,4.0,3.25,4140,20734,1.0,0,1,3,37,1,0.2028985507246377,0,9.0,valid_year,Clyde Hill,98004
1619,2014-05-30,ADDR_aae43a35613bb6cb,458000.0,5.0,2.5,3090,23265,1.0,0,0,3,57,1,0.032362459546925564,0,14.0,valid_year,Bothell,98011
1648,2014-05-30,ADDR_4a2844a8326d0706,325000.0,3.0,1.75,2180,10230,1.0,0,0,4,53,1,0.5,0,13.0,valid_year,Seattle,98118
1657,2014-05-31,ADDR_80cf058d655e7c39,587000.0,4.0,2.5,2550,6256,2.0,0,0,3,22,0,0.0,0,,none_recorded,Woodinville,98072
1653,2014-05-31,ADDR_bafb648e0b734ddc,660000.0,3.0,2.25,2675,40910,2.0,0,0,3,30,0,0.0,0,,none_recorded,Sammamish,98075
1654,2014-05-31,ADDR_3dbdfaaeda294fd6,538888.0,5.0,2.75,2080,13189,2.0,0,0,3,27,0,0.0,0,14.0,valid_year,Sammamish,98074
1656,2014-05-31,ADDR_199eb6c04e433f3c,289950.0,3.0,2.5,1960,3480,2.0,0,0,3,10,0,0.0,0,,invalid_year,Renton,98056
1658,2014-05-31,ADDR_c67ae93d4a43b691,615000.0,3.0,2.25,1760,1146,3.0,0,0,3,0,0,0.0,0,,none_recorded,Seattle,98122
1655,2014-05-31,ADDR_410237b625423aeb,693000.0,3.0,2.5,2460,12028,2.0,0,0,3,18,0,0.0,0,,none_recorded,Redmond,98052
1663,2014-06-01,ADDR_85d1c7629218c14f,1595000.0,5.0,3.0,3640,8239,2.0,0,3,3,32,1,0.3021978021978022,0,,none_recorded,Bellevue,98008
1661,2014-06-01,ADDR_92f42cfaee6741be,1505000.0,4.0,3.5,3480,7232,2.0,0,0,3,88,1,0.25862068965517243,0,4.0,valid_year,Seattle,98144
1662,2014-06-01,ADDR_7d8ae37943b3ce78,660000.0,4.0,1.75,2780,9900,2.0,0,0,4,36,0,0.0,0,14.0,valid_year,Sammamish,98074
1660,2014-06-01,ADDR_f4c6bb6bfb4186bc,243000.0,3.0,1.75,1790,12000,1.0,0,0,3,54,1,0.41899441340782123,0,2.0,valid_year,Des Moines,98198
1664,2014-06-01,ADDR_7e687550e29f6f28,250000.0,1.0,1.0,750,4000,1.0,0,0,3,96,0,0.0,0,,none_recorded,Seattle,98136
4346,2014-06-01,ADDR_22b0bbba97c55948,84350.0,4.0,2.0,2630,16475,2.0,0,0,4,61,0,0.0,0,31.0,valid_year,Yarrow Point,98004
1659,2014-06-01,ADDR_2c009cceeae7b902,459000.0,3.0,1.75,1620,7330,1.0,0,0,4,40,1,0.3271604938271605,0,,none_recorded,Kirkland,98034
1701,2014-06-02,ADDR_fa1aa4f22cd43195,675000.0,3.0,2.25,2610,9002,2.0,0,0,3,26,0,0.0,0,14.0,valid_year,Redmond,98052
1724,2014-06-02,ADDR_b37969c0990e7ffb,345000.0,3.0,1.75,1990,5650,1.0,0,1,3,51,1,0.33668341708542715,0,6.0,valid_year,Seattle,98178
1680,2014-06-02,ADDR_e9ae61ba63ffe1b0,965000.0,4.0,2.5,2460,5000,2.0,0,0,5,76,1,0.34146341463414637,0,,none_recorded,Seattle,98112
1735,2014-06-02,ADDR_3785f2392c975f7c,568500.0,3.0,2.75,2180,7519,1.0,0,0,4,33,1,0.39908256880733944,0,,none_recorded,Redmond,98052
1738,2014-06-02,ADDR_8d57594af547ff94,400000.0,3.0,2.5,1495,936,3.0,0,0,3,8,1,0.06020066889632107,0,,none_recorded,Seattle,98144
1716,2014-06-02,ADDR_6ac96e4be65283a4,300000.0,4.0,2.5,2070,7476,2.0,0,0,3,11,0,0.0,0,,none_recorded,Auburn,98092
1728,2014-06-02,ADDR_e93dc9e885ba5b7f,327000.0,3.0,1.5,1320,13200,1.0,0,0,3,44,0,0.0,0,0.0,valid_year,Renton,98059
1689,2014-06-02,ADDR_7b622a9a2e274287,686000.0,3.0,1.5,1840,9990,2.0,0,0,5,53,0,0.0,0,,none_recorded,Seattle,98177
1695,2014-06-02,ADDR_7d36faa67f1ad16c,809000.0,4.0,1.5,1840,4337,2.0,0,0,4,97,0,0.0,0,,none_recorded,Seattle,98112
1696,2014-06-02,ADDR_a113be92e71b9d74,440150.0,2.0,1.0,1110,6800,1.0,0,0,5,67,1,0.0990990990990991,0,,none_recorded,Seattle,98133
1703,2014-06-02,ADDR_f9b0780f9fcd78f7,955000.0,3.0,2.25,3020,43560,2.0,0,0,3,45,1,0.09933774834437085,0,4.0,valid_year,Bellevue,98005
1688,2014-06-02,ADDR_73e9de4bd68fbea9,1000000.0,3.0,2.5,2730,5832,2.0,0,0,3,16,0,0.0,0,8.0,valid_year,Bellevue,98005
1697,2014-06-02,ADDR_b47873182aad103e,615000.0,4.0,2.5,2150,9070,2.0,0,0,4,29,0,0.0,0,,none_recorded,Redmond,98052
1719,2014-06-02,ADDR_394fcea4cb605db2,492000.0,3.0,1.75,2770,39927,1.0,0,0,4,36,1,0.4296028880866426,0,14.0,valid_year,Issaquah,98027
1707,2014-06-02,ADDR_ffcce38eaa8ffe5c,645000.0,4.0,2.5,2430,14400,1.0,0,0,5,51,1,0.31275720164609055,0,,none_recorded,Bellevue,98007
1721,2014-06-02,ADDR_6bf0ea63a2c326bd,439800.0,3.0,1.5,1120,6900,1.0,0,0,5,58,0,0.0,0,,none_recorded,Bellevue,98007
1665,2014-06-02,ADDR_325f0805701d8ebf,315000.0,3.0,1.0,960,6634,1.0,0,0,3,62,0,0.0,0,6.0,valid_year,Seattle,98125
1704,2014-06-02,ADDR_4409fa967df433c3,985000.0,3.0,1.75,1670,5400,2.0,0,0,5,102,0,0.0,0,,none_recorded,Seattle,98112
1698,2014-06-02,ADDR_7ec7865bf093ab64,1035000.0,3.0,2.5,2230,5750,2.0,0,0,3,11,0,0.0,0,,none_recorded,Kirkland,98033
1667,2014-06-02,ADDR_c7e1af779cd2a8b6,559900.0,3.0,2.75,2930,5569,1.0,0,0,3,10,1,0.3651877133105802,0,,invalid_year,Woodinville,98072
1671,2014-06-02,ADDR_88171b07308b4447,469000.0,3.0,1.0,950,4250,1.5,0,0,5,66,0,0.0,0,29.0,valid_year,Seattle,98122
1714,2014-06-02,ADDR_8ff48742ec945673,440000.0,4.0,2.75,2340,11034,1.0,0,0,3,47,1,0.26495726495726496,0,3.0,valid_year,Lake Forest Park,98155
4445,2014-06-02,ADDR_1b8e7854e133236d,542804.75,5.0,2.75,2910,36250,1.0,0,0,3,37,1,0.4536082474226804,0,10.0,valid_year,Sammamish,98075
1681,2014-06-02,ADDR_3b4e8f2bd6f98024,820000.0,3.0,1.75,2160,6272,1.0,0,0,4,54,1,0.35648148148148145,0,13.0,valid_year,Seattle,98115
1706,2014-06-02,ADDR_60f788de1af8f879,305000.0,3.0,1.0,950,13475,1.0,0,0,3,64,0,0.0,0,9.0,valid_year,Shoreline,98155
1702,2014-06-02,ADDR_e1536406a3a9f718,316000.0,3.0,2.25,2130,8721,1.0,0,0,3,27,1,0.26291079812206575,0,14.0,valid_year,Kent,98031
1711,2014-06-02,ADDR_c9898b03f652a7e3,472500.0,3.0,2.0,1750,15500,1.0,0,0,3,32,1,0.14857142857142858,0,,none_recorded,Sammamish,98075
1690,2014-06-02,ADDR_29411f8143a32f9a,665000.0,4.0,2.5,2720,10000,2.0,0,0,3,27,0,0.0,0,14.0,valid_year,Sammamish,98074
1736,2014-06-02,ADDR_26e2a9533420935f,391000.0,3.0,2.25,1410,1290,2.0,0,0,3,10,1,0.0851063829787234,0,,invalid_year,Issaquah,98027
1692,2014-06-02,ADDR_0462f3279c38f97c,653000.0,3.0,2.5,2290,3475,2.0,0,0,3,8,0,0.0,0,,none_recorded,Issaquah,98029
1734,2014-06-02,ADDR_1a781868c839ec49,802000.0,2.0,2.5,2210,6327,1.0,0,0,3,11,0,0.0,0,,none_recorded,Redmond,98053
1677,2014-06-02,ADDR_d833b0c0ed01e5bd,275000.0,3.0,2.0,1380,4500,1.0,0,0,3,6,0,0.0,0,,none_recorded,Maple Valley,98038
1737,2014-06-02,ADDR_e4797c24827d44fb,298000.0,3.0,2.5,1950,3600,2.0,0,0,3,4,0,0.0,0,,none_recorded,Maple Valley,98038
1678,2014-06-02,ADDR_f7658ae221c1e2ed,629000.0,3.0,2.0,1760,5000,1.0,0,0,5,94,1,0.45454545454545453,0,,none_recorded,Seattle,98199
1691,2014-06-02,ADDR_9e9bf696867f8628,1965221.0,4.0,3.5,4370,8510,2.0,0,1,3,11,1,0.17391304347826086,0,,none_recorded,Bellevue,98004
1710,2014-06-02,ADDR_008a6aeecc20316a,290000.0,3.0,2.5,2080,4828,2.0,0,0,3,12,0,0.0,0,,none_recorded,Covington,98042
1674,2014-06-02,ADDR_466d912e62b3d4fd,525000.0,4.0,2.5,2910,7631,2.0,0,2,3,8,0,0.0,0,,none_recorded,Maple Valley,98038
1730,2014-06-02,ADDR_0a18e4d0f122c855,455000.0,2.0,1.0,1140,5720,1.0,0,0,3,67,1,0.2543859649122807,0,2.0,valid_year,Seattle,98115
1731,2014-06-02,ADDR_35f12c743c34309b,540000.0,4.0,1.75,1720,4240,1.5,0,0,4,89,1,0.1511627906976744,0,46.0,valid_year,Seattle,98144
1668,2014-06-02,ADDR_07b5433aa33baaa3,285000.0,2.0,2.5,1380,1073,2.0,0,0,3,3,1,0.17391304347826086,0,,none_recorded,Seattle,98126
1723,2014-06-02,ADDR_73a47dfdcfdd29d1,687000.0,4.0,3.25,4400,186846,2.0,0,0,4,21,0,0.0,0,,none_recorded,Enumclaw,98022
1722,2014-06-02,ADDR_6876095a7f60a9ba,320000.0,5.0,2.5,3020,21441,1.0,0,0,4,36,1,0.5,0,14.0,valid_year,Kent,98042
1720,2014-06-02,ADDR_202d0b685abf1484,199950.0,3.0,1.0,1010,7245,1.0,0,0,3,45,0,0.0,0,4.0,valid_year,Federal Way,98003
1673,2014-06-02,ADDR_542afc0fba10932a,439900.0,2.0,2.0,1410,12282,1.5,0,0,5,105,0,0.0,0,26.0,valid_year,Preston,98050
1685,2014-06-02,ADDR_e0de0c8584b6619d,350000.0,3.0,2.5,2680,7836,2.0,0,0,3,24,0,0.0,0,5.0,valid_year,Auburn,98092
1708,2014-06-02,ADDR_cfd57e19309a427e,730000.0,4.0,2.0,2360,6000,1.0,0,0,5,75,1,0.4661016949152542,0,,none_recorded,Seattle,98199
4444,2014-06-02,ADDR_700e9701e30f482c,678333.33,3.0,2.5,1840,3035,1.0,0,0,3,88,1,0.5,0,11.0,valid_year,Seattle,98105
1675,2014-06-02,ADDR_b9248163b90cd7af,580000.0,4.0,2.5,2220,7064,2.0,0,0,3,26,0,0.0,0,14.0,valid_year,Issaquah,98029
1700,2014-06-02,ADDR_3b8883cb34eb8aae,635000.0,3.0,2.5,1960,7200,1.0,0,0,4,74,1,0.5,0,13.0,valid_year,Seattle,98118
1672,2014-06-02,ADDR_95952263ea88b59e,405000.0,2.0,1.75,1710,4234,2.0,0,0,3,94,1,0.2222222222222222,0,35.0,valid_year,Seattle,98136
1694,2014-06-02,ADDR_efabc66486afe772,305000.0,2.0,1.5,1140,2980,2.0,0,0,3,26,0,0.0,0,14.0,valid_year,Issaquah,98029
1729,2014-06-02,ADDR_291c45c87a013bc7,610000.0,5.0,2.5,3990,3839,1.0,0,0,4,52,1,0.5012531328320802,0,,none_recorded,Seattle,98112
1682,2014-06-02,ADDR_714a29f008596ace,661000.0,4.0,2.25,1990,4600,1.5,0,2,4,82,1,0.2864321608040201,0,56.0,valid_year,Seattle,98126
1715,2014-06-02,ADDR_44cc202e12d1430b,535000.0,3.0,2.5,1690,9626,2.0,0,0,3,30,0,0.0,0,,none_recorded,Issaquah,98027
1686,2014-06-02,ADDR_9bd85c5a4c07a4fa,250000.0,4.0,2.0,1850,7560,1.0,0,0,4,36,1,0.16756756756756758,0,14.0,valid_year,Kent,98032
1670,2014-06-02,ADDR_6ee41c15b5ae2222,380000.0,2.0,1.0,1210,4800,1.0,0,0,3,64,1,0.12396694214876033,0,9.0,valid_year,Seattle,98108
1669,2014-06-02,ADDR_1310276261f19382,500000.0,3.0,2.0,1720,5525,1.0,0,2,5,73,1,0.4418604651162791,0,,none_recorded,Seattle,98108
1666,2014-06-02,ADDR_631753e0f1c4f7d5,404000.0,3.0,1.5,2030,8880,1.0,0,0,3,51,1,0.3448275862068966,0,6.0,valid_year,Seattle,98108
1718,2014-06-02,ADDR_cd136540e5591c04,870000.0,4.0,3.0,4500,21780,2.0,0,2,3,34,1,0.3244444444444444,0,,none_recorded,Mercer Island,98040
1705,2014-06-02,ADDR_b00832e927afe1ff,465500.0,3.0,1.75,1890,7004,1.0,0,0,3,49,1,0.31746031746031744,0,21.0,valid_year,Seattle,98118
1726,2014-06-02,ADDR_244891eb5da8de40,270000.0,4.0,2.5,1920,8497,2.0,0,0,3,16,0,0.0,0,8.0,valid_year,Auburn,98092
1713,2014-06-02,ADDR_728189287fdfad93,410000.0,4.0,1.75,1790,11875,1.0,0,0,4,45,1,0.16759776536312848,0,,none_recorded,Issaquah,98027
1725,2014-06-02,ADDR_57e21e259d51f14f,274950.0,3.0,1.0,1450,8820,1.0,0,0,3,56,1,0.27586206896551724,0,10.0,valid_year,Tukwila,98168
1679,2014-06-02,ADDR_6502d9b9881cab33,395000.0,1.0,1.0,730,3000,1.0,0,0,3,103,0,0.0,0,35.0,valid_year,Seattle,98107
1684,2014-06-02,ADDR_5bab69e625581588,668500.0,4.0,2.5,2710,5500,2.0,0,0,3,15,0,0.0,0,,none_recorded,Sammamish,98074
4446,2014-06-02,ADDR_c138b7ef5fd004cc,723243.75,4.0,2.75,3270,12880,2.0,0,0,3,0,0,0.0,0,,none_recorded,Kirkland,98033
1732,2014-06-02,ADDR_9a4de0666f5858dd,411000.0,4.0,2.75,2150,9915,1.0,0,0,5,38,1,0.4232558139534884,0,,none_recorded,Newcastle,98056
1717,2014-06-02,ADDR_5028f149f8472156,432500.0,3.0,2.5,2240,6396,2.0,0,0,3,12,0,0.0,0,,none_recorded,Snoqualmie,98065
1676,2014-06-02,ADDR_0be4f3de83dd6ad2,1250000.0,5.0,3.25,3160,13238,2.0,0,0,5,42,0,0.0,0,,none_recorded,Mercer Island,98040
1687,2014-06-02,ADDR_88c05f7278a0a042,725995.0,4.0,2.5,3190,7869,2.0,0,2,3,13,0,0.0,0,,none_recorded,Snoqualmie,98065
1712,2014-06-02,ADDR_f3a3a99d43cb802c,550000.0,3.0,2.0,1810,4064,1.5,0,0,3,89,0,0.0,0,12.0,valid_year,Seattle,98103
1693,2014-06-02,ADDR_bf185bea98ccf0c0,430000.0,2.0,1.0,990,4802,1.0,0,0,3,67,0,0.0,0,2.0,valid_year,Seattle,98117
1709,2014-06-02,ADDR_73d90ecd44d8c669,366000.0,3.0,1.75,1510,8301,1.0,0,0,3,47,0,0.0,0,3.0,valid_year,Kirkland,98034
1727,2014-06-02,ADDR_ebc9f08453857476,342000.0,2.0,2.5,1175,1366,2.0,0,0,3,9,1,0.3702127659574468,0,,none_recorded,Seattle,98103
1699,2014-06-02,ADDR_7721d802528aca5d,455000.0,2.0,1.0,1170,6000,1.0,0,0,4,73,1,0.17094017094017094,0,16.0,valid_year,Seattle,98103
1683,2014-06-02,ADDR_0ebed28c2fb65fc2,789000.0,3.0,3.0,3740,39640,2.0,0,2,3,23,0,0.0,0,,none_recorded,Vashon,98070
1733,2014-06-02,ADDR_a25070a4df0382b9,544000.0,3.0,1.5,1790,8203,1.5,0,1,3,104,0,0.0,0,8.0,valid_year,Seattle,98116
4453,2014-06-03,ADDR_1299bbd210a5b0f7,148612.5,3.0,1.0,1040,6860,2.0,0,0,3,72,0,0.0,0,15.0,valid_year,Seattle,98146
1757,2014-06-03,ADDR_683078fae6e99fb8,712500.0,3.0,1.5,1660,8797,1.0,0,0,4,58,0,0.0,0,,none_recorded,Bellevue,98004
1798,2014-06-03,ADDR_7a40399fb0956307,425000.0,3.0,2.25,1870,9000,1.0,0,0,3,36,1,0.22994652406417113,0,,none_recorded,Bothell,98011
1815,2014-06-03,ADDR_188cd6b44a633ae9,210000.0,3.0,1.0,1110,7962,1.0,0,0,3,52,0,0.0,0,11.0,valid_year,Seattle,98146
1774,2014-06-03,ADDR_3939d3ee32a27eca,280000.0,2.0,1.5,1480,15641,1.0,0,0,4,74,0,0.0,0,13.0,valid_year,Seattle,98146
1754,2014-06-03,ADDR_eaad5d3b43b0cd0c,1100000.0,4.0,3.75,2930,3200,1.5,0,0,5,89,1,0.27303754266211605,0,,none_recorded,Seattle,98119
1749,2014-06-03,ADDR_53625fcbf8601bf4,471000.0,4.0,2.5,3030,9687,2.0,0,0,3,16,1,0.3333333333333333,0,8.0,valid_year,North Bend,98045
1789,2014-06-03,ADDR_6478c56f36784b34,640000.0,3.0,2.5,2370,11172,2.0,0,0,3,21,0,0.0,0,,none_recorded,Newcastle,98056
1824,2014-06-03,ADDR_87507bf53b1351be,600000.0,4.0,2.5,1960,14242,1.0,0,1,4,56,1,0.34183673469387754,0,42.0,valid_year,Burien,98146
1821,2014-06-03,ADDR_4c84e4791d813ccc,222400.0,3.0,2.0,1200,9566,1.0,0,0,3,19,0,0.0,0,,none_recorded,Pacific,98047
1786,2014-06-03,ADDR_44134c7be5b76147,235000.0,3.0,1.0,1250,15603,1.0,0,0,4,55,0,0.0,0,,none_recorded,Renton,98056
1758,2014-06-03,ADDR_d06e01c01aef811a,689800.0,3.0,2.75,2390,9313,1.0,0,0,5,72,1,0.41841004184100417,0,,none_recorded,Seattle,98133
1779,2014-06-03,ADDR_8729bdb904817a90,449500.0,5.0,2.75,2040,7488,1.0,0,0,4,45,1,0.4117647058823529,0,,none_recorded,Kirkland,98034
1805,2014-06-03,ADDR_e08fdbc36498b088,960000.0,4.0,3.0,4590,9150,2.0,0,0,3,33,1,0.23965141612200436,0,1.0,valid_year,Seattle,98177
1763,2014-06-03,ADDR_ab6e83af664e2244,435000.0,3.0,1.75,2220,132858,1.0,0,0,3,26,1,0.5,0,14.0,valid_year,Issaquah,98027
1769,2014-06-03,ADDR_5937d3f9cadb738f,580135.0,4.0,2.5,3150,5886,2.0,0,0,3,0,0,0.0,0,,none_recorded,Renton,98059
1741,2014-06-03,ADDR_882b3bb43094985a,650000.0,5.0,2.75,2550,5040,1.5,0,0,5,112,0,0.0,0,,none_recorded,Seattle,98122
1762,2014-06-03,ADDR_8a272c95ef04565e,1070000.0,4.0,3.75,4130,12320,2.0,0,0,3,13,0,0.0,0,,none_recorded,Newcastle,98059
1826,2014-06-03,ADDR_d6dcde0cfda5c702,272500.0,3.0,2.0,1410,7622,1.0,0,0,4,31,0,0.0,0,,none_recorded,Renton,98058
1785,2014-06-03,ADDR_bd411abaa9505e52,320000.0,3.0,2.0,1880,10758,1.0,0,0,5,62,1,0.5,0,16.0,valid_year,Renton,98059
1822,2014-06-03,ADDR_b31af906bc18802f,402500.0,3.0,3.25,2780,4002,2.0,0,0,3,5,0,0.0,0,,none_recorded,Duvall,98019
1800,2014-06-03,ADDR_ffb13c66e89336c5,770000.0,3.0,2.5,2430,54059,2.0,0,0,3,27,0,0.0,0,14.0,valid_year,Issaquah,98027
1818,2014-06-03,ADDR_0fe9d53fb65dd110,400000.0,3.0,1.5,1200,4800,1.0,0,0,4,52,0,0.0,0,,none_recorded,Bellevue,98007
1796,2014-06-03,ADDR_2efbaa26995e724e,562100.0,3.0,2.25,2090,12112,2.0,0,0,3,31,0,0.0,0,5.0,valid_year,Redmond,98052
4456,2014-06-03,ADDR_e1d4883799c1d0e4,341166.67,5.0,2.75,2670,3800,2.0,0,0,3,0,0,0.0,0,,none_recorded,Renton,98059
1787,2014-06-03,ADDR_281c1270a409a8b0,437000.0,5.0,2.0,2120,137565,1.5,0,0,3,101,0,0.0,0,31.0,valid_year,Vashon,98070
1791,2014-06-03,ADDR_9551454047b377b8,548000.0,3.0,2.5,2110,4099,2.0,0,0,3,13,0,0.0,0,,none_recorded,Woodinville,98072
1804,2014-06-03,ADDR_3f07defd9658ca41,613000.0,5.0,2.5,2070,12000,1.0,0,0,4,47,1,0.3526570048309179,0,,none_recorded,Bellevue,98008
1783,2014-06-03,ADDR_79b66b6253473d2f,420000.0,3.0,1.75,1660,9600,1.0,0,0,3,33,1,0.1686746987951807,0,1.0,valid_year,Bothell,98011
1751,2014-06-03,ADDR_39fc55aa8b65371e,503000.0,3.0,2.5,2190,4882,2.0,0,0,3,15,0,0.0,0,,none_recorded,Lake Forest Park,98155
1780,2014-06-03,ADDR_bda0dc2bfc1be14a,150000.0,3.0,1.0,1320,8220,1.0,0,0,3,55,0,0.0,0,25.0,valid_year,Des Moines,98198
1778,2014-06-03,ADDR_b42178c48ee710ca,654950.0,4.0,2.5,2790,45902,2.0,0,0,3,27,0,0.0,0,14.0,valid_year,Woodinville,98077
1809,2014-06-03,ADDR_32227eb7d8182acb,430000.0,4.0,2.25,1790,7203,1.0,0,0,4,41,1,0.37988826815642457,0,,none_recorded,Lake Forest Park,98155
4452,2014-06-03,ADDR_f4a971c65994305d,269187.5,3.0,1.75,1590,27200,1.5,0,0,4,88,0,0.0,0,21.0,valid_year,Maple Valley,98038
1764,2014-06-03,ADDR_de584390beb6cc7c,941500.0,5.0,3.5,3490,9680,2.0,0,4,3,34,1,0.29512893982808025,0,,none_recorded,Shoreline,98177
1742,2014-06-03,ADDR_11f4f4a971a502bf,850000.0,3.0,1.75,1370,3850,1.0,0,0,5,103,1,0.43795620437956206,0,26.0,valid_year,Seattle,98112
1811,2014-06-03,ADDR_485aa51448d07722,425000.0,2.0,2.5,1140,1182,3.0,0,0,3,7,0,0.0,0,,none_recorded,Seattle,98107
1816,2014-06-03,ADDR_75357ea50eb5c5f2,234000.0,2.0,1.0,940,5375,1.0,0,0,4,62,0,0.0,0,,none_recorded,Des Moines,98198
1761,2014-06-03,ADDR_da102b4ac8d74cbf,474900.0,3.0,2.25,1800,43647,1.0,0,0,4,38,0,0.0,0,22.0,valid_year,Woodinville,98072
1795,2014-06-03,ADDR_2a27c06c9ee9d1a7,695000.0,4.0,2.5,2961,12146,2.0,0,0,3,16,0,0.0,0,8.0,valid_year,Sammamish,98075
1744,2014-06-03,ADDR_e20d8e5c54ecce07,530000.0,3.0,1.75,1250,6041,1.5,0,0,5,72,0,0.0,0,,none_recorded,Seattle,98115
4448,2014-06-03,ADDR_88e42a66daa37fa6,108333.33,3.0,1.0,1200,9936,1.0,0,0,4,45,0,0.0,0,,none_recorded,Maple Valley,98038
1740,2014-06-03,ADDR_271c3352cf654df3,328500.0,3.0,2.5,1950,8130,2.0,0,0,4,24,0,0.0,0,,none_recorded,Kent,98042
1773,2014-06-03,ADDR_96acdfc6e01cb105,660000.0,3.0,2.5,2290,2798,3.0,0,0,4,61,0,0.0,0,31.0,valid_year,Seattle,98102
1825,2014-06-03,ADDR_61e5e4f0056f7a20,930000.0,2.0,2.5,2680,11214,1.0,0,0,3,8,0,0.0,0,,none_recorded,Redmond,98053
1812,2014-06-03,ADDR_579af412431bfe65,720000.0,4.0,2.5,2870,12648,2.0,0,0,4,28,0,0.0,0,,none_recorded,Issaquah,98029
1767,2014-06-03,ADDR_3c6245af2058c2ce,713250.0,3.0,2.0,2050,9000,1.0,0,0,4,63,0,0.0,0,15.0,valid_year,Mercer Island,98040
1743,2014-06-03,ADDR_00d2917ba576338c,930000.0,4.0,2.5,2200,4000,2.0,0,0,5,106,1,0.35,0,,none_recorded,Seattle,98119
1770,2014-06-03,ADDR_3e8e3119ce6a2b8e,575000.0,3.0,2.25,3800,33825,1.0,0,0,4,38,1,0.12368421052631579,0,22.0,valid_year,Kent,98042
1752,2014-06-03,ADDR_8893335bcc32fb03,230000.0,3.0,2.0,1440,5600,1.0,0,0,4,72,1,0.5,0,7.0,valid_year,Renton,98056
4450,2014-06-03,ADDR_abbae6408c3b40ad,535000.0,4.0,2.25,2290,5350,2.0,0,0,4,56,1,0.07423580786026202,0,42.0,valid_year,Seattle,98199
1801,2014-06-03,ADDR_d831289af10587b5,239000.0,3.0,1.75,1340,16480,1.0,0,0,4,46,0,0.0,0,,none_recorded,Kent,98042
1750,2014-06-03,ADDR_c6b859d5e3e09cc4,223000.0,3.0,1.0,1030,9120,1.0,0,0,3,53,0,0.0,0,10.0,valid_year,Kent,98032
1765,2014-06-03,ADDR_b191c3da82362d82,312000.0,4.0,2.5,1830,5175,2.0,0,0,3,11,0,0.0,0,,none_recorded,Maple Valley,98038
1827,2014-06-03,ADDR_231a2e82456290e6,363990.0,4.0,2.5,2240,3712,2.0,0,0,3,0,0,0.0,0,,none_recorded,Maple Valley,98038
1799,2014-06-03,ADDR_6f571b9b8a7fb1e0,600000.0,4.0,2.5,2620,9873,2.0,0,0,3,27,0,0.0,0,14.0,valid_year,Issaquah,98075
1756,2014-06-03,ADDR_bf65305d481ebc05,590000.0,4.0,4.25,2360,57514,2.0,0,0,4,75,0,0.0,0,27.0,valid_year,Federal Way,98003
1748,2014-06-03,ADDR_1ffaddef570d7f87,365000.0,3.0,2.5,1720,99916,2.0,0,0,4,24,0,0.0,0,,none_recorded,Kent,98042
1772,2014-06-03,ADDR_ca28b39f02f0a130,235000.0,3.0,2.0,1530,8700,1.0,0,0,4,44,0,0.0,0,,none_recorded,Renton,98055
1793,2014-06-03,ADDR_fc5764449989d92e,875000.0,4.0,2.25,3720,12384,1.0,0,2,5,44,1,0.5,0,,none_recorded,Sammamish,98075
1760,2014-06-03,ADDR_79aafb558834528e,785200.0,3.0,2.25,1840,3500,1.5,0,0,5,104,1,0.16304347826086957,0,,none_recorded,Seattle,98122
1813,2014-06-03,ADDR_03c2adbd71994f2d,375900.0,6.0,1.5,2550,33740,1.0,0,0,4,56,1,0.3137254901960784,0,42.0,valid_year,Federal Way,98023
1823,2014-06-03,ADDR_4c7a7e586753c0c7,250000.0,3.0,2.25,1765,7652,2.0,0,0,3,18,0,0.0,0,,none_recorded,Federal Way,98003
1747,2014-06-03,ADDR_8684ca2cd20872fa,325000.0,3.0,1.75,2250,26337,1.0,0,0,3,34,0,0.0,0,,none_recorded,Auburn,98092
4451,2014-06-03,ADDR_8cfeda46599be982,596165.43,4.0,2.0,2580,6000,1.0,0,0,5,64,1,0.49612403100775193,0,,none_recorded,Seattle,98199
1807,2014-06-03,ADDR_8254bdf96f1cbc87,206000.0,3.0,1.0,1060,9600,1.0,0,0,4,52,0,0.0,0,,none_recorded,Federal Way,98023
1790,2014-06-03,ADDR_e33a999f9e501d1b,432000.0,3.0,2.5,1970,4036,2.0,0,0,4,11,0,0.0,0,,none_recorded,Snoqualmie,98065
1775,2014-06-03,ADDR_c2a2c519475f94fd,268000.0,3.0,1.75,1970,10270,1.0,0,0,4,48,0,0.0,0,,none_recorded,Kent,98032
1831,2014-06-03,ADDR_7e2efbd44068fc32,309000.0,5.0,2.75,2481,4045,2.0,0,0,3,0,0,0.0,0,,none_recorded,Auburn,98001
1768,2014-06-03,ADDR_e96a0496b7989808,440000.0,2.0,1.0,1230,6600,1.0,0,0,3,108,1,0.08130081300813008,0,0.0,valid_year,Seattle,98118
1817,2014-06-03,ADDR_517c0f9f3a582c93,285000.0,3.0,1.75,2880,18296,1.0,0,0,3,56,1,0.4513888888888889,0,10.0,valid_year,Tukwila,98168
1781,2014-06-03,ADDR_92faccfbb9b54025,440000.0,3.0,2.25,1680,57063,2.0,0,0,4,25,0,0.0,0,,none_recorded,North Bend,98045
1766,2014-06-03,ADDR_313c28a239049023,835000.0,4.0,2.75,1550,4000,1.5,0,0,3,84,0,0.0,0,17.0,valid_year,Seattle,98105
1788,2014-06-03,ADDR_17f7371cd8d7c722,545000.0,3.0,1.75,1810,3000,1.5,0,0,4,111,0,0.0,0,,none_recorded,Seattle,98107
1814,2014-06-03,ADDR_00848f3923069222,1298000.0,4.0,3.5,2790,10125,1.5,0,0,5,29,0,0.0,0,,none_recorded,Mercer Island,98040
1755,2014-06-03,ADDR_dbf51ed22750334b,193000.0,3.0,1.5,1180,9048,1.0,0,0,3,54,0,0.0,0,2.0,valid_year,Burien,98148
1819,2014-06-03,ADDR_de7908422b292194,718000.0,3.0,1.0,1030,4958,1.0,0,0,5,62,0,0.0,0,16.0,valid_year,Seattle,98105
1759,2014-06-03,ADDR_476f85757fadfd0c,430000.0,3.0,2.0,1360,5120,1.5,0,0,4,90,1,0.33088235294117646,0,,none_recorded,Seattle,98116
1797,2014-06-03,ADDR_f348a60f8a00f2c2,475000.0,3.0,2.5,2600,7210,2.0,0,0,3,25,0,0.0,0,,none_recorded,Renton,98059
1808,2014-06-03,ADDR_a3a2e85d2a3f6b3e,253000.0,2.0,1.75,1220,5000,1.0,0,0,5,93,1,0.29508196721311475,0,,none_recorded,Renton,98057
1802,2014-06-03,ADDR_53e94f001575da1f,295000.0,2.0,1.0,1170,10621,1.0,0,0,3,51,0,0.0,0,6.0,valid_year,North Bend,98045
1810,2014-06-03,ADDR_6130685a60ea1932,605000.0,3.0,2.0,2060,4040,1.0,0,0,4,67,1,0.4563106796116505,0,26.0,valid_year,Seattle,98103
1832,2014-06-03,ADDR_759dd05b17560f2f,320000.0,3.0,3.25,1530,1602,2.0,0,0,3,1,1,0.2549019607843137,0,,invalid_year,Seattle,98106
1776,2014-06-03,ADDR_006055206c8db84e,235000.0,2.0,1.0,720,4840,1.0,0,0,4,67,0,0.0,0,26.0,valid_year,Seattle,98126
4447,2014-06-03,ADDR_c22c04a8ccf061c5,667781.25,5.0,2.75,3040,10257,2.0,0,0,3,21,0,0.0,0,,none_recorded,Bellevue,98006
1745,2014-06-03,ADDR_6d968b6233ee7115,495000.0,4.0,2.25,2220,8872,1.0,0,0,4,53,1,0.5,0,13.0,valid_year,Bellevue,98006
1803,2014-06-03,ADDR_a7d89e63472b1afd,560000.0,3.0,1.75,2000,10182,1.0,0,0,5,51,1,0.3,0,,none_recorded,Kirkland,98033
1746,2014-06-03,ADDR_ad33b4fd5e63434b,500000.0,3.0,1.75,1620,4200,1.0,0,0,5,69,1,0.4876543209876543,0,,none_recorded,Seattle,98115
1829,2014-06-03,ADDR_53fbece0cedfe90c,400000.0,3.0,2.25,1450,4706,2.0,0,0,3,5,0,0.0,0,,none_recorded,Kenmore,98028
1806,2014-06-03,ADDR_d1ac042bca66d3ca,847000.0,5.0,1.0,2550,4623,2.5,0,0,4,109,0,0.0,0,,none_recorded,Seattle,98122
1777,2014-06-03,ADDR_65e45618a346688b,390000.0,3.0,2.0,1080,7236,1.0,0,0,5,67,0,0.0,0,,none_recorded,Seattle,98125
1771,2014-06-03,ADDR_7f5633f157f181c1,613000.0,3.0,2.5,1350,3068,2.0,0,0,3,23,0,0.0,0,,none_recorded,Seattle,98122
1782,2014-06-03,ADDR_4e94ffb15c2cc05e,710000.0,3.0,2.0,2140,4923,1.0,0,0,4,86,1,0.5,0,,none_recorded,Seattle,98103
1820,2014-06-03,ADDR_7ec9a7ba15f6ae05,174500.0,2.0,2.5,1240,2689,2.0,0,0,3,28,0,0.0,0,,none_recorded,Federal Way,98003
1792,2014-06-03,ADDR_fac5ae3c47e648e4,830000.0,3.0,3.0,2080,10521,1.5,0,0,3,10,0,0.0,0,,invalid_year,Kirkland,98034
1753,2014-06-03,ADDR_b333cf59dfeded1a,550000.0,4.0,2.5,2170,9600,1.0,0,0,3,34,1,0.3271889400921659,0,,none_recorded,Redmond,98052
1830,2014-06-03,ADDR_66f0c1a1a87c2450,427874.0,3.0,3.0,2340,5002,2.0,0,0,3,1,0,0.0,0,,invalid_year,North Bend,98045
1784,2014-06-03,ADDR_45508da9acd0c2f1,312000.0,3.0,2.25,1540,5338,1.0,0,0,5,60,1,0.5,0,,none_recorded,Seattle,98115
1794,2014-06-03,ADDR_029e0c7aba6baa5f,409950.0,2.0,1.75,1370,5125,1.0,0,0,5,70,0,0.0,0,,none_recorded,Seattle,98103
1739,2014-06-03,ADDR_efba1fb3c794877b,425000.0,3.0,2.25,1660,6000,1.0,0,0,3,35,1,0.3313253012048193,0,0.0,valid_year,Seattle,98122
1828,2014-06-03,ADDR_a7e7dbf56d26746a,575000.0,4.0,2.75,3120,7644,2.0,0,0,3,4,0,0.0,0,,none_recorded,Snoqualmie,98065
1863,2014-06-04,ADDR_eac58a6dc8c52b9d,289950.0,3.0,2.0,1670,7757,1.0,0,0,3,22,0,0.0,0,,none_recorded,Kent,98030
1833,2014-06-04,ADDR_a7527fe3d2a40178,390000.0,3.0,2.25,1250,7500,1.0,0,0,5,72,0,0.0,0,,none_recorded,Seattle,98146
1870,2014-06-04,ADDR_6e3e707e2741d22e,525000.0,3.0,2.0,1540,7800,1.0,0,0,3,10,0,0.0,0,,invalid_year,Seattle,98125
1884,2014-06-04,ADDR_4d47c9175e5feb1a,470000.0,3.0,2.0,1800,12669,1.0,0,0,3,58,0,0.0,0,24.0,valid_year,Kirkland,98033
1902,2014-06-04,ADDR_af1282cd1b7979da,860000.0,3.0,3.25,4720,32467,2.0,0,2,3,16,1,0.3241525423728814,0,8.0,valid_year,Renton,98059
1891,2014-06-04,ADDR_604a5a58a9610547,532000.0,4.0,1.75,2020,7029,1.0,0,0,4,35,1,0.29207920792079206,0,,none_recorded,Redmond,98052
1918,2014-06-04,ADDR_f4267145ea04253b,229500.0,3.0,1.75,1770,33224,1.0,0,0,4,46,0,0.0,0,,none_recorded,Auburn,98092
1857,2014-06-04,ADDR_e65dce9d86064fe8,760000.0,4.0,2.5,2730,36183,2.0,0,0,3,28,0,0.0,0,,none_recorded,Redmond,98052
1915,2014-06-04,ADDR_b9613a25110cd7fa,399950.0,3.0,1.5,2080,5244,1.0,0,0,3,55,1,0.42788461538461536,0,25.0,valid_year,Seattle,98125
1836,2014-06-04,ADDR_1df7cb62e8d5e248,240500.0,3.0,1.75,1460,10584,1.0,0,0,3,17,1,0.3219178082191781,0,,none_recorded,Seattle,98168
1879,2014-06-04,ADDR_a1117087a867f50f,875000.0,4.0,2.75,3790,10669,2.0,0,0,3,15,0,0.0,0,,none_recorded,Sammamish,98075
1839,2014-06-04,ADDR_d17bca1709440dac,658588.0,3.0,2.25,2560,41346,2.0,0,0,3,28,0,0.0,0,,none_recorded,Issaquah,98027
1860,2014-06-04,ADDR_3c43bebaf14931d0,837500.0,4.0,2.5,2700,9320,2.0,0,0,4,20,0,0.0,0,,none_recorded,Kirkland,98033
1843,2014-06-04,ADDR_04153b49f6b75875,200000.0,3.0,1.5,2060,15837,1.5,0,0,3,111,0,0.0,0,9.0,valid_year,Renton,98057
1856,2014-06-04,ADDR_a4b2d7c765923d4a,390000.0,3.0,1.0,1240,11108,1.0,0,0,4,62,0,0.0,0,,none_recorded,Normandy Park,98166
1907,2014-06-04,ADDR_6ba4f4b2f50f7dc9,129000.0,1.0,1.0,650,15364,1.0,0,0,4,47,0,0.0,0,,none_recorded,Kent,98042
1903,2014-06-04,ADDR_5dea16b2863dffc6,365000.0,2.0,1.0,1250,8100,1.0,0,0,4,67,0,0.0,0,26.0,valid_year,Seattle,98125
1846,2014-06-04,ADDR_777ac44b6fc1cc6d,1126000.0,5.0,3.5,3880,13885,2.0,0,3,4,35,1,0.34536082474226804,0,,none_recorded,Bellevue,98006
1842,2014-06-04,ADDR_dd990eda922de4b2,340000.0,3.0,1.75,2190,12626,2.0,0,0,4,36,0,0.0,0,14.0,valid_year,Kent,98042
4458,2014-06-04,ADDR_221040eac2ac258d,557125.0,4.0,2.75,3370,12447,2.0,0,0,3,23,0,0.0,0,,none_recorded,Woodinville,98077
1920,2014-06-04,ADDR_d141bb2da6409054,549000.0,4.0,2.25,2740,88426,2.0,0,0,3,23,0,0.0,0,,none_recorded,Issaquah,98027
1909,2014-06-04,ADDR_25c1a6e7a1bb1ff6,170000.0,2.0,1.0,1500,18540,1.0,0,0,3,64,0,0.0,0,9.0,valid_year,Tukwila,98168
1900,2014-06-04,ADDR_ba11163273dd3738,907500.0,4.0,2.5,2770,8642,2.0,0,0,4,27,0,0.0,0,,none_recorded,Bellevue,98007
1925,2014-06-04,ADDR_aa6753621c511838,767450.0,3.0,2.0,1630,7599,1.0,0,0,3,8,0,0.0,0,,none_recorded,Seattle,98117
1858,2014-06-04,ADDR_91d828ac38cb13c6,119500.0,3.0,1.0,1170,11000,1.0,0,0,2,34,0,0.0,0,,none_recorded,Duvall,98019
1861,2014-06-04,ADDR_d15090b597f29e17,327500.0,4.0,1.75,1650,7800,1.0,0,0,3,46,0,0.0,0,17.0,valid_year,Renton,98058
1871,2014-06-04,ADDR_5450a1180d7b59a2,324950.0,3.0,1.0,1210,7440,1.0,0,0,3,65,0,0.0,0,16.0,valid_year,Shoreline,98155
1878,2014-06-04,ADDR_2cb6a8f5c3a4bf45,275000.0,2.0,1.0,770,8149,1.0,0,0,5,66,0,0.0,0,29.0,valid_year,Shoreline,98155
1922,2014-06-04,ADDR_6a4eff9abd7ee4b3,285000.0,3.0,2.5,2437,5136,2.0,0,0,3,3,0,0.0,0,,none_recorded,Auburn,98002
1880,2014-06-04,ADDR_3d4df1e4d89a5873,335000.0,4.0,2.75,2540,7210,1.0,0,0,4,35,1,0.3700787401574803,0,,none_recorded,Renton,98058
1852,2014-06-04,ADDR_5647b45ff2aa63fc,364950.0,4.0,2.5,2310,8030,2.0,0,0,3,36,0,0.0,0,,none_recorded,Duvall,98019
1854,2014-06-04,ADDR_2417bec7bcb4fa18,135000.0,1.0,1.0,790,13062,1.0,0,0,3,72,0,0.0,0,15.0,valid_year,Seattle,98168
1837,2014-06-04,ADDR_c5d9e08b519b9826,320000.0,3.0,1.5,1650,9380,1.0,0,0,5,36,1,0.3151515151515151,0,,none_recorded,Renton,98058
1876,2014-06-04,ADDR_fc55dd9f37b9592d,453500.0,5.0,2.5,2300,23345,1.0,0,0,5,47,1,0.49130434782608695,0,,none_recorded,Renton,98059
1896,2014-06-04,ADDR_21cb5e025b24a58e,572000.0,3.0,2.25,1830,7897,1.0,0,0,4,28,1,0.29508196721311475,0,,none_recorded,Redmond,98052
1887,2014-06-04,ADDR_4a3fccf309d013c0,746000.0,3.0,2.25,2370,9619,1.0,0,0,4,41,1,0.3037974683544304,0,,none_recorded,Redmond,98052
1914,2014-06-04,ADDR_3a567b80ae94584c,742000.0,3.0,3.25,1540,704,3.0,0,0,3,3,0,0.0,0,,none_recorded,Seattle,98122
1867,2014-06-04,ADDR_384a9c704bb61f59,500000.0,5.0,3.0,2920,11440,2.0,0,0,3,11,0,0.0,0,,none_recorded,Shoreline,98133
1912,2014-06-04,ADDR_efdb94b6f945d930,2005000.0,6.0,4.5,3810,28176,1.0,0,4,5,45,0,0.0,0,,none_recorded,Shoreline,98177
1899,2014-06-04,ADDR_e627e60b961df095,685000.0,4.0,2.5,2770,45514,2.0,0,0,4,25,0,0.0,0,,none_recorded,Woodinville,98077
1921,2014-06-04,ADDR_f48968a5dcd593e5,545000.0,5.0,2.5,2730,17240,1.0,0,0,5,56,1,0.39194139194139194,0,,none_recorded,Kenmore,98028
1864,2014-06-04,ADDR_024d53e5483d303f,400000.0,3.0,1.75,1530,10731,1.0,0,0,3,28,0,0.0,0,,none_recorded,Kenmore,98028
1917,2014-06-04,ADDR_136a2f401d0ab508,190000.0,5.0,2.0,1750,10284,1.0,0,0,4,71,0,0.0,0,,none_recorded,Renton,98056
1875,2014-06-04,ADDR_4b85bb0e70f1f97a,603500.0,4.0,2.5,4060,9734,1.0,0,4,3,37,1,0.47044334975369456,0,10.0,valid_year,Kenmore,98028
1890,2014-06-04,ADDR_42e1a0bd9fbcd247,250000.0,4.0,2.0,2120,8701,1.5,0,0,4,54,0,0.0,0,13.0,valid_year,Des Moines,98198
1840,2014-06-04,ADDR_4ba5a06927bc99c6,270000.0,3.0,2.25,2080,4252,1.5,0,0,3,11,1,0.2548076923076923,0,,none_recorded,Kent,98042
1911,2014-06-04,ADDR_27b5ab7f3a958e8d,261000.0,3.0,1.5,1810,29308,1.0,0,0,3,31,1,0.47513812154696133,0,5.0,valid_year,Covington,98042
1889,2014-06-04,ADDR_1f8021c1a51d9a80,371000.0,3.0,1.5,1420,4500,1.0,0,0,3,55,0,0.0,0,25.0,valid_year,Seattle,98103
1848,2014-06-04,ADDR_a563b677285bab8c,485000.0,3.0,2.5,2340,59058,1.0,0,0,3,29,0,0.0,0,,none_recorded,Maple Valley,98038
1877,2014-06-04,ADDR_b338fbf6365e6510,583000.0,6.0,2.75,2630,16411,1.0,0,0,4,40,1,0.3726235741444867,0,,none_recorded,Redmond,98052
4459,2014-06-04,ADDR_ec4c128ea1bbc44c,228944.44,3.0,1.75,1730,11325,1.0,0,0,5,42,0,0.0,0,,none_recorded,Kent,98031
1869,2014-06-04,ADDR_76142171159fbaf1,540000.0,3.0,1.0,1050,4160,1.0,0,0,4,89,0,0.0,0,46.0,valid_year,Seattle,98115
1892,2014-06-04,ADDR_3bfba37dde0603c1,499950.0,3.0,2.5,1520,2208,2.0,0,0,3,7,1,0.3157894736842105,0,,none_recorded,Seattle,98119
1851,2014-06-04,ADDR_2e879efca89e51ff,532000.0,3.0,2.5,1820,4910,2.0,0,0,3,21,0,0.0,0,,none_recorded,Issaquah,98029
1894,2014-06-04,ADDR_619982d4e4829d62,640000.0,3.0,2.5,1690,1553,2.5,0,0,3,7,0,0.0,0,,none_recorded,Seattle,98199
1882,2014-06-04,ADDR_73dc5c831eab71fc,392500.0,4.0,2.5,2150,7303,2.0,0,0,3,9,0,0.0,0,,none_recorded,Renton,98056
1895,2014-06-04,ADDR_4417f657be27014b,400000.0,3.0,2.0,2260,11305,1.0,0,0,3,28,1,0.5,0,,none_recorded,Renton,98055
1850,2014-06-04,ADDR_b068ee0dedd18a31,865000.0,3.0,1.75,2090,4725,2.0,0,0,3,67,1,0.22966507177033493,0,1.0,valid_year,Seattle,98199
1868,2014-06-04,ADDR_54cb33e21238de1d,465000.0,3.0,1.0,910,4500,1.0,0,0,3,66,0,0.0,0,20.0,valid_year,Seattle,98117
1862,2014-06-04,ADDR_b080bb0f7473a77d,175000.0,2.0,1.0,670,2378,1.0,0,0,3,95,0,0.0,0,13.0,valid_year,Seattle,98126
1904,2014-06-04,ADDR_3285682c3f331159,250500.0,3.0,2.0,1710,7225,2.0,0,0,4,26,0,0.0,0,,none_recorded,Federal Way,98023
1844,2014-06-04,ADDR_25694862e071ddfd,1025000.0,3.0,1.75,2640,8000,1.0,0,3,4,54,1,0.5,0,13.0,valid_year,Mercer Island,98040
1859,2014-06-04,ADDR_4d21114637a35def,2400000.0,5.0,3.25,3410,9088,2.0,0,3,3,102,1,0.1906158357771261,0,20.0,valid_year,Seattle,98119
1888,2014-06-04,ADDR_b73d0fcb0740b2b6,317000.0,3.0,1.0,1010,5400,1.0,0,0,3,55,0,0.0,0,25.0,valid_year,Seattle,98144
1845,2014-06-04,ADDR_3ea5dc41ed5ee816,275000.0,3.0,2.5,1720,8755,1.0,0,0,3,31,1,0.4186046511627907,0,5.0,valid_year,Federal Way,98023
1865,2014-06-04,ADDR_933263a84cfa9da6,219950.0,3.0,2.25,1500,7615,1.0,0,0,3,30,1,0.23333333333333334,0,,none_recorded,Federal Way,98023
1866,2014-06-04,ADDR_6d4ee94291b3ff54,161700.0,4.0,1.75,1720,7200,1.0,0,0,3,40,1,0.29069767441860467,0,,none_recorded,Federal Way,98023
1910,2014-06-04,ADDR_52df7bbf857205ef,418500.0,3.0,2.5,2060,4399,2.0,0,0,3,7,0,0.0,0,,none_recorded,Snoqualmie,98065
1841,2014-06-04,ADDR_e0bd99d607d705ec,327500.0,3.0,1.0,1070,7140,1.0,0,0,3,25,0,0.0,0,,none_recorded,Seattle,98118
1853,2014-06-04,ADDR_a996c98db4126ca5,212500.0,3.0,1.0,920,14400,1.0,0,0,4,37,0,0.0,0,,none_recorded,Auburn,98001
1923,2014-06-04,ADDR_93e50d4fa29b1d9b,648000.0,4.0,2.5,3290,6203,2.0,0,0,3,6,0,0.0,0,,none_recorded,Snoqualmie,98065
1883,2014-06-04,ADDR_8d553903506d99a6,785000.0,3.0,1.75,1670,9600,1.0,0,0,5,53,0,0.0,0,,none_recorded,Mercer Island,98040
1927,2014-06-04,ADDR_6d9f3c28399e95c9,586500.0,3.0,2.5,1780,1487,3.0,0,0,3,8,1,0.10112359550561797,0,,none_recorded,Seattle,98103
1873,2014-06-04,ADDR_abe7105c9f36ee34,760500.0,3.0,2.0,1990,3990,1.0,0,0,5,102,1,0.4321608040201005,0,,none_recorded,Seattle,98103
1897,2014-06-04,ADDR_dff4ce684c621aa7,310000.0,3.0,2.0,1350,11150,1.0,0,0,3,19,1,0.17777777777777778,0,,none_recorded,North Bend,98045
1874,2014-06-04,ADDR_65a34dfb79ce04d7,1100000.0,5.0,2.75,2660,8737,1.0,0,4,5,45,1,0.4473684210526316,0,,none_recorded,Bellevue,98006
1913,2014-06-04,ADDR_7fa680e93ab7799e,355000.0,2.0,1.75,1650,4000,1.0,0,0,4,67,1,0.42424242424242425,0,26.0,valid_year,Seattle,98108
1849,2014-06-04,ADDR_1aac03b028195690,1901000.0,3.0,2.5,2660,13367,2.0,0,2,3,22,0,0.0,0,,none_recorded,Yarrow Point,98004
1881,2014-06-04,ADDR_49287c9be52835cc,646000.0,4.0,2.25,2500,8500,1.0,0,0,4,36,1,0.36,0,14.0,valid_year,Bellevue,98006
1905,2014-06-04,ADDR_ed83f33fc1907e51,411715.0,3.0,1.75,1840,5101,1.0,0,0,5,62,1,0.43478260869565216,0,16.0,valid_year,Seattle,98108
1929,2014-06-04,ADDR_7b4de654716b02c4,455000.0,3.0,1.75,1420,1189,3.0,0,0,3,8,0,0.0,0,,none_recorded,Seattle,98103
1872,2014-06-04,ADDR_2d5076fb99f7c3a3,565000.0,5.0,2.5,2650,11455,1.0,0,0,3,53,1,0.4716981132075472,0,10.0,valid_year,Bellevue,98008
1893,2014-06-04,ADDR_57148ea892c4bd8f,375000.0,2.0,1.0,820,6250,1.0,0,0,4,92,0,0.0,0,,none_recorded,Seattle,98136
1916,2014-06-04,ADDR_a9947333d6396a75,791000.0,3.0,2.25,2430,5500,2.0,0,0,3,25,1,0.2551440329218107,0,,none_recorded,Kirkland,98033
1835,2014-06-04,ADDR_941c245450b0a41b,375000.0,4.0,1.75,2200,7475,1.0,0,0,5,59,1,0.5,0,,none_recorded,Seattle,98118
1926,2014-06-04,ADDR_40660b1b20e5f090,765000.0,4.0,3.0,4410,5104,2.0,0,0,3,8,1,0.2290249433106576,0,,none_recorded,Snoqualmie,98065
1906,2014-06-04,ADDR_36b426af28b3ad95,415000.0,4.0,2.5,2000,5962,2.0,0,0,3,15,0,0.0,0,,none_recorded,Shoreline,98133
1919,2014-06-04,ADDR_35d4681ca44008db,539000.0,3.0,2.5,1710,2300,2.0,0,0,3,9,1,0.08187134502923976,0,,none_recorded,Redmond,98052
1885,2014-06-04,ADDR_8dd8afe3d0889245,560000.0,3.0,2.5,2070,12708,2.0,0,0,3,18,0,0.0,0,,none_recorded,Newcastle,98056
1886,2014-06-04,ADDR_4908776d588354a9,519000.0,2.0,1.0,830,2820,1.0,0,0,4,94,0,0.0,0,,none_recorded,Seattle,98103
1898,2014-06-04,ADDR_9973f458b0f9fa6b,989000.0,5.0,3.5,3280,4000,2.0,0,0,3,11,1,0.25609756097560976,0,,none_recorded,Seattle,98117
1834,2014-06-04,ADDR_620b2521690be4e3,299000.0,1.0,0.75,560,12120,1.0,0,0,3,47,0,0.0,0,3.0,valid_year,Carnation,98014
1838,2014-06-04,ADDR_c963ecc36ea70df6,1270000.0,5.0,2.5,3200,17204,1.0,0,0,3,62,1,0.325,0,6.0,valid_year,Bellevue,98004
1928,2014-06-04,ADDR_22ad472713ef323f,520000.0,3.0,3.25,1540,1487,2.0,0,0,3,3,0,0.0,0,,none_recorded,Issaquah,98029
1847,2014-06-04,ADDR_236f6cd2ea58c1e2,280000.0,2.0,1.0,960,4920,1.0,0,0,3,72,0,0.0,0,15.0,valid_year,Seattle,98117
1908,2014-06-04,ADDR_ba0ca5dcc21eead1,489000.0,3.0,1.5,1020,9072,1.0,0,0,3,84,1,0.09803921568627451,0,17.0,valid_year,Seattle,98115
4457,2014-06-04,ADDR_67c0d5c1e49087bf,132500.0,4.0,1.0,1540,115434,1.5,0,0,4,91,0,0.0,0,,none_recorded,Kent,98031
1924,2014-06-04,ADDR_405a773c719fa778,610000.0,4.0,3.5,2910,5260,2.0,0,0,3,2,0,0.0,0,,invalid_year,Snoqualmie,98065
1855,2014-06-04,ADDR_a40d8129a05086f9,437000.0,2.0,1.75,1500,6800,1.0,0,0,4,72,1,0.3933333333333333,0,32.0,valid_year,Seattle,98117
1901,2014-06-04,ADDR_9a25bf2f58f0aa2c,427500.0,4.0,2.5,2460,5091,2.0,0,0,3,11,0,0.0,0,,none_recorded,Renton,98058
1982,2014-06-05,ADDR_264eed2ea54b16c7,229000.0,2.0,1.0,1190,7408,1.0,0,0,3,73,1,0.3025210084033613,0,20.0,valid_year,Seattle,98168
1986,2014-06-05,ADDR_d16c9c808d4cf982,547000.0,3.0,2.5,1480,8381,1.0,0,0,4,46,0,0.0,0,,none_recorded,Seattle,98125
1935,2014-06-05,ADDR_d210635e54ebadcd,269000.0,3.0,1.0,1690,4250,1.0,0,0,3,47,1,0.39644970414201186,0,3.0,valid_year,Seattle,98178
1963,2014-06-05,ADDR_b8361d21d4ade9e4,955000.0,4.0,4.25,5660,193593,2.0,0,0,3,13,1,0.2756183745583039,0,,none_recorded,Duvall,98019
1999,2014-06-05,ADDR_ad12544b5aeccc9f,268500.0,4.0,2.5,2100,4237,2.0,0,0,3,8,0,0.0,0,,none_recorded,Kent,98031
1958,2014-06-05,ADDR_ca0fef30bdbf4654,292000.0,5.0,2.5,2490,7666,1.0,0,0,4,25,1,0.40160642570281124,0,,none_recorded,Kent,98031
1943,2014-06-05,ADDR_4d7e39d58fc4087e,530000.0,4.0,2.25,2210,7665,2.0,0,0,4,46,0,0.0,0,,none_recorded,Bellevue,98006
1951,2014-06-05,ADDR_862f9849298d69fe,395000.0,3.0,1.75,1460,22651,1.0,0,0,4,53,0,0.0,0,13.0,valid_year,Issaquah,98027
1964,2014-06-05,ADDR_963d74698123f3db,725000.0,4.0,2.75,2420,10962,1.0,0,0,3,37,1,0.3677685950413223,0,10.0,valid_year,Bellevue,98007
2004,2014-06-05,ADDR_d515d3f3b462d768,560000.0,4.0,2.5,2260,3713,2.0,0,0,3,11,0,0.0,0,,none_recorded,Kirkland,98034
1995,2014-06-05,ADDR_ead28632a03bc1d5,456000.0,4.0,1.75,1670,9886,1.0,0,0,5,67,0,0.0,0,,none_recorded,Seattle,98125
1997,2014-06-05,ADDR_210c962bcb182f99,299950.0,4.0,1.75,1560,31299,1.0,0,0,4,49,0,0.0,0,,none_recorded,Auburn,98092
1992,2014-06-05,ADDR_591a2150c6d592fa,270000.0,3.0,1.5,1890,9450,1.0,0,0,3,57,1,0.42328042328042326,0,14.0,valid_year,Burien,98146
1950,2014-06-05,ADDR_ffd9c2dcd3f070d6,540000.0,4.0,2.25,1330,8400,1.5,0,0,3,52,0,0.0,0,11.0,valid_year,Bellevue,98005
4314,2014-06-05,ADDR_0418d143895293bc,375000.0,3.0,1.75,960,8106,1.0,0,0,3,52,0,0.0,0,11.0,valid_year,Redmond,98052
4462,2014-06-05,ADDR_19d0811f03580d95,420642.86,3.0,2.0,1330,8100,1.0,0,0,4,45,0,0.0,0,,none_recorded,Kirkland,98034
1975,2014-06-05,ADDR_4395d44fe0324220,1800000.0,5.0,4.5,4400,15580,2.0,0,0,3,11,1,0.22954545454545455,0,,none_recorded,Bellevue,98004
1966,2014-06-05,ADDR_b08aef913a406a2e,492000.0,4.0,3.75,2810,10840,2.0,0,2,4,20,1,0.26334519572953735,0,,none_recorded,North Bend,98045
1978,2014-06-05,ADDR_ba11163273dd3738,749000.0,3.0,2.5,2670,10338,2.0,0,0,3,27,0,0.0,0,14.0,valid_year,Bellevue,98007
1969,2014-06-05,ADDR_6cebf60d61f03343,545000.0,3.0,1.75,1700,51649,1.5,0,0,5,83,0,0.0,0,,none_recorded,Renton,98059
1990,2014-06-05,ADDR_75d8dc98cb37264d,799000.0,4.0,3.5,3500,8547,2.0,0,0,3,20,1,0.2857142857142857,0,,none_recorded,Bellevue,98006
1961,2014-06-05,ADDR_8a7b8d4f03af7abe,395000.0,4.0,3.0,1980,7931,1.0,0,0,4,31,1,0.41414141414141414,0,,none_recorded,Shoreline,98133
1989,2014-06-05,ADDR_a5abde86d6d792c8,189000.0,3.0,1.0,1010,7560,1.0,0,0,3,56,0,0.0,0,10.0,valid_year,Renton,98058
1939,2014-06-05,ADDR_6c751c92d1e737c6,647500.0,3.0,1.75,1290,3870,1.0,0,0,5,98,0,0.0,0,,none_recorded,Seattle,98144
1967,2014-06-05,ADDR_528c63218dc655f6,250000.0,3.0,2.5,1510,10384,1.0,0,0,2,38,1,0.31788079470198677,0,,none_recorded,Woodinville,98077
1948,2014-06-05,ADDR_daaca574493cc41a,749950.0,4.0,2.75,3110,35235,2.0,0,0,4,31,0,0.0,0,,none_recorded,Woodinville,98072
1994,2014-06-05,ADDR_9f2a73e6bcc47aea,237000.0,3.0,1.0,1130,10650,1.0,0,0,3,60,0,0.0,0,9.0,valid_year,SeaTac,98188
2000,2014-06-05,ADDR_b155c36c9d6309bb,385000.0,3.0,2.25,1710,11500,1.0,0,0,3,36,1,0.29239766081871343,0,,none_recorded,Kenmore,98028
2003,2014-06-05,ADDR_9645868c14bec331,886000.0,4.0,2.0,2660,3900,1.5,0,0,4,91,1,0.44360902255639095,0,,none_recorded,Seattle,98112
2007,2014-06-05,ADDR_6f0739f3fef8e31d,270000.0,3.0,1.0,1500,13500,1.0,0,0,4,46,0,0.0,0,,none_recorded,Renton,98059
2011,2014-06-05,ADDR_15122e00dc902ae4,584000.0,3.0,2.5,1480,1485,2.0,0,0,3,7,1,0.13513513513513514,0,,none_recorded,Seattle,98102
1946,2014-06-05,ADDR_4220632bc655110d,798000.0,3.0,3.5,3590,6402,2.0,0,0,3,15,0,0.0,0,,none_recorded,Sammamish,98074
1938,2014-06-05,ADDR_dc007d54519b688b,425000.0,4.0,2.75,2440,15349,2.0,0,1,4,57,0,0.0,0,13.0,valid_year,Des Moines,98198
1947,2014-06-05,ADDR_636d63534060763b,297500.0,4.0,2.5,1910,5000,2.0,0,0,3,9,0,0.0,0,,none_recorded,Maple Valley,98038
1952,2014-06-05,ADDR_03f1a5165e8595c0,1300000.0,6.0,4.5,3902,3880,3.0,0,4,4,37,1,0.2870322911327524,0,,none_recorded,Seattle,98116
1955,2014-06-05,ADDR_128855dc34c092e8,210000.0,4.0,1.5,1920,10403,1.0,0,0,3,55,1,0.2864583333333333,0,25.0,valid_year,Federal Way,98023
1983,2014-06-05,ADDR_ac3862409b812708,530000.0,4.0,3.25,4160,35654,2.0,0,0,3,41,1,0.33653846153846156,0,1.0,valid_year,Issaquah,98027
2001,2014-06-05,ADDR_a12b9116c4d4f02d,376000.0,4.0,2.75,2420,5773,2.0,0,0,3,9,0,0.0,0,,none_recorded,Maple Valley,98038
1974,2014-06-05,ADDR_f4797a9a478878ff,372500.0,3.0,1.5,1180,12324,1.0,0,0,3,33,1,0.3220338983050847,0,1.0,valid_year,Sammamish,98074
4461,2014-06-05,ADDR_aaa2ca1d2f1409a9,535000.0,4.0,2.25,2980,8051,1.5,0,2,4,79,1,0.3221476510067114,0,,none_recorded,Seattle,98199
1937,2014-06-05,ADDR_ee6791d445b9587e,630000.0,4.0,3.75,4610,40202,1.0,0,0,4,34,1,0.45770065075921906,0,,none_recorded,Issaquah,98027
1976,2014-06-05,ADDR_24f5f707b63bc09e,255000.0,3.0,2.5,1610,6176,2.0,0,0,3,20,0,0.0,0,,none_recorded,Kent,98030
1931,2014-06-05,ADDR_73b2c0dc320f2e13,279950.0,3.0,2.0,1750,9750,1.0,0,0,3,53,1,0.22857142857142856,0,10.0,valid_year,Des Moines,98198
4463,2014-06-05,ADDR_e699ed1007477a53,132250.0,4.0,2.25,2192,12128,2.0,0,0,3,8,0,0.0,0,,none_recorded,Kent,98030
1984,2014-06-05,ADDR_8f41f820e11ea783,499950.0,3.0,2.5,2370,12753,2.0,0,0,3,13,0,0.0,0,,none_recorded,Duvall,98019
1957,2014-06-05,ADDR_f11d94b574d41595,546000.0,2.0,1.0,970,3400,1.0,0,0,3,90,0,0.0,0,3.0,valid_year,Seattle,98109
2010,2014-06-05,ADDR_17713d99c15f8e66,465000.0,3.0,2.25,1530,1245,2.0,0,0,3,0,1,0.3137254901960784,0,,none_recorded,Seattle,98122
2008,2014-06-05,ADDR_b5c1da6bf875ed08,411605.0,4.0,2.5,2658,3960,2.0,0,0,3,0,0,0.0,0,,none_recorded,Auburn,98092
1954,2014-06-05,ADDR_20dd794fb67b375e,214100.0,2.0,2.5,1150,2064,2.0,0,0,3,10,0,0.0,0,,invalid_year,Auburn,98001
2005,2014-06-05,ADDR_3607efe87aecf481,343000.0,4.0,2.5,2070,4500,2.0,0,0,3,10,0,0.0,0,,invalid_year,Maple Valley,98038
2002,2014-06-05,ADDR_4a975b6c67a78da7,605004.0,4.0,2.0,1370,4000,2.0,0,0,3,63,0,0.0,0,20.0,valid_year,Seattle,98199
4466,2014-06-05,ADDR_f498f4a52802ca4a,2560498.33,3.0,2.5,1710,1664,2.0,0,0,5,11,1,0.23976608187134502,0,,none_recorded,Seattle,98199
1991,2014-06-05,ADDR_a40cbd43b923fb5b,257000.0,4.0,2.75,2330,7642,1.0,0,0,3,24,1,0.22746781115879827,0,5.0,valid_year,Federal Way,98023
1996,2014-06-05,ADDR_e087b0837580090d,355500.0,3.0,2.5,2600,5540,2.0,0,0,3,10,0,0.0,0,,invalid_year,Maple Valley,98038
1971,2014-06-05,ADDR_f12412df8d307d4e,640000.0,3.0,1.75,2340,4206,1.0,0,0,5,97,1,0.5,0,,none_recorded,Seattle,98144
4464,2014-06-05,ADDR_653130e3e32bb38a,237227.86,4.0,2.5,2068,7242,2.0,0,0,4,38,0,0.0,0,22.0,valid_year,Auburn,98001
1970,2014-06-05,ADDR_275378e542636ef8,555000.0,4.0,2.75,2020,10720,1.0,0,0,4,38,1,0.297029702970297,0,22.0,valid_year,Redmond,98052
4460,2014-06-05,ADDR_c26038da21dc0b31,592105.71,3.0,2.5,1640,29970,2.0,0,0,3,22,0,0.0,0,,none_recorded,Redmond,98053
1956,2014-06-05,ADDR_04fa098686e789ad,499500.0,3.0,2.5,2520,53143,1.5,0,0,3,26,0,0.0,0,14.0,valid_year,Duvall,98019
1988,2014-06-05,ADDR_9c0c2505e173890b,499000.0,3.0,3.5,1690,1432,2.0,0,0,3,6,1,0.1952662721893491,0,,none_recorded,Seattle,98199
1981,2014-06-05,ADDR_2526eb6cd4fb1efe,165000.0,3.0,1.0,1150,19200,1.0,0,0,4,106,0,0.0,0,,none_recorded,Auburn,98001
1965,2014-06-05,ADDR_89dcdc729843f371,335000.0,4.0,2.5,2610,4781,2.0,0,0,3,5,0,0.0,0,,none_recorded,Auburn,98001
2012,2014-06-05,ADDR_faddd4db2d4938b7,275000.0,3.0,3.0,1390,1080,2.0,0,0,3,8,1,0.17985611510791366,0,,none_recorded,Seattle,98118
1993,2014-06-05,ADDR_0dd030b9c1532d35,453500.0,4.0,1.75,2000,6032,1.0,0,2,3,55,1,0.35,0,25.0,valid_year,Seattle,98146
1960,2014-06-05,ADDR_119f6114dd93da64,240000.0,3.0,1.0,1150,4825,1.0,0,0,4,57,0,0.0,0,13.0,valid_year,Issaquah,98027
1962,2014-06-05,ADDR_6df7f39f6f3b5165,795000.0,4.0,2.25,2070,13084,1.0,0,0,4,47,1,0.178743961352657,0,,none_recorded,Mercer Island,98040
4465,2014-06-05,ADDR_80d8ff9d52e8d3ac,440825.0,3.0,1.75,1980,6250,1.0,0,1,5,104,1,0.4494949494949495,0,,none_recorded,Seattle,98136
2009,2014-06-05,ADDR_e1df946eb1574d4a,550000.0,4.0,2.5,2700,5150,2.0,0,0,3,7,0,0.0,0,,none_recorded,Renton,98059
1940,2014-06-05,ADDR_150128081670d384,450000.0,4.0,1.0,2000,4676,1.5,0,0,3,98,1,0.375,0,28.0,valid_year,Seattle,98118
1936,2014-06-05,ADDR_2bc13b3296906fcd,875000.0,3.0,3.5,3250,6000,2.0,0,0,3,13,1,0.23076923076923078,0,,none_recorded,Seattle,98136
1945,2014-06-05,ADDR_7494fc02e2935caf,685000.0,3.0,2.75,3150,219978,2.0,0,0,4,24,1,0.047619047619047616,0,,none_recorded,Preston,98050
1987,2014-06-05,ADDR_0f07a041f6ae9f74,359800.0,4.0,2.5,2390,6426,2.0,0,0,3,15,0,0.0,0,,none_recorded,Auburn,98092
1977,2014-06-05,ADDR_6c58da7553c12005,466800.0,3.0,2.5,1480,14250,2.0,0,0,3,18,0,0.0,0,,none_recorded,Kirkland,98033
1949,2014-06-05,ADDR_04e0668bb8bbf5d6,495000.0,5.0,3.0,2440,4750,1.0,0,0,3,8,1,0.4057377049180328,0,,none_recorded,Seattle,98108
1980,2014-06-05,ADDR_2ddb79e09f79eb0b,356000.0,2.0,1.0,920,4095,1.0,0,0,4,100,0,0.0,0,69.0,valid_year,Seattle,98118
1941,2014-06-05,ADDR_1c0c78377bb63286,440000.0,3.0,1.0,1050,7500,1.0,0,0,3,114,0,0.0,0,9.0,valid_year,Seattle,98136
1979,2014-06-05,ADDR_2031a1fe11dc0eb9,610000.0,4.0,1.75,1830,29110,2.0,0,0,3,24,1,0.32786885245901637,0,5.0,valid_year,Mercer Island,98040
2006,2014-06-05,ADDR_7d9980cf0338d33b,1415000.0,4.0,5.25,4670,43950,2.0,0,0,3,25,0,0.0,0,,none_recorded,Bellevue,98006
1934,2014-06-05,ADDR_e54d0aae4033d866,620000.0,4.0,2.25,2400,5350,1.5,0,0,4,85,1,0.39166666666666666,0,,none_recorded,Seattle,98117
1933,2014-06-05,ADDR_1dfe4fb02f6240ba,565000.0,3.0,2.75,2390,9966,1.0,0,0,5,37,1,0.4309623430962343,0,,none_recorded,Bellevue,98006
1953,2014-06-05,ADDR_10d9d54c96e2c656,1075000.0,5.0,4.75,5180,17811,2.0,0,2,3,13,1,0.21428571428571427,0,,none_recorded,Snoqualmie,98065
1959,2014-06-05,ADDR_6ad882da47cacb6d,289000.0,3.0,2.0,1680,8424,1.0,0,0,3,21,0,0.0,0,,none_recorded,Enumclaw,98022
1944,2014-06-05,ADDR_3b9228f31e5a18aa,875000.0,5.0,2.5,2920,5568,2.0,0,0,3,108,1,0.2054794520547945,0,0.0,valid_year,Seattle,98112
1968,2014-06-05,ADDR_e6982825b91905e2,700000.0,3.0,1.75,1910,4800,1.0,0,0,3,55,1,0.43455497382198954,0,25.0,valid_year,Seattle,98103
1972,2014-06-05,ADDR_23de48983c78ace2,390000.0,3.0,2.0,1463,868,3.0,0,0,3,11,0,0.0,0,,none_recorded,Seattle,98115
1932,2014-06-05,ADDR_1d818f4015377af0,449950.0,3.0,2.5,2170,4912,2.0,0,0,3,11,0,0.0,0,,none_recorded,Kenmore,98028
1973,2014-06-05,ADDR_1f85fa39399e1ec3,466500.0,3.0,1.0,1430,3840,1.0,0,0,3,69,1,0.3356643356643357,0,4.0,valid_year,Seattle,98117
1985,2014-06-05,ADDR_f57ed37cb118d872,619000.0,4.0,1.75,1660,3800,1.5,0,0,3,88,0,0.0,0,11.0,valid_year,Seattle,98115
2013,2014-06-05,ADDR_d540ae9e1ca6a365,324500.0,3.0,2.5,1660,3990,2.0,0,0,3,5,0,0.0,0,,none_recorded,Seattle,98118
1930,2014-06-05,ADDR_5448d9cdbc46aaa6,653000.0,3.0,2.5,2680,9750,1.0,0,0,4,35,1,0.39925373134328357,0,,none_recorded,Kirkland,98034
2014,2014-06-05,ADDR_4ab4efe5ad11a8e2,700000.0,3.0,2.5,2050,4185,2.0,0,0,3,3,0,0.0,0,,none_recorded,Seattle,98117
1942,2014-06-05,ADDR_e77b2c77f68fb23c,445000.0,4.0,2.5,2340,3784,2.0,0,0,3,6,0,0.0,0,,none_recorded,Seattle,98106
1998,2014-06-05,ADDR_9e21cfcc4744c529,335000.0,3.0,2.0,1170,5360,1.0,0,0,3,95,0,0.0,0,13.0,valid_year,Seattle,98106
2055,2014-06-06,ADDR_91ca32b5b96279d1,285000.0,2.0,1.0,780,5000,1.0,0,0,4,71,0,0.0,0,,none_recorded,Seattle,98146
2049,2014-06-06,ADDR_afd6a08fc83980ee,680000.0,3.0,2.25,2270,23900,1.0,0,0,3,39,1,0.19823788546255505,0,,none_recorded,Shoreline,98177
4471,2014-06-06,ADDR_cde7cd8ade4117e8,723243.75,4.0,2.75,3010,7215,2.0,0,0,3,0,0,0.0,0,,none_recorded,Kirkland,98033
2051,2014-06-06,ADDR_3a863cc18890d690,595000.0,4.0,2.5,1990,2175,2.0,0,0,3,9,1,0.15577889447236182,0,,none_recorded,Seattle,98107
2072,2014-06-06,ADDR_c3f0b9eb76b2af75,405000.0,2.0,2.0,1405,1073,2.0,0,0,3,7,1,0.18861209964412812,0,,none_recorded,Seattle,98122
2060,2014-06-06,ADDR_ad27137125c71781,510000.0,4.0,1.5,1320,14250,1.0,0,0,4,60,0,0.0,0,35.0,valid_year,Kirkland,98033
2054,2014-06-06,ADDR_a56fee5a9cb7dc05,570000.0,3.0,2.5,2400,6975,2.0,0,0,3,21,0,0.0,0,,none_recorded,Newcastle,98056
2050,2014-06-06,ADDR_c1504aee63922c32,360000.0,3.0,1.75,1020,7020,1.5,0,0,4,61,0,0.0,0,31.0,valid_year,Shoreline,98155
2047,2014-06-06,ADDR_53cea51b3b70c713,835000.0,2.0,2.0,2280,6815,1.0,0,0,3,12,0,0.0,0,,none_recorded,Redmond,98053
2040,2014-06-06,ADDR_2ff307059f5b613e,809950.0,4.0,2.0,2230,9900,1.5,0,0,5,55,0,0.0,0,,none_recorded,Bellevue,98005
2036,2014-06-06,ADDR_fccecc7874deb247,525000.0,5.0,2.75,2440,8000,1.0,0,0,4,42,1,0.4918032786885246,0,,none_recorded,Kirkland,98034
4470,2014-06-06,ADDR_d8ca8096314bb51a,417985.71,4.0,2.25,2070,7500,2.0,0,0,4,37,0,0.0,0,,none_recorded,Kirkland,98034
4468,2014-06-06,ADDR_3f31e0fe4bb989d0,1337044.2,4.0,3.5,4280,9583,2.0,0,0,3,9,0,0.0,0,,none_recorded,Bellevue,98004
2022,2014-06-06,ADDR_e1a51262e643dc13,415000.0,3.0,1.75,1910,12596,1.0,0,0,3,37,1,0.29842931937172773,0,10.0,valid_year,Woodinville,98072
2061,2014-06-06,ADDR_f115f9768088854e,1120000.0,5.0,2.75,4400,18500,1.0,0,3,5,51,1,0.48863636363636365,0,,none_recorded,Kenmore,98028
4315,2014-06-06,ADDR_d40db1f4420e56aa,455000.0,4.0,2.25,1740,8449,1.0,0,0,4,56,1,0.3275862068965517,0,42.0,valid_year,Bellevue,98008
2062,2014-06-06,ADDR_6c112e873b633f40,1280000.0,4.0,3.5,3010,3600,2.0,0,0,3,15,1,0.21262458471760798,0,,none_recorded,Seattle,98112
2045,2014-06-06,ADDR_b555c23618a28632,185000.0,3.0,1.0,1840,8100,1.0,0,0,4,61,1,0.5,0,31.0,valid_year,Burien,98166
2031,2014-06-06,ADDR_1b61eae70f967f1d,1300000.0,4.0,4.0,4270,6002,2.0,0,3,3,10,1,0.25526932084309134,0,,invalid_year,Issaquah,98029
2046,2014-06-06,ADDR_99dcd1c31cc15b5a,535500.0,3.0,1.5,1730,40250,2.0,0,0,4,31,0,0.0,0,,none_recorded,Woodinville,98072
4316,2014-06-06,ADDR_85fd433da93a53d4,445000.0,4.0,2.0,1470,8395,1.0,0,0,4,49,0,0.0,0,,none_recorded,Bellevue,98008
2042,2014-06-06,ADDR_85ebd98368a01dce,455000.0,4.0,1.75,2050,94525,1.0,0,0,4,55,1,0.3902439024390244,0,,none_recorded,Renton,98058
2037,2014-06-06,ADDR_d1bd7c8714593761,920000.0,4.0,2.75,2880,5750,1.5,0,0,5,86,1,0.40625,0,44.0,valid_year,Seattle,98116
2058,2014-06-06,ADDR_a4775bdf3114c811,805000.0,5.0,2.5,4600,19831,1.0,0,3,3,58,1,0.5,0,1.0,valid_year,Shoreline,98177
2070,2014-06-06,ADDR_ca502e048b335d5a,895000.0,4.0,3.0,3240,5562,2.0,0,0,3,1,0,0.0,0,,invalid_year,Sammamish,98075
2073,2014-06-06,ADDR_699c83d38a928278,837219.0,5.0,2.75,3030,7679,2.0,0,0,3,0,0,0.0,0,,none_recorded,Sammamish,98075
2023,2014-06-06,ADDR_4c8ef914b1631959,387500.0,3.0,1.0,1560,14333,1.0,0,0,4,61,0,0.0,0,31.0,valid_year,Normandy Park,98166
2034,2014-06-06,ADDR_66d7def03eefa3da,435000.0,4.0,2.75,3270,50994,2.0,0,0,4,31,1,0.16819571865443425,0,,none_recorded,Kent,98042
2033,2014-06-06,ADDR_5963dea03dca8ed5,650000.0,4.0,2.5,2840,9354,2.0,0,0,3,24,0,0.0,0,5.0,valid_year,Sammamish,98074
2057,2014-06-06,ADDR_54e46677b44bec6d,160000.0,3.0,1.0,1210,103237,1.0,0,0,2,96,0,0.0,0,54.0,valid_year,Vashon,98070
2063,2014-06-06,ADDR_2bf9af5a08af14b4,539000.0,3.0,2.0,2260,9568,1.0,0,0,3,29,1,0.21238938053097345,0,,none_recorded,Sammamish,98074
2032,2014-06-06,ADDR_0048ae3aedb2fefb,1150000.0,3.0,1.5,2170,16600,1.0,1,2,3,35,1,0.4792626728110599,0,0.0,valid_year,Redmond,98052
2025,2014-06-06,ADDR_8b0fc8c008fed8f1,402000.0,3.0,2.5,2700,9994,1.0,0,3,4,55,1,0.5,0,,none_recorded,Des Moines,98198
2068,2014-06-06,ADDR_77b7225167f8a152,600000.0,4.0,2.5,2560,5593,2.0,0,0,3,13,0,0.0,0,,none_recorded,Redmond,98053
2043,2014-06-06,ADDR_446da496773c8b01,471000.0,3.0,2.5,2030,2805,2.0,0,0,3,13,1,0.15270935960591134,0,,none_recorded,Issaquah,98027
2059,2014-06-06,ADDR_199b7ca6ba5652dc,450000.0,3.0,2.5,1480,1961,2.0,0,0,3,9,0,0.0,0,,none_recorded,Issaquah,98029
4469,2014-06-06,ADDR_3a9ef6a73153d4d5,315368.7,3.0,2.5,3080,12476,2.0,0,0,3,24,0,0.0,0,5.0,valid_year,Maple Valley,98038
2027,2014-06-06,ADDR_60543f217205235f,294700.0,3.0,2.0,1970,9600,1.0,0,0,4,47,1,0.3401015228426396,0,,none_recorded,Federal Way,98003
2030,2014-06-06,ADDR_a53bf7aaf883f56a,500000.0,4.0,1.0,1720,4011,1.5,0,0,4,110,0,0.0,0,,none_recorded,Seattle,98107
2064,2014-06-06,ADDR_796c0c3c0ca242d7,407193.0,4.0,2.0,1880,14653,2.0,0,0,3,36,0,0.0,0,,none_recorded,Carnation,98014
2016,2014-06-06,ADDR_c6d9a6fcf1e23c39,270000.0,4.0,2.25,1900,8600,1.0,0,0,4,39,0,0.0,0,,none_recorded,Federal Way,98023
2019,2014-06-06,ADDR_4a0aa9009b2fb3b4,315000.0,3.0,1.5,1750,12500,1.0,0,0,3,60,1,0.34285714285714286,0,9.0,valid_year,Fall City,98024
4467,2014-06-06,ADDR_c5a8debfa2399bbe,423050.93,2.0,1.0,890,4590,1.0,0,0,3,91,0,0.0,0,16.0,valid_year,Seattle,98117
2074,2014-06-06,ADDR_19ec16bacb0c2d48,969990.0,4.0,2.5,4150,8436,2.0,0,0,3,0,0,0.0,0,,none_recorded,Sammamish,98075
2038,2014-06-06,ADDR_176e9c8fc92d55b6,200000.0,2.0,1.0,1730,9610,1.0,0,0,3,52,1,0.2023121387283237,0,11.0,valid_year,Auburn,98001
2048,2014-06-06,ADDR_7c4225474a74619b,589500.0,4.0,2.5,2630,6326,2.0,0,0,3,6,0,0.0,0,,none_recorded,Snoqualmie,98065
2071,2014-06-06,ADDR_9a705cff299e3df6,585000.0,4.0,2.5,2430,4747,2.0,0,0,3,6,0,0.0,0,,none_recorded,Issaquah,98027
2024,2014-06-06,ADDR_bcb9c78c96be4a62,432000.0,3.0,1.75,1470,6250,1.0,0,3,4,75,1,0.272108843537415,0,25.0,valid_year,Lake Forest Park,98155
2018,2014-06-06,ADDR_9729b9bd8fe9f72f,389250.0,2.0,1.5,1490,4080,1.0,0,0,3,58,1,0.37583892617449666,0,13.0,valid_year,Seattle,98126
2017,2014-06-06,ADDR_cbd332f331a91fb4,735000.0,4.0,2.5,2820,6180,2.0,0,0,3,1,1,0.2730496453900709,0,,invalid_year,Seattle,98118
2052,2014-06-06,ADDR_379e0103f800491b,300000.0,4.0,2.5,2680,15508,2.0,0,0,3,15,0,0.0,0,,none_recorded,Federal Way,98023
2029,2014-06-06,ADDR_617daaf9c9ee64ad,715000.0,3.0,2.5,2550,13458,2.0,0,0,3,24,0,0.0,0,5.0,valid_year,Bellevue,98006
2053,2014-06-06,ADDR_d332e7df1d1f10dd,660000.0,3.0,1.75,1980,3300,1.5,0,0,4,88,1,0.42424242424242425,0,21.0,valid_year,Seattle,98115
2066,2014-06-06,ADDR_46141641aff7c827,739000.0,4.0,3.0,2720,3800,2.0,0,0,5,95,1,0.3382352941176471,0,80.0,valid_year,Seattle,98115
2069,2014-06-06,ADDR_5e8dda76ac02d34a,279000.0,5.0,2.5,2690,5557,2.0,0,0,3,2,0,0.0,0,,invalid_year,Seattle,98178
2021,2014-06-06,ADDR_5546b642addbce14,550000.0,3.0,1.5,1900,5000,1.5,0,0,3,88,1,0.1368421052631579,0,11.0,valid_year,Seattle,98115
2041,2014-06-06,ADDR_ba948ebb2650bb2b,1370000.0,2.0,2.25,2460,16940,1.5,0,4,4,78,1,0.21544715447154472,0,,none_recorded,Seattle,98117
2028,2014-06-06,ADDR_d1db7610dde4c3d2,744000.0,3.0,2.5,2670,12187,2.0,0,0,3,28,0,0.0,0,,none_recorded,Redmond,98052
2035,2014-06-06,ADDR_7aa65121cc5d82e0,510000.0,3.0,1.75,1480,7040,1.0,0,0,3,40,0,0.0,0,,none_recorded,Kirkland,98033
2039,2014-06-06,ADDR_b7527d5c8737c733,435000.0,2.0,1.0,1260,4080,1.5,0,0,5,88,0,0.0,0,,none_recorded,Seattle,98115
2056,2014-06-06,ADDR_9d521d93b105f4c2,435000.0,3.0,2.0,980,5000,1.0,0,0,3,74,0,0.0,0,18.0,valid_year,Seattle,98144
2044,2014-06-06,ADDR_45c16fa7c699768a,253500.0,2.0,1.0,810,4800,1.0,0,0,3,66,0,0.0,0,20.0,valid_year,Seattle,98126
2015,2014-06-06,ADDR_278239cbd9a9990b,385200.0,4.0,1.0,1550,7740,1.5,0,0,3,60,0,0.0,0,9.0,valid_year,Seattle,98126
2020,2014-06-06,ADDR_1d8f7ee53f290dd9,545000.0,4.0,2.5,2040,6034,2.0,0,0,3,24,0,0.0,0,5.0,valid_year,Seattle,98115
2067,2014-06-06,ADDR_60b0a3299825e92b,452000.0,2.0,1.75,1740,5400,1.0,0,0,4,68,1,0.43103448275862066,0,25.0,valid_year,Seattle,98115
2065,2014-06-06,ADDR_0a08b20504259464,320000.0,3.0,1.75,1370,9900,1.0,0,0,4,31,0,0.0,0,,none_recorded,Milton,98354
2026,2014-06-06,ADDR_7c6d5031feff6b19,1035000.0,4.0,3.25,3450,11240,2.0,0,3,4,54,1,0.2956521739130435,0,13.0,valid_year,Burien,98166
2075,2014-06-07,ADDR_c97d4a04d471efaf,490000.0,3.0,3.0,1730,2940,3.0,0,0,3,29,0,0.0,0,,none_recorded,Seattle,98117
2077,2014-06-07,ADDR_081bbf2dd4596450,462000.0,4.0,2.5,3070,6432,2.0,0,0,3,8,0,0.0,0,,none_recorded,Renton,98055
4317,2014-06-07,ADDR_eae189accb2705b0,568500.0,4.0,2.5,2460,4200,2.0,0,0,3,16,0,0.0,0,8.0,valid_year,Sammamish,98074
2076,2014-06-07,ADDR_e0622beb9b44566b,611000.0,6.0,2.5,3820,53173,1.0,0,0,4,40,1,0.46596858638743455,0,,none_recorded,Issaquah,98027
2086,2014-06-08,ADDR_766c7b8c6719ec38,540000.0,5.0,3.0,2870,4369,2.0,0,0,3,7,1,0.27177700348432055,0,,none_recorded,Bothell,98011
2082,2014-06-08,ADDR_4f55dd190d21cbc5,445000.0,2.0,1.0,1440,3225,1.0,0,0,3,99,1,0.3333333333333333,0,,none_recorded,Seattle,98103
2083,2014-06-08,ADDR_87883f21619a5caf,684680.0,4.0,2.25,2370,9360,2.0,0,0,4,35,0,0.0,0,,none_recorded,Redmond,98052
2079,2014-06-08,ADDR_a3d79f3db1b819a6,260000.0,4.0,2.5,1811,4381,2.0,0,0,3,7,0,0.0,0,,none_recorded,Renton,98055
2084,2014-06-08,ADDR_05fbab0aa4f9f1da,2700000.0,4.0,3.25,4420,7850,2.0,1,4,3,13,1,0.2873303167420814,0,,none_recorded,Bellevue,98008
2080,2014-06-08,ADDR_d60564a42cccad39,510000.0,4.0,2.25,2450,62290,2.0,0,0,3,38,0,0.0,0,,none_recorded,Woodinville,98077
2078,2014-06-08,ADDR_32c3840796f3ffa1,540000.0,4.0,2.5,1780,4169,2.0,0,0,3,20,0,0.0,0,,none_recorded,Issaquah,98029
2087,2014-06-08,ADDR_866ede5730dbc05f,530000.0,3.0,2.75,3400,7200,2.0,0,2,3,5,1,0.2735294117647059,0,,none_recorded,Renton,98056
2085,2014-06-08,ADDR_11892cb83f5f3a8a,455000.0,3.0,1.0,1300,3550,1.5,0,0,3,87,0,0.0,0,3.0,valid_year,Seattle,98105
2081,2014-06-08,ADDR_328c5690bf5fb631,567500.0,3.0,2.5,2300,7398,2.0,0,0,3,13,0,0.0,0,,none_recorded,Snoqualmie,98065
2117,2014-06-09,ADDR_30e836c3c07e8f06,435000.0,3.0,2.25,1890,7200,1.0,0,0,4,41,1,0.3492063492063492,0,,none_recorded,Seattle,98125
2088,2014-06-09,ADDR_977a013f4e9d4232,410000.0,3.0,1.0,1410,5060,1.0,0,0,4,58,1,0.3546099290780142,0,,none_recorded,Seattle,98133
2134,2014-06-09,ADDR_23f5d587bfb3543c,213400.0,3.0,1.5,1150,8686,1.0,0,0,4,51,0,0.0,0,,none_recorded,Renton,98055
2126,2014-06-09,ADDR_378f89a81cbf847a,435000.0,2.0,1.0,800,5000,1.0,0,0,3,108,0,0.0,0,0.0,valid_year,Seattle,98107
2177,2014-06-09,ADDR_67b3fe33c258990d,379000.0,4.0,1.5,2020,7560,1.0,0,0,4,54,0,0.0,0,13.0,valid_year,Renton,98059
2164,2014-06-09,ADDR_007e60c68c91eb04,620000.0,3.0,2.5,2590,7237,2.0,0,0,3,10,0,0.0,0,,invalid_year,Seattle,98125
2112,2014-06-09,ADDR_5298b61e952b1a71,307550.0,4.0,2.5,1980,5909,2.0,0,0,3,11,0,0.0,0,,none_recorded,Kent,98031
2089,2014-06-09,ADDR_1da93204c3f38235,450000.0,3.0,1.75,1640,13500,1.0,0,0,3,74,1,0.3231707317073171,0,18.0,valid_year,Seattle,98125
2157,2014-06-09,ADDR_da63f849468454ed,212500.0,2.0,2.0,1030,21712,1.0,0,0,4,76,0,0.0,0,,none_recorded,Seattle,98168
2118,2014-06-09,ADDR_9194aa168ab0e0ab,579000.0,2.0,2.0,1870,6275,1.0,0,0,3,11,0,0.0,0,,none_recorded,Redmond,98053
2110,2014-06-09,ADDR_7678687fb8cbe1bc,1900000.0,4.0,3.25,4130,112521,2.0,0,0,3,36,0,0.0,0,,none_recorded,Bellevue,98005
2161,2014-06-09,ADDR_5ae34040080f6c42,364900.0,3.0,3.0,2500,8304,2.0,0,0,3,17,0,0.0,0,,none_recorded,Kent,98031
2113,2014-06-09,ADDR_e53115a155c57412,304700.0,2.0,1.0,740,5995,1.0,0,0,4,65,0,0.0,0,29.0,valid_year,Seattle,98133
2172,2014-06-09,ADDR_9f8994214a713445,235000.0,3.0,1.0,1590,13000,1.5,0,0,3,70,0,0.0,0,,none_recorded,Burien,98166
2124,2014-06-09,ADDR_8bcdf33068509818,440000.0,3.0,1.75,2240,8153,1.0,0,0,3,66,1,0.5,0,20.0,valid_year,Seattle,98125
2166,2014-06-09,ADDR_e188772ef1ad1a81,852500.0,3.0,2.5,2630,10100,1.0,0,0,4,47,1,0.39923954372623577,0,,none_recorded,Bellevue,98006
4472,2014-06-09,ADDR_ff605502ba07259e,259950.0,4.0,2.0,2030,9300,1.0,0,0,4,38,0,0.0,0,22.0,valid_year,Redmond,98052
2136,2014-06-09,ADDR_9e52bcb2d2661052,325000.0,3.0,2.0,1350,11805,1.0,0,0,3,28,0,0.0,0,,none_recorded,Duvall,98019
2115,2014-06-09,ADDR_feb22fef94ec7983,385000.0,3.0,1.75,1230,7500,1.0,0,0,3,27,0,0.0,0,14.0,valid_year,Kirkland,98034
2160,2014-06-09,ADDR_d1d15f4a6a3b593c,965000.0,4.0,2.25,3160,34560,1.0,0,0,4,33,0,0.0,0,,none_recorded,Woodinville,98072
2155,2014-06-09,ADDR_49fe2587ef65fa31,546000.0,3.0,2.5,1530,3464,2.0,0,0,3,16,0,0.0,0,8.0,valid_year,Bellevue,98007
2121,2014-06-09,ADDR_430bb9a6f6d66a83,368000.0,3.0,1.75,1710,10800,1.0,0,0,4,56,0,0.0,0,42.0,valid_year,Kenmore,98028
2128,2014-06-09,ADDR_a472497d9914700d,563500.0,4.0,2.5,2800,12831,2.0,0,0,3,13,0,0.0,0,,none_recorded,Duvall,98019
2100,2014-06-09,ADDR_e763da311b1b9b00,341000.0,4.0,1.75,1920,7665,1.0,0,0,4,39,1,0.21875,0,,none_recorded,Renton,98058
2102,2014-06-09,ADDR_a95d1bcd889ee417,390000.0,4.0,1.75,2700,7875,1.5,0,0,4,46,0,0.0,0,,none_recorded,Renton,98058
2131,2014-06-09,ADDR_1f93c4748dba4e66,500000.0,4.0,1.75,2240,9886,1.5,0,0,4,49,0,0.0,0,,none_recorded,Bellevue,98008
2106,2014-06-09,ADDR_cce9952d5851f961,502000.0,3.0,1.75,1300,8800,1.0,0,0,4,51,0,0.0,0,,none_recorded,Bellevue,98008
2111,2014-06-09,ADDR_81d4aa7695afd655,605000.0,3.0,2.5,2670,47480,2.0,0,3,3,33,0,0.0,0,1.0,valid_year,Woodinville,98072
2107,2014-06-09,ADDR_c5f90b0857963eaa,480000.0,4.0,1.75,2220,6500,2.0,0,3,4,50,0,0.0,0,,none_recorded,Burien,98166
2174,2014-06-09,ADDR_f5ec8d1e4407415c,536000.0,3.0,2.5,1900,6224,2.0,0,0,3,9,0,0.0,0,,none_recorded,Sammamish,98075
2178,2014-06-09,ADDR_14b5a3887433023e,345000.0,2.0,1.5,1340,1210,2.0,0,0,3,6,1,0.16417910447761194,0,,none_recorded,Seattle,98144
2153,2014-06-09,ADDR_c8eae9f2a583aa97,585000.0,4.0,1.75,2470,131790,2.0,0,2,3,77,0,0.0,0,15.0,valid_year,Vashon,98070
2154,2014-06-09,ADDR_77cbe65b7cb6004c,554000.0,3.0,1.75,1760,10780,1.0,0,0,3,37,0,0.0,0,10.0,valid_year,Bellevue,98005
2120,2014-06-09,ADDR_f86a2b8431272a0b,305100.0,3.0,2.0,1590,35988,1.0,0,0,4,40,0,0.0,0,,none_recorded,Renton,98058
2127,2014-06-09,ADDR_c65496abec4f2179,475000.0,4.0,2.75,1980,11443,1.0,0,0,5,62,0,0.0,0,16.0,valid_year,Lake Forest Park,98155
2170,2014-06-09,ADDR_0572e189710cee4c,625000.0,3.0,1.75,2210,16200,1.0,0,0,3,56,1,0.37104072398190047,0,10.0,valid_year,Bellevue,98005
2108,2014-06-09,ADDR_a97128ecef794310,378500.0,2.0,1.0,730,7528,1.0,0,0,3,68,0,0.0,0,,none_recorded,Seattle,98115
2129,2014-06-09,ADDR_b9f508ab437c69c3,285000.0,3.0,2.25,1680,35127,2.0,0,0,3,27,0,0.0,0,14.0,valid_year,Auburn,98092
2149,2014-06-09,ADDR_6a25fe985fbe3873,743700.0,4.0,2.5,2610,33206,2.0,0,0,3,26,0,0.0,0,14.0,valid_year,Redmond,98053
2105,2014-06-09,ADDR_d352758948719236,250000.0,5.0,1.5,2520,5753,1.5,0,0,4,86,1,0.4007936507936508,0,,none_recorded,Enumclaw,98022
2171,2014-06-09,ADDR_c5be8c2d3bf6985e,649950.0,4.0,2.5,2350,63162,2.0,0,0,4,20,0,0.0,0,,none_recorded,Woodinville,98077
2122,2014-06-09,ADDR_62bed233197bc294,255000.0,2.0,1.0,1200,9000,1.0,0,2,5,97,0,0.0,0,,none_recorded,Des Moines,98198
2180,2014-06-09,ADDR_790d1045553d2dbd,315000.0,3.0,2.5,1480,1590,2.0,0,0,3,4,1,0.22297297297297297,0,,none_recorded,Seattle,98106
2093,2014-06-09,ADDR_10acbe7b223ddde0,347000.0,3.0,1.75,1240,8050,1.0,0,0,4,36,0,0.0,0,14.0,valid_year,Sammamish,98074
2132,2014-06-09,ADDR_641780cb5ed1f525,640000.0,3.0,2.5,2140,8925,2.0,0,0,3,23,0,0.0,0,,none_recorded,Sammamish,98074
2151,2014-06-09,ADDR_e09a73b7c59ef772,403950.0,2.0,1.0,710,1136,2.0,0,0,4,71,0,0.0,0,,none_recorded,Seattle,98102
2101,2014-06-09,ADDR_de86e5e4b1895e18,700000.0,4.0,3.0,3150,7778,2.0,0,0,3,14,0,0.0,0,,none_recorded,Sammamish,98075
2139,2014-06-09,ADDR_944af2f39a1014e6,599950.0,4.0,3.5,3730,15029,2.0,0,2,3,23,1,0.34584450402144773,0,,none_recorded,Kent,98042
2092,2014-06-09,ADDR_a025a229082d4b58,550000.0,3.0,2.5,2260,4165,2.0,0,0,3,9,0,0.0,0,,none_recorded,Sammamish,98075
2152,2014-06-09,ADDR_d2f5bd7b849b5488,980000.0,4.0,2.5,2730,4800,1.5,0,0,5,105,1,0.18315018315018314,0,26.0,valid_year,Seattle,98119
2140,2014-06-09,ADDR_ba611db5b8a29a9e,1225000.0,4.0,2.5,2740,16007,2.0,0,0,3,30,0,0.0,0,,none_recorded,Medina,98039
2098,2014-06-09,ADDR_8cc6cc8b8faaae8c,525000.0,3.0,3.0,2470,36445,2.0,0,0,4,34,0,0.0,0,,none_recorded,Issaquah,98027
2090,2014-06-09,ADDR_061b08445b90aa0c,609900.0,4.0,2.5,3190,7399,2.0,0,0,3,8,0,0.0,0,,none_recorded,Maple Valley,98038
2130,2014-06-09,ADDR_4184d7670c202cd7,471000.0,4.0,2.5,2330,9928,2.0,0,0,3,16,0,0.0,0,8.0,valid_year,North Bend,98045
2133,2014-06-09,ADDR_6594c403827f15f5,442500.0,4.0,2.5,2170,14024,2.0,0,0,3,22,0,0.0,0,,none_recorded,Duvall,98019
2179,2014-06-09,ADDR_624eb7d356aa38fd,365000.0,3.0,2.5,1800,2700,2.0,0,0,3,3,0,0.0,0,,none_recorded,Seattle,98126
2143,2014-06-09,ADDR_89fd2b80ac39f431,270000.0,4.0,2.75,1990,7252,1.0,0,0,3,15,1,0.36180904522613067,0,,none_recorded,Auburn,98002
2091,2014-06-09,ADDR_151d70fc0e7dd494,648000.0,4.0,2.5,2380,13435,2.0,0,0,3,22,0,0.0,0,,none_recorded,Issaquah,98075
2142,2014-06-09,ADDR_66bc098db5160ec7,290000.0,4.0,3.0,2390,4500,2.0,0,0,3,40,0,0.0,0,,none_recorded,Renton,98057
2167,2014-06-09,ADDR_d1dc32c820626118,600000.0,3.0,2.5,2630,77972,2.0,0,0,3,10,0,0.0,0,,invalid_year,Duvall,98019
2169,2014-06-09,ADDR_440eaaeb9dc09ee1,328000.0,3.0,1.75,1440,45302,2.0,0,0,3,37,0,0.0,0,10.0,valid_year,Duvall,98019
2150,2014-06-09,ADDR_f8c530b3baad1f60,352750.0,2.0,1.75,1060,1241,2.0,0,0,3,6,1,0.09433962264150944,0,,none_recorded,Seattle,98144
2146,2014-06-09,ADDR_f0882f05cc80c5de,265000.0,2.0,1.0,1000,31505,1.0,0,0,3,54,0,0.0,0,2.0,valid_year,Duvall,98019
2163,2014-06-09,ADDR_cf64ad5b925f14a1,213000.0,4.0,1.75,1980,9000,1.0,0,0,2,36,1,0.25252525252525254,0,,none_recorded,Federal Way,98023
2144,2014-06-09,ADDR_89f2e80363c11b9e,229950.0,4.0,1.75,1300,21000,1.0,0,0,4,45,0,0.0,0,,none_recorded,Federal Way,98001
2168,2014-06-09,ADDR_095de3746602af5a,410000.0,3.0,2.5,1960,4400,2.0,0,0,3,8,0,0.0,0,,none_recorded,Snoqualmie,98065
2103,2014-06-09,ADDR_00b01e50b3af5504,539950.0,3.0,2.25,2190,7149,1.0,0,1,4,51,1,0.4337899543378995,0,,none_recorded,Renton,98056
2099,2014-06-09,ADDR_bcb0cd8a9d5c8598,250250.0,3.0,2.25,2210,8000,2.0,0,0,4,45,0,0.0,0,,none_recorded,Federal Way,98023
2175,2014-06-09,ADDR_292d64bd6ae3a92d,400000.0,4.0,3.5,2370,3692,2.5,0,0,3,1,0,0.0,0,,invalid_year,Renton,98056
2119,2014-06-09,ADDR_d1a87a01551d0eba,236000.0,3.0,1.75,1330,6301,1.0,0,0,3,16,0,0.0,0,8.0,valid_year,Auburn,98002
2135,2014-06-09,ADDR_c1705baf3032446d,831000.0,4.0,2.5,2030,3905,1.5,0,0,4,88,1,0.19704433497536947,0,21.0,valid_year,Seattle,98103
2123,2014-06-09,ADDR_20fce6c2c883cb48,400000.0,2.0,1.0,1140,5100,1.0,0,0,3,72,0,0.0,0,15.0,valid_year,Seattle,98136
2138,2014-06-09,ADDR_13447d8cbcadae1a,550000.0,4.0,2.5,2700,5100,1.0,0,0,4,46,1,0.4666666666666667,0,,none_recorded,Seattle,98136
2094,2014-06-09,ADDR_be38f104d5aaa54f,1635000.0,5.0,3.5,4220,26784,1.0,0,0,3,56,1,0.5,0,8.0,valid_year,Bellevue,98004
2141,2014-06-09,ADDR_834d01162e81b5f3,750000.0,4.0,3.25,2050,5000,2.0,0,0,4,27,1,0.33170731707317075,0,,none_recorded,Seattle,98112
2145,2014-06-09,ADDR_de781e74e559bbc1,234999.0,3.0,1.0,1330,8912,1.0,0,0,3,66,0,0.0,0,20.0,valid_year,SeaTac,98188
2147,2014-06-09,ADDR_0837a63b126106a3,367300.0,4.0,2.75,2190,14937,2.0,0,0,3,21,0,0.0,0,,none_recorded,Auburn,98001
2104,2014-06-09,ADDR_2c455ba956411f7c,552000.0,2.0,2.5,1380,951,3.0,0,0,3,8,0,0.0,0,,none_recorded,Seattle,98103
2096,2014-06-09,ADDR_5a742fff5dd6848c,288350.0,3.0,1.5,1860,7963,1.0,0,0,3,51,1,0.3548387096774194,0,6.0,valid_year,Tukwila,98188
2114,2014-06-09,ADDR_4ce645779d8d7329,568000.0,3.0,1.75,2050,3520,1.0,0,0,4,37,1,0.47804878048780486,0,,none_recorded,Seattle,98136
2176,2014-06-09,ADDR_7e450a16781e3a26,398000.0,3.0,2.5,1720,1715,2.0,0,0,3,10,1,0.27906976744186046,0,,invalid_year,Seattle,98136
2173,2014-06-09,ADDR_1cc55fb28912eb0d,489000.0,3.0,3.5,1500,1249,2.0,0,0,3,10,1,0.17333333333333334,0,,invalid_year,Seattle,98107
2158,2014-06-09,ADDR_1b56a9b0fb1f1686,739000.0,4.0,2.5,2800,246114,2.0,0,0,3,15,0,0.0,0,,none_recorded,Carnation,98014
2137,2014-06-09,ADDR_9875a3b8d97e4006,425000.0,2.0,1.0,910,4635,1.0,0,0,4,109,0,0.0,0,,none_recorded,Seattle,98107
2125,2014-06-09,ADDR_d6d37f96d3a38048,417000.0,2.0,1.0,920,6600,1.0,0,0,3,95,0,0.0,0,11.0,valid_year,Seattle,98118
2116,2014-06-09,ADDR_57cc64fb1c1db2a9,345000.0,3.0,2.5,1210,1420,3.0,0,0,3,6,0,0.0,0,,none_recorded,Seattle,98103
2156,2014-06-09,ADDR_5848a30b72978b91,280000.0,2.0,1.75,1610,158558,1.5,0,0,2,66,0,0.0,0,,none_recorded,Snoqualmie,98065
2162,2014-06-09,ADDR_8861dfb75ac7a013,559000.0,3.0,1.5,2070,5386,1.0,0,0,4,66,1,0.4492753623188406,0,,none_recorded,Seattle,98117
2159,2014-06-09,ADDR_4f6d02ec47466874,428000.0,3.0,2.0,1310,2550,1.0,0,0,3,28,1,0.40458015267175573,0,,none_recorded,Seattle,98103
2109,2014-06-09,ADDR_8ed829352ce9122e,1350000.0,4.0,3.25,3300,15907,2.0,0,0,5,29,0,0.0,0,,none_recorded,Mercer Island,98040
2148,2014-06-09,ADDR_4548768646360df8,550000.0,3.0,1.75,1380,3402,1.5,0,0,3,114,0,0.0,0,14.0,valid_year,Seattle,98122
2095,2014-06-09,ADDR_f5d98a377b2afd5e,1339000.0,4.0,2.5,4250,19387,2.0,0,2,4,42,1,0.23294117647058823,0,,none_recorded,Mercer Island,98040
2165,2014-06-09,ADDR_dc7023dbe9bf6d7d,240000.0,4.0,1.0,1910,16320,1.5,0,0,3,80,0,0.0,0,36.0,valid_year,Seattle,98106
2097,2014-06-09,ADDR_718811e7f446a0f0,1150000.0,3.0,2.5,2850,10474,1.0,0,0,4,60,1,0.3929824561403509,0,35.0,valid_year,Bellevue,98004
2204,2014-06-10,ADDR_0b093c3afa292982,100000.0,4.0,1.0,1120,2685,1.0,0,0,3,75,1,0.23214285714285715,0,45.0,valid_year,Renton,98057
2263,2014-06-10,ADDR_11843a450b2cb5b5,480000.0,5.0,2.5,2732,9500,1.0,0,2,4,39,1,0.31551976573938506,0,,none_recorded,Federal Way,98003
2244,2014-06-10,ADDR_4c3c0d7c415b667e,750000.0,5.0,3.25,2750,7500,2.0,0,1,3,77,1,0.21818181818181817,0,17.0,valid_year,Kirkland,98033
2269,2014-06-10,ADDR_f70aa70ddef8f5d9,533112.0,4.0,2.75,2790,8853,2.0,0,0,3,1,0,0.0,0,,invalid_year,North Bend,98045
2261,2014-06-10,ADDR_0070e7f1333a3ee4,608000.0,4.0,2.75,2490,9714,1.0,0,0,4,31,1,0.43775100401606426,0,,none_recorded,Bothell,98011
2240,2014-06-10,ADDR_1d71a248d3204808,895000.0,5.0,2.5,2550,20875,1.0,0,0,4,61,1,0.3686274509803922,0,31.0,valid_year,Bellevue,98004
2238,2014-06-10,ADDR_0f88279f376aac10,429950.0,3.0,1.5,2010,9480,1.0,0,0,3,63,1,0.21890547263681592,0,20.0,valid_year,Seattle,98125
2205,2014-06-10,ADDR_fa34bc0c51fc8af3,417500.0,4.0,1.0,1390,10800,1.5,0,0,4,73,0,0.0,0,16.0,valid_year,Seattle,98177
2217,2014-06-10,ADDR_cdbe2859dcb42707,250000.0,3.0,1.75,1590,7560,1.0,0,0,3,30,1,0.2893081761006289,0,,none_recorded,Kent,98031
2181,2014-06-10,ADDR_d2b1f78b3de1cb1f,571000.0,4.0,2.0,2750,7807,1.5,0,0,5,98,1,0.18181818181818182,0,,none_recorded,Seattle,98125
2186,2014-06-10,ADDR_c34b683c04727feb,315000.0,4.0,2.5,1930,9643,2.0,0,0,4,22,0,0.0,0,,none_recorded,Kent,98031
2267,2014-06-10,ADDR_511e3aa1c6ddecea,899900.0,4.0,2.5,2580,3909,2.0,0,0,3,1,0,0.0,0,,invalid_year,Kirkland,98033
2236,2014-06-10,ADDR_ee56a3586232492a,251750.0,3.0,2.0,1320,7200,1.0,0,0,5,39,0,0.0,0,,none_recorded,Kent,98031
2183,2014-06-10,ADDR_549b73f0b76c4e23,695000.0,3.0,2.75,2540,4694,2.0,0,0,3,9,0,0.0,0,,none_recorded,Sammamish,98074
2213,2014-06-10,ADDR_a3db4c143962e1a7,165000.0,3.0,1.0,970,6600,1.0,0,0,3,49,0,0.0,0,21.0,valid_year,Burien,98168
2201,2014-06-10,ADDR_efb21aa9ac15a675,490000.0,3.0,2.0,2220,10275,2.0,0,0,3,34,1,0.26126126126126126,0,,none_recorded,Issaquah,98027
2248,2014-06-10,ADDR_07d71b6d10b44f9a,307000.0,4.0,1.0,1150,8184,1.5,0,0,3,67,0,0.0,0,2.0,valid_year,Shoreline,98155
2221,2014-06-10,ADDR_e0f26ee3a9ec2505,285000.0,2.0,2.0,1651,18200,1.0,0,0,3,68,0,0.0,0,,none_recorded,Vashon,98070
2198,2014-06-10,ADDR_683d65e207592295,345000.0,3.0,1.75,1540,6909,1.0,0,0,4,59,1,0.4025974025974026,0,5.0,valid_year,Shoreline,98155
2252,2014-06-10,ADDR_f712c336a729a109,359950.0,3.0,1.75,1890,9100,2.0,0,0,4,62,0,0.0,0,,none_recorded,Shoreline,98133
2203,2014-06-10,ADDR_4a81b872f02f7853,350000.0,2.0,0.75,1392,43710,1.5,0,0,4,36,0,0.0,0,14.0,valid_year,Vashon,98070
2253,2014-06-10,ADDR_56f7c9f13b0ca241,360000.0,4.0,2.0,1630,10375,1.0,0,0,5,46,0,0.0,0,,none_recorded,Woodinville,98077
2184,2014-06-10,ADDR_09c647dca3487712,225000.0,3.0,1.75,1760,26055,1.0,0,0,3,35,1,0.4772727272727273,0,0.0,valid_year,Covington,98042
2234,2014-06-10,ADDR_a11d0841c41f6556,870000.0,4.0,2.5,3340,12248,2.0,0,1,3,16,1,0.26047904191616766,0,8.0,valid_year,Seattle,98126
2237,2014-06-10,ADDR_664548bceb29ee07,366000.0,3.0,1.75,1520,8625,1.0,0,0,3,38,0,0.0,0,,none_recorded,Bothell,98011
2268,2014-06-10,ADDR_407235f2f2d4114c,499950.0,2.0,2.25,1060,1208,2.0,0,0,3,9,1,0.11320754716981132,0,,none_recorded,Seattle,98102
2235,2014-06-10,ADDR_c9130ebde0194bd5,310000.0,4.0,1.0,1740,11075,1.5,0,0,3,49,0,0.0,0,21.0,valid_year,Shoreline,98133
2192,2014-06-10,ADDR_409a540d18ea10a5,369990.0,4.0,2.5,1960,7133,2.0,0,0,3,12,0,0.0,0,,none_recorded,Renton,98056
4474,2014-06-10,ADDR_44119ceb6373c86a,237333.33,3.0,2.75,2340,16500,1.0,0,0,4,42,1,0.358974358974359,0,,none_recorded,Sammamish,98075
2233,2014-06-10,ADDR_ad1699dbe817bb65,306888.0,2.0,1.5,1010,7719,2.0,0,0,3,33,0,0.0,0,1.0,valid_year,Renton,98056
2272,2014-06-10,ADDR_8e26b2d6904b6987,399950.0,2.0,1.0,710,1157,2.0,0,0,4,71,0,0.0,0,,none_recorded,Seattle,98102
2219,2014-06-10,ADDR_8ba61dfbb96eccda,380000.0,4.0,1.5,1680,11123,1.0,0,0,3,55,1,0.3273809523809524,0,25.0,valid_year,Shoreline,98177
2191,2014-06-10,ADDR_76e683fa0483d213,269000.0,3.0,2.5,1560,4200,2.0,0,0,3,11,0,0.0,0,,none_recorded,Maple Valley,98038
2270,2014-06-10,ADDR_625e073d37f005cb,303210.0,4.0,2.5,2009,5000,2.0,0,0,3,0,0,0.0,0,,none_recorded,Auburn,98092
2239,2014-06-10,ADDR_8af901db76169dae,710000.0,3.0,3.5,2440,3427,2.0,0,0,3,14,1,0.18442622950819673,0,,none_recorded,Bellevue,98005
2262,2014-06-10,ADDR_efa11384f31a9731,589900.0,4.0,4.5,3870,35889,2.0,0,0,3,13,1,0.3462532299741602,0,,none_recorded,Issaquah,98027
2193,2014-06-10,ADDR_27871d009335b366,800000.0,3.0,2.25,1620,4500,2.0,0,0,4,88,0,0.0,0,21.0,valid_year,Seattle,98119
2250,2014-06-10,ADDR_dffa488435761c58,392000.0,4.0,2.75,1940,6555,2.0,0,0,3,24,0,0.0,0,5.0,valid_year,Maple Valley,98038
2211,2014-06-10,ADDR_4c8f0ebedd687c91,659000.0,3.0,2.5,2510,6320,2.0,0,0,3,18,0,0.0,0,,none_recorded,Sammamish,98075
2208,2014-06-10,ADDR_02c9a3385666d691,490000.0,4.0,2.5,3020,8302,2.0,0,0,4,20,0,0.0,0,,none_recorded,Covington,98042
2241,2014-06-10,ADDR_166e4b560d11c0a4,149500.0,3.0,1.0,1010,9450,1.0,0,0,4,55,0,0.0,0,,none_recorded,Des Moines,98198
2189,2014-06-10,ADDR_5ca498b6648fccab,310000.0,3.0,1.75,1420,7650,1.0,0,0,4,30,1,0.22535211267605634,0,,none_recorded,Renton,98056
2245,2014-06-10,ADDR_78e31c575c739c3e,745000.0,4.0,3.25,3490,7024,2.0,0,0,3,8,0,0.0,0,,none_recorded,Sammamish,98075
2226,2014-06-10,ADDR_23230f130d9c4771,375500.0,3.0,1.5,1530,7200,1.0,0,0,3,39,0,0.0,0,,none_recorded,Lake Forest Park,98155
2218,2014-06-10,ADDR_1f4e4f26e1130b13,268000.0,2.0,1.0,1380,5000,1.0,0,0,3,71,1,0.3695652173913043,0,12.0,valid_year,Seattle,98108
2212,2014-06-10,ADDR_3b9a32d4e97dbc60,480000.0,4.0,1.75,2320,4322,1.0,0,0,3,104,1,0.5086206896551724,0,8.0,valid_year,Seattle,98144
2215,2014-06-10,ADDR_3d4d37644b6181d3,219900.0,3.0,1.0,970,7742,1.0,0,0,4,47,0,0.0,0,,none_recorded,Federal Way,98003
2225,2014-06-10,ADDR_e005fae14e0948b5,403000.0,2.0,1.0,1100,3598,1.0,0,0,4,88,0,0.0,0,21.0,valid_year,Seattle,98144
4333,2014-06-10,ADDR_49b962d96c87228d,278500.0,4.0,2.25,1940,6206,2.0,0,0,3,24,0,0.0,0,5.0,valid_year,Federal Way,98023
2222,2014-06-10,ADDR_b994434e340d53bf,183000.0,3.0,1.75,1330,9200,1.0,0,0,4,41,0,0.0,0,,none_recorded,Auburn,98092
2256,2014-06-10,ADDR_55d0c98287f5b746,415000.0,3.0,2.5,2090,6045,2.0,0,0,3,14,0,0.0,0,,none_recorded,Renton,98056
2257,2014-06-10,ADDR_316045ff155027a3,199500.0,3.0,1.0,920,9812,1.0,0,0,4,52,0,0.0,0,,none_recorded,Auburn,98001
2266,2014-06-10,ADDR_dc42d5f323aa0c45,695000.0,4.0,3.5,3510,9364,2.0,0,0,3,13,0,0.0,0,,none_recorded,Snoqualmie,98065
2243,2014-06-10,ADDR_73c1d8d1fe9b4107,555000.0,3.0,2.0,2180,4976,1.5,0,2,4,84,1,0.22935779816513763,0,,none_recorded,Seattle,98126
2210,2014-06-10,ADDR_6736797f155c2f4a,483300.0,4.0,2.0,1210,11100,1.0,0,0,4,59,0,0.0,0,5.0,valid_year,Bellevue,98006
2207,2014-06-10,ADDR_3289617f3edaeb89,1240000.0,5.0,3.0,2830,7500,2.0,0,0,3,91,1,0.13074204946996468,0,16.0,valid_year,Seattle,98105
2249,2014-06-10,ADDR_06b6f8d00f051c5d,655275.0,3.0,1.75,2050,11856,1.0,0,0,3,52,1,0.28780487804878047,0,11.0,valid_year,Bellevue,98006
2206,2014-06-10,ADDR_b8a19a129b67c7e3,253000.0,3.0,1.75,2040,7281,1.0,0,0,3,52,1,0.5,0,11.0,valid_year,Tukwila,98188
2271,2014-06-10,ADDR_d801a0865563651d,525000.0,5.0,2.75,2880,8364,2.0,0,0,3,8,0,0.0,0,,none_recorded,Renton,98059
2214,2014-06-10,ADDR_86579b4f94049d63,659500.0,3.0,1.75,1820,5500,1.0,0,0,4,57,1,0.10989010989010989,0,13.0,valid_year,Seattle,98115
2182,2014-06-10,ADDR_8fad14fb60f05e2e,1025000.0,5.0,4.0,3760,28040,2.0,0,0,3,31,0,0.0,0,5.0,valid_year,Kirkland,98033
2195,2014-06-10,ADDR_bb7f27d44f6a5109,175000.0,6.0,1.5,1930,8400,1.0,0,0,3,43,1,0.46632124352331605,0,,none_recorded,Burien,98146
2255,2014-06-10,ADDR_b64c10f572237ee8,700000.0,5.0,2.75,3100,9825,2.0,0,2,4,64,0,0.0,0,32.0,valid_year,Seattle,98125
2197,2014-06-10,ADDR_e9f8788ccd0de487,435000.0,5.0,2.25,1970,15247,1.0,0,0,3,28,1,0.2639593908629442,0,,none_recorded,Fall City,98024
4477,2014-06-10,ADDR_03f91e2b6e15bd0a,812650.0,4.0,2.5,3700,21755,1.0,0,4,3,26,1,0.2918918918918919,0,14.0,valid_year,Bellevue,98006
2196,2014-06-10,ADDR_1b65c8beceb7f7e3,440000.0,3.0,1.5,1290,1286,3.0,0,0,3,14,0,0.0,0,,none_recorded,Seattle,98103
2202,2014-06-10,ADDR_401252dc4e41f011,335000.0,3.0,1.75,2430,9133,1.0,0,0,4,36,1,0.41975308641975306,0,14.0,valid_year,Renton,98059
2231,2014-06-10,ADDR_ba3f67039ebf6ae6,375000.0,4.0,2.5,2210,9427,2.0,0,0,3,15,0,0.0,0,,none_recorded,Burien,98148
2246,2014-06-10,ADDR_b2c1ceac9f9b25ae,695000.0,3.0,2.5,2550,45254,2.0,0,0,3,13,0,0.0,0,,none_recorded,Redmond,98053
2223,2014-06-10,ADDR_355e5f10f09db70d,1070000.0,3.0,3.0,2940,4622,2.0,0,0,4,26,1,0.24149659863945577,0,,none_recorded,Seattle,98105
2228,2014-06-10,ADDR_501fcb4255a1af18,516200.0,3.0,2.0,2110,5150,1.0,0,0,5,95,1,0.4881516587677725,0,80.0,valid_year,Seattle,98118
2194,2014-06-10,ADDR_ccf4cdba2e9002a9,569000.0,5.0,3.0,3670,10583,1.0,0,0,5,62,1,0.43869209809264303,0,16.0,valid_year,Lake Forest Park,98155
2200,2014-06-10,ADDR_60cfc4708fc72185,475000.0,2.0,1.75,1490,224334,1.0,0,2,3,31,0,0.0,0,5.0,valid_year,Auburn,98092
2216,2014-06-10,ADDR_f022c018acdd2648,315000.0,2.0,1.0,1740,3622,1.0,0,0,4,90,1,0.4540229885057471,0,,none_recorded,Seattle,98118
2209,2014-06-10,ADDR_3712ae19964aec0c,470000.0,3.0,1.75,2290,14800,1.0,0,0,3,49,1,0.2925764192139738,0,21.0,valid_year,Lake Forest Park,98155
2227,2014-06-10,ADDR_da2426ecc16abbe6,1795000.0,5.0,3.25,5270,17232,2.0,0,1,3,37,1,0.23908918406072105,0,11.0,valid_year,Mercer Island,98040
2220,2014-06-10,ADDR_6fae047cbc1f70dd,499000.0,2.0,1.0,1220,3000,1.0,0,0,3,88,1,0.2459016393442623,0,11.0,valid_year,Seattle,98117
2265,2014-06-10,ADDR_06df720805732303,915000.0,6.0,3.75,2930,14980,2.0,0,3,3,1,0,0.0,0,,invalid_year,Bellevue,98006
2264,2014-06-10,ADDR_06ce9580e84664ce,1059500.0,5.0,3.25,3230,3825,2.0,0,0,3,0,1,0.23219814241486067,0,,none_recorded,Seattle,98117
2247,2014-06-10,ADDR_1b832720675db107,433000.0,3.0,1.75,1870,7189,1.0,0,0,3,55,1,0.32085561497326204,0,25.0,valid_year,Seattle,98118
4478,2014-06-10,ADDR_9f2d2d1b8f41cc87,135333.33,4.0,1.0,1200,7200,1.5,0,0,3,70,0,0.0,0,,none_recorded,Seattle,98178
2232,2014-06-10,ADDR_7e8be25daedbda33,650000.0,4.0,2.25,2560,9731,2.0,0,0,4,41,0,0.0,0,,none_recorded,Kirkland,98034
2187,2014-06-10,ADDR_dedd2cb47cc463aa,1230000.0,4.0,2.5,3040,7000,2.0,0,0,3,13,0,0.0,0,,none_recorded,Mercer Island,98040
2199,2014-06-10,ADDR_6041a186962e50fd,558000.0,4.0,2.0,2180,3870,1.0,0,0,3,114,1,0.5321100917431193,0,9.0,valid_year,Seattle,98122
2254,2014-06-10,ADDR_7efaf10d76e9bc45,566000.0,4.0,1.75,2440,5000,1.0,0,0,3,60,1,0.45081967213114754,0,9.0,valid_year,Seattle,98117
2259,2014-06-10,ADDR_2fbb404f181ebe7b,680000.0,3.0,1.75,1760,8400,1.0,0,0,4,54,1,0.17045454545454544,0,13.0,valid_year,Seattle,98136
2258,2014-06-10,ADDR_8bc41dfbae506bff,749000.0,3.0,1.0,1580,5000,1.5,0,0,3,88,0,0.0,0,11.0,valid_year,Seattle,98117
2185,2014-06-10,ADDR_266a968cf2e60b12,740000.0,3.0,2.5,3000,25341,2.0,0,0,3,19,0,0.0,0,,none_recorded,Redmond,98053
2190,2014-06-10,ADDR_9623bea1ff387e60,700000.0,3.0,2.0,2080,3880,1.0,0,0,5,60,1,0.4423076923076923,0,,none_recorded,Seattle,98117
2188,2014-06-10,ADDR_b2598cd0d49690c2,420000.0,2.0,1.0,860,3880,1.0,0,0,4,98,0,0.0,0,,none_recorded,Seattle,98117
4475,2014-06-10,ADDR_f961128ddfafa4d1,426090.0,3.0,2.5,2340,5957,2.0,0,0,3,19,0,0.0,0,,none_recorded,Kenmore,98028
2251,2014-06-10,ADDR_ff1890454a9ef43d,1180000.0,5.0,3.75,3630,6000,1.5,0,0,3,10,1,0.31955922865013775,0,,invalid_year,Kirkland,98033
2230,2014-06-10,ADDR_e7475abf462d7900,515000.0,3.0,2.5,1800,5001,2.0,0,0,3,18,0,0.0,0,,none_recorded,Kirkland,98034
2242,2014-06-10,ADDR_c16f80687c00acc4,310000.0,3.0,2.5,1780,6771,1.0,0,0,3,24,1,0.3089887640449438,0,5.0,valid_year,Seattle,98106
2224,2014-06-10,ADDR_0a80a44177dda3ca,429000.0,3.0,3.25,1410,1246,3.0,0,0,3,9,0,0.0,0,,none_recorded,Seattle,98103
4476,2014-06-10,ADDR_02acdd785bf017cb,458663.89,2.0,1.0,1470,7137,1.0,0,0,3,73,1,0.30612244897959184,0,20.0,valid_year,Seattle,98103
2260,2014-06-10,ADDR_c66f8a849a39bf10,400000.0,4.0,2.5,2530,7563,1.0,0,0,3,36,1,0.4308300395256917,0,,none_recorded,Bothell,98011
2229,2014-06-10,ADDR_7a427f4ed453cd13,385000.0,4.0,1.75,1720,8750,1.0,0,0,3,43,1,0.5,0,,none_recorded,Kirkland,98034
2297,2014-06-11,ADDR_7bb99d33e9b84fcf,295000.0,5.0,3.5,2100,5107,2.0,0,0,3,15,1,0.32857142857142857,0,,none_recorded,Seattle,98178
2316,2014-06-11,ADDR_4c37fd4909235f58,700000.0,3.0,2.75,2500,7378,1.0,0,0,5,66,1,0.444,0,29.0,valid_year,Seattle,98177
2291,2014-06-11,ADDR_4a3bf56e129f0823,220000.0,3.0,1.0,1050,6300,1.0,0,0,3,72,0,0.0,0,15.0,valid_year,Seattle,98146
2353,2014-06-11,ADDR_9d4db9a2edeba1c2,250000.0,2.0,1.5,982,846,2.0,0,0,3,8,1,0.17922606924643583,0,,none_recorded,Seattle,98133
2315,2014-06-11,ADDR_f4d6a0cc317a600e,465000.0,4.0,1.75,1470,5350,1.0,0,0,3,59,1,0.3333333333333333,0,9.0,valid_year,Seattle,98125
2333,2014-06-11,ADDR_055784167eb28ada,455000.0,4.0,2.5,3170,10688,2.0,0,2,3,13,0,0.0,0,,none_recorded,Auburn,98001
2279,2014-06-11,ADDR_6d0f8ae962ce7723,280000.0,3.0,2.5,1860,6607,2.0,0,0,3,25,0,0.0,0,,none_recorded,Federal Way,98023
2330,2014-06-11,ADDR_2c17f3ebc318f374,110000.0,2.0,1.0,800,15000,1.0,0,0,3,87,0,0.0,0,3.0,valid_year,Seattle,98168
2314,2014-06-11,ADDR_ca251cfb5406e377,740000.0,4.0,2.75,2490,17833,2.0,0,2,3,35,1,0.40160642570281124,0,0.0,valid_year,Seattle,98125
2336,2014-06-11,ADDR_ab4c47ae216059a0,405000.0,3.0,2.0,1640,7201,1.0,0,0,3,66,0,0.0,0,20.0,valid_year,Seattle,98125
2329,2014-06-11,ADDR_a0b0f19767e40c78,2888000.0,5.0,6.25,8670,64033,2.0,0,4,3,49,1,0.29411764705882354,0,11.0,valid_year,Seattle,98177
2302,2014-06-11,ADDR_8d1770084edc3805,285000.0,3.0,2.5,1870,4060,2.0,0,0,3,9,0,0.0,0,,none_recorded,Kent,98042
2332,2014-06-11,ADDR_ab2e907cf302b610,317000.0,3.0,1.0,1160,8813,1.0,0,0,3,62,0,0.0,0,6.0,valid_year,Seattle,98125
2349,2014-06-11,ADDR_cb7cb8f52674fa27,450000.0,4.0,2.5,2300,19250,1.0,0,0,4,59,0,0.0,0,5.0,valid_year,North Bend,98045
2317,2014-06-11,ADDR_0da0e85627a6e27f,785000.0,3.0,3.5,4500,21870,2.0,0,0,3,10,0,0.0,0,,invalid_year,Auburn,98092
2293,2014-06-11,ADDR_92eff10de3495f31,435000.0,3.0,2.5,1420,2581,3.0,0,0,3,10,0,0.0,0,,invalid_year,Seattle,98133
2304,2014-06-11,ADDR_e5024b802c80a707,355000.0,1.0,1.75,750,20339,1.0,0,0,4,68,1,0.26666666666666666,0,25.0,valid_year,Renton,98059
2286,2014-06-11,ADDR_178b9280f7c04906,799000.0,3.0,1.5,2210,6300,1.5,0,0,5,98,0,0.0,0,,none_recorded,Seattle,98144
4318,2014-06-11,ADDR_dd7fe07e5403ea56,352500.0,3.0,1.75,1170,8182,1.0,0,0,3,52,0,0.0,0,11.0,valid_year,Shoreline,98155
2346,2014-06-11,ADDR_8344bb81cd99f5be,813000.0,4.0,2.75,3370,6675,1.0,0,3,4,66,1,0.43026706231454004,0,,none_recorded,Seattle,98144
2300,2014-06-11,ADDR_a1cfbecb3113f929,515000.0,3.0,2.5,3370,19585,2.0,0,0,3,63,1,0.050445103857566766,0,20.0,valid_year,Shoreline,98133
2306,2014-06-11,ADDR_f1034492706d2fce,571000.0,3.0,2.5,2600,7465,2.0,0,0,3,26,0,0.0,0,14.0,valid_year,Bothell,98011
2288,2014-06-11,ADDR_eeed17858c9ee7e7,354000.0,3.0,1.0,940,10368,1.0,0,0,3,49,0,0.0,0,21.0,valid_year,Redmond,98052
2295,2014-06-11,ADDR_74644294a0c642d4,1010000.0,4.0,2.5,3760,29224,2.0,0,0,3,27,0,0.0,0,14.0,valid_year,Redmond,98052
2305,2014-06-11,ADDR_c6864971754dc5a6,381000.0,3.0,1.5,1460,11407,1.0,0,0,3,60,0,0.0,0,9.0,valid_year,Lake Forest Park,98155
2340,2014-06-11,ADDR_9921e9854ef96334,465000.0,4.0,2.5,2090,9702,1.0,0,0,5,49,1,0.3684210526315789,0,,none_recorded,Shoreline,98133
2339,2014-06-11,ADDR_2109b39f7d566eb6,742000.0,4.0,2.5,2810,10986,2.0,0,0,3,17,0,0.0,0,,none_recorded,Sammamish,98075
2325,2014-06-11,ADDR_09e01d471b85147f,545000.0,3.0,2.5,2180,15693,1.0,0,0,4,35,1,0.15137614678899083,0,,none_recorded,Sammamish,98075
2301,2014-06-11,ADDR_b7c5e4e2da64fe35,599000.0,4.0,2.5,2790,230868,2.0,0,0,3,25,0,0.0,0,,none_recorded,Woodinville,98077
2341,2014-06-11,ADDR_60c967a00ba362a2,809950.0,4.0,2.5,3280,6181,2.0,0,0,3,13,0,0.0,0,,none_recorded,Sammamish,98074
2292,2014-06-11,ADDR_cfd38c21bb1889f5,650000.0,2.0,1.0,1030,5750,1.0,0,0,5,86,0,0.0,0,44.0,valid_year,Seattle,98116
2354,2014-06-11,ADDR_3fef8055aece0b16,475000.0,3.0,2.25,1630,2520,2.0,0,0,3,9,0,0.0,0,,none_recorded,Issaquah,98029
2278,2014-06-11,ADDR_b8a0f2fe55f577d9,248000.0,5.0,1.5,1510,9078,1.0,0,0,4,55,0,0.0,0,,none_recorded,SeaTac,98168
2313,2014-06-11,ADDR_2ecbe1a408b020de,335000.0,4.0,2.25,2030,13500,1.0,0,0,3,51,1,0.39408866995073893,0,6.0,valid_year,Renton,98059
2344,2014-06-11,ADDR_00cce84290247afd,535000.0,5.0,2.25,2520,49222,2.0,0,0,4,36,0,0.0,0,14.0,valid_year,Issaquah,98027
2320,2014-06-11,ADDR_0b3b7033e3db1e29,530000.0,3.0,1.75,1550,3680,1.0,0,0,3,87,1,0.3225806451612903,0,3.0,valid_year,Seattle,98117
2298,2014-06-11,ADDR_9b5d99e58f8f0b34,580379.0,4.0,2.75,2240,27820,1.5,0,0,4,38,0,0.0,0,22.0,valid_year,Sammamish,98075
2299,2014-06-11,ADDR_0c14740e4dace771,875000.0,4.0,2.5,3470,32109,2.0,0,0,3,19,0,0.0,0,,none_recorded,Woodinville,98077
2274,2014-06-11,ADDR_85bdbf6ae43e3118,371500.0,3.0,2.0,1370,8336,1.0,0,0,5,50,0,0.0,0,,none_recorded,Shoreline,98133
2351,2014-06-11,ADDR_8e26b2d6904b6987,399950.0,2.0,1.0,710,1131,2.0,0,0,4,71,0,0.0,0,,none_recorded,Seattle,98102
2338,2014-06-11,ADDR_dde64395431ee971,427000.0,4.0,1.0,1860,4736,1.5,0,0,1,113,0,0.0,0,,none_recorded,Seattle,98112
2290,2014-06-11,ADDR_8663a9ab88a863ca,560200.0,3.0,2.5,1990,3984,2.0,0,0,3,10,0,0.0,0,,invalid_year,Sammamish,98075
2273,2014-06-11,ADDR_4651e0257debe7e6,850830.0,3.0,2.5,2070,13241,1.5,0,0,5,104,1,0.3864734299516908,0,,none_recorded,Seattle,98102
2284,2014-06-11,ADDR_0cdf6d55fc6ad3a7,487028.0,2.0,1.5,1295,1093,2.0,0,0,3,7,1,0.14671814671814673,0,,none_recorded,Seattle,98122
2294,2014-06-11,ADDR_4506d8d3879726a6,800000.0,4.0,3.75,2690,4000,2.0,0,3,4,105,1,0.21189591078066913,0,25.0,valid_year,Seattle,98119
2326,2014-06-11,ADDR_240649a75cffef1d,214950.0,3.0,1.75,1570,4875,1.0,0,0,4,37,1,0.16560509554140126,0,,none_recorded,Covington,98042
2347,2014-06-11,ADDR_6ebff3dd33413fee,234000.0,3.0,2.0,1640,5280,1.5,0,0,5,104,0,0.0,0,,none_recorded,Auburn,98002
2303,2014-06-11,ADDR_849fe342d396d38a,290000.0,3.0,1.75,1520,15090,1.0,0,0,4,46,0,0.0,0,,none_recorded,Maple Valley,98038
2308,2014-06-11,ADDR_50fd3022b5486e1d,1085000.0,5.0,2.5,2340,6000,2.0,0,0,4,92,0,0.0,0,,none_recorded,Seattle,98144
2331,2014-06-11,ADDR_553e66e0f7cac1a7,292000.0,4.0,2.75,2414,7693,2.0,0,0,3,8,0,0.0,0,,none_recorded,Auburn,98002
2280,2014-06-11,ADDR_2f8b956d5e78d0da,495000.0,6.0,5.0,3440,4500,2.0,0,0,3,7,1,0.046511627906976744,0,,none_recorded,Renton,98057
2323,2014-06-11,ADDR_0c06b81dd1786688,330000.0,3.0,2.5,2210,7557,2.0,0,0,3,25,0,0.0,0,,none_recorded,Federal Way,98023
2327,2014-06-11,ADDR_bd7cab4dbbcd33f5,657500.0,4.0,2.75,4140,24190,2.0,0,0,3,12,0,0.0,0,,none_recorded,Auburn,98092
2357,2014-06-11,ADDR_19e1f090fbb74147,329950.0,3.0,2.5,2456,7566,2.0,0,0,3,2,0,0.0,0,,invalid_year,Federal Way,98023
2311,2014-06-11,ADDR_6ed64c4f429ab395,386000.0,3.0,1.5,1270,1318,2.0,0,0,3,10,1,0.14960629921259844,0,,invalid_year,Seattle,98199
2335,2014-06-11,ADDR_62567a875c613a49,460000.0,3.0,2.0,2060,4437,1.0,0,0,3,85,1,0.5,0,,none_recorded,Seattle,98126
2309,2014-06-11,ADDR_f180fa8b4c59490d,371000.0,3.0,1.0,890,7200,1.0,0,0,3,63,0,0.0,0,20.0,valid_year,Seattle,98125
2281,2014-06-11,ADDR_1511e2aa77b16db1,665000.0,6.0,3.0,4250,4400,2.5,0,0,4,112,1,0.28941176470588237,0,,none_recorded,Seattle,98118
2310,2014-06-11,ADDR_8a309185d2ce1737,514000.0,3.0,1.75,1720,5899,1.0,0,1,3,28,1,0.29069767441860467,0,,none_recorded,Seattle,98136
2277,2014-06-11,ADDR_19a55ba3cfa6f214,276900.0,2.0,1.0,1350,10096,1.0,0,2,4,62,0,0.0,0,,none_recorded,North Bend,98045
2285,2014-06-11,ADDR_f1ef8aa6448a6dff,325000.0,3.0,1.75,1790,27427,1.0,0,0,3,36,1,0.3687150837988827,0,,none_recorded,Snoqualmie,98065
2322,2014-06-11,ADDR_ea88f9594c55b122,240000.0,3.0,1.5,1360,9760,1.5,0,0,5,30,0,0.0,0,,none_recorded,North Bend,98045
2328,2014-06-11,ADDR_08d22b7524d83113,476000.0,3.0,1.0,1140,5500,1.5,0,0,4,106,0,0.0,0,,none_recorded,Seattle,98199
2287,2014-06-11,ADDR_3fe17f7a69d57950,7062500.0,5.0,4.5,10040,37325,2.0,1,2,3,74,1,0.2350597609561753,0,13.0,valid_year,Bellevue,98004
2283,2014-06-11,ADDR_1c66041344a7e715,527000.0,2.0,1.75,1640,4080,1.0,0,0,3,93,1,0.4878048780487805,0,14.0,valid_year,Seattle,98105
2343,2014-06-11,ADDR_869b5b1b7e907ce8,762400.0,3.0,1.75,2430,14607,1.0,0,1,3,65,1,0.49382716049382713,0,44.0,valid_year,Mercer Island,98040
2348,2014-06-11,ADDR_3a5efd76d15e6a7e,308900.0,3.0,2.5,2250,7294,2.0,0,0,3,20,0,0.0,0,,none_recorded,Auburn,98092
2312,2014-06-11,ADDR_ae4d3aa1fd1b723b,464000.0,4.0,2.5,2180,7203,2.0,0,0,4,25,0,0.0,0,,none_recorded,Renton,98059
2307,2014-06-11,ADDR_330b7f7250a8f859,852600.0,4.0,2.5,3320,11901,2.0,0,0,5,37,1,0.20180722891566266,0,,none_recorded,Bellevue,98006
2345,2014-06-11,ADDR_e42440d0034c6550,881000.0,5.0,3.0,2510,4125,1.5,0,3,5,89,1,0.3665338645418327,0,,none_recorded,Seattle,98144
2334,2014-06-11,ADDR_a1f8de36dc90fc12,1365000.0,5.0,3.5,4210,17258,2.0,0,3,3,19,0,0.0,0,,none_recorded,Bellevue,98006
2355,2014-06-11,ADDR_4809d74dd464926c,415000.0,4.0,2.5,2550,4500,2.0,0,0,3,5,0,0.0,0,,none_recorded,Renton,98059
2318,2014-06-11,ADDR_29854fcb5994aa58,350000.0,3.0,3.25,1460,1592,2.0,0,0,3,8,1,0.22602739726027396,0,,none_recorded,Seattle,98126
2324,2014-06-11,ADDR_ec513fce86f9d5ac,735000.0,4.0,1.75,2460,5100,1.5,0,0,5,105,1,0.4105691056910569,0,26.0,valid_year,Seattle,98115
2321,2014-06-11,ADDR_bdc80d025935a58a,349000.0,3.0,2.5,1430,1002,3.0,0,0,3,12,0,0.0,0,,none_recorded,Seattle,98103
2289,2014-06-11,ADDR_60b82e502d26edc5,262500.0,3.0,1.5,1160,8906,1.0,0,0,3,52,0,0.0,0,11.0,valid_year,Seattle,98118
2296,2014-06-11,ADDR_4aa50e9fab97ecb1,200000.0,2.0,1.0,700,4700,1.0,0,0,5,61,0,0.0,0,,none_recorded,Renton,98056
2350,2014-06-11,ADDR_ae9065a00f523aae,547500.0,3.0,3.5,1650,2262,3.0,0,0,3,4,0,0.0,0,,none_recorded,Seattle,98103
2276,2014-06-11,ADDR_1be7916c16ef7d43,588000.0,4.0,2.0,1680,5000,1.0,0,0,3,64,1,0.4166666666666667,0,9.0,valid_year,Seattle,98115
2342,2014-06-11,ADDR_49977203e94d5434,619400.0,4.0,2.0,2090,3610,1.5,0,0,5,87,1,0.14354066985645933,0,,none_recorded,Seattle,98115
2356,2014-06-11,ADDR_8fc67a24c43a40e8,545000.0,2.0,1.25,1240,2150,2.0,0,0,3,0,0,0.0,0,,none_recorded,Seattle,98117
2275,2014-06-11,ADDR_9ed92a3bc9ee4673,522000.0,3.0,1.75,1730,8400,1.0,0,0,4,34,1,0.1907514450867052,0,,none_recorded,Redmond,98052
2352,2014-06-11,ADDR_88f9bc5dddd0a356,516000.0,4.0,3.5,2550,8698,2.0,0,0,3,7,0,0.0,0,,none_recorded,Snoqualmie,98065
2282,2014-06-11,ADDR_6965c54de40f7a94,290300.0,2.0,1.0,860,3874,1.0,0,0,4,83,0,0.0,0,,none_recorded,Renton,98057
2337,2014-06-11,ADDR_403ef88c1341fe8e,333000.0,2.0,1.0,720,6686,1.0,0,0,3,72,0,0.0,0,15.0,valid_year,Seattle,98117
2319,2014-06-11,ADDR_5e34002afe67c676,148000.0,1.0,1.0,620,8261,1.0,0,0,3,75,0,0.0,0,45.0,valid_year,Seattle,98106
2377,2014-06-12,ADDR_d7b687bfae8c79f8,173000.0,2.0,1.0,820,10450,1.0,0,0,4,49,0,0.0,0,,none_recorded,Renton,98055
2399,2014-06-12,ADDR_66c91d6b6bc7d9b5,363000.0,3.0,3.25,1651,1779,2.0,0,0,3,6,1,0.18776499091459722,0,,none_recorded,Seattle,98133
4486,2014-06-12,ADDR_e56b3589a73ab0b8,681965.78,4.0,2.5,2683,40386,2.0,0,0,4,27,0,0.0,0,,none_recorded,Redmond,98052
2419,2014-06-12,ADDR_1d71a248d3204808,1034500.0,4.0,2.5,2370,10858,2.0,0,0,3,11,0,0.0,0,,none_recorded,Bellevue,98004
2381,2014-06-12,ADDR_ce93d1bc031f9b52,381000.0,3.0,1.75,1800,6000,1.0,0,0,5,64,1,0.5,0,,none_recorded,Shoreline,98155
4489,2014-06-12,ADDR_21dc2836eebd1e82,210614.29,3.0,2.5,2210,10119,1.0,0,0,4,48,1,0.3438914027149321,0,,none_recorded,Kent,98030
4484,2014-06-12,ADDR_ef06ffe1a6ac8ad8,437500.0,5.0,3.5,3690,11928,2.0,0,0,3,8,1,0.3116531165311653,0,,none_recorded,Sammamish,98074
2427,2014-06-12,ADDR_0f04a22a835060f5,223000.0,2.0,1.0,910,9869,1.0,0,0,3,57,0,0.0,0,14.0,valid_year,Renton,98058
2431,2014-06-12,ADDR_54880d314544e2bb,315000.0,3.0,2.5,1880,7000,2.0,0,0,3,21,0,0.0,0,,none_recorded,Kent,98031
2397,2014-06-12,ADDR_46fc1cef620aea58,397990.0,3.0,1.0,1180,11862,1.0,0,0,4,66,0,0.0,0,,none_recorded,Seattle,98177
2383,2014-06-12,ADDR_626cf4d111ce9aa3,235000.0,3.0,1.75,1840,9697,1.0,0,0,4,29,1,0.18478260869565216,0,,none_recorded,Kent,98030
4487,2014-06-12,ADDR_191f32305d9576e5,229629.5,2.0,1.0,1100,8281,1.0,0,0,4,67,0,0.0,0,26.0,valid_year,Shoreline,98155
2416,2014-06-12,ADDR_d1a0e337969adfb1,440000.0,3.0,1.0,1710,6556,1.5,0,0,4,88,1,0.2982456140350877,0,21.0,valid_year,Seattle,98133
4483,2014-06-12,ADDR_14906e908cd7f734,387884.62,3.0,1.75,1590,8219,1.5,0,0,5,76,1,0.389937106918239,0,,none_recorded,Kirkland,98034
4485,2014-06-12,ADDR_ee172c80872b1c9a,641633.33,3.0,2.5,2480,5137,2.0,0,0,3,14,0,0.0,0,,none_recorded,Redmond,98052
2376,2014-06-12,ADDR_17e9036ebba2eec3,510000.0,3.0,1.75,1600,19200,1.0,0,0,4,47,0,0.0,0,,none_recorded,Kirkland,98034
2425,2014-06-12,ADDR_3f2aff98a70cdc97,370000.0,2.0,1.0,1220,17172,1.0,0,0,4,67,0,0.0,0,26.0,valid_year,Kirkland,98033
2432,2014-06-12,ADDR_a79c151227e83ea3,430000.0,4.0,1.75,1890,6000,1.0,0,0,4,67,1,0.4126984126984127,0,26.0,valid_year,Seattle,98125
2437,2014-06-12,ADDR_5f0ee5cce6de235a,680000.0,3.0,2.5,2570,3600,2.5,0,0,3,7,0,0.0,0,,none_recorded,Issaquah,98029
2409,2014-06-12,ADDR_2d77d03c9408859e,531000.0,3.0,2.5,2120,9736,2.0,0,0,3,26,0,0.0,0,14.0,valid_year,Bothell,98011
2433,2014-06-12,ADDR_c15e6ce18b4cc0f8,440000.0,3.0,2.75,1560,7392,1.0,0,0,5,42,1,0.33974358974358976,0,,none_recorded,Kirkland,98034
2386,2014-06-12,ADDR_96feb22c69e26c42,350000.0,4.0,2.25,2300,4600,1.5,0,0,4,110,1,0.41739130434782606,0,,none_recorded,Seattle,98144
2435,2014-06-12,ADDR_967a6af3565db2a0,1240000.0,5.0,4.0,4410,14380,2.0,0,0,3,8,0,0.0,0,,none_recorded,Redmond,98052
2407,2014-06-12,ADDR_2da946fd92ff385e,489950.0,4.0,2.25,2640,31941,1.0,0,0,4,28,0,0.0,0,,none_recorded,Auburn,98092
2426,2014-06-12,ADDR_1b85e34a51e28c9a,349950.0,3.0,1.0,1060,9525,1.0,0,0,3,48,0,0.0,0,,invalid_year,Redmond,98052
2365,2014-06-12,ADDR_a398d58cc9429201,2250000.0,5.0,4.25,4860,9453,1.5,0,1,5,109,1,0.36213991769547327,0,,none_recorded,Seattle,98112
2406,2014-06-12,ADDR_7625fbfa5319b444,485000.0,4.0,2.5,2470,35073,2.0,0,0,3,25,0,0.0,0,,none_recorded,Auburn,98092
2372,2014-06-12,ADDR_f4a6199e9066053c,860000.0,4.0,3.25,3960,7012,2.0,0,0,3,9,0,0.0,0,,none_recorded,Sammamish,98075
2359,2014-06-12,ADDR_41e0e263f228698c,784000.0,3.0,3.5,3950,111078,1.5,0,0,3,25,1,0.37721518987341773,0,,none_recorded,Redmond,98053
2385,2014-06-12,ADDR_157f22cdbe745fbe,575000.0,2.0,1.0,1510,4032,1.5,0,0,3,79,1,0.13245033112582782,0,40.0,valid_year,Seattle,98199
2364,2014-06-12,ADDR_936f9d55a3098c34,465250.0,5.0,2.0,1940,7642,1.5,0,0,3,57,0,0.0,0,14.0,valid_year,Shoreline,98177
2422,2014-06-12,ADDR_89d64ec52ccff194,561000.0,3.0,2.25,1710,4140,2.0,0,0,3,10,0,0.0,0,,invalid_year,Issaquah,98029
2402,2014-06-12,ADDR_06bdf0e08a76e845,1228000.0,4.0,2.5,5730,44947,2.0,0,4,3,23,1,0.2530541012216405,0,,none_recorded,Sammamish,98074
2374,2014-06-12,ADDR_d7446b71508f1189,580000.0,5.0,2.0,2060,6000,2.0,0,0,3,111,0,0.0,0,9.0,valid_year,Seattle,98105
2360,2014-06-12,ADDR_2bf9af5a08af14b4,610750.0,4.0,2.25,2180,7297,2.0,0,0,3,30,0,0.0,0,,none_recorded,Sammamish,98074
2358,2014-06-12,ADDR_f792118367b8de90,1325000.0,5.0,2.25,3200,20158,1.0,0,0,3,49,1,0.5,0,21.0,valid_year,Clyde Hill,98004
2420,2014-06-12,ADDR_c0fc314e001c81ed,248000.0,4.0,2.5,1770,5855,2.0,0,0,3,11,0,0.0,0,,none_recorded,Maple Valley,98038
2401,2014-06-12,ADDR_ac082e84214f42f0,620000.0,2.0,1.0,1430,3000,1.5,0,0,3,85,1,0.09090909090909091,0,,none_recorded,Seattle,98112
2438,2014-06-12,ADDR_1ebe65af2065411c,336750.0,2.0,2.25,1170,1011,2.0,0,0,3,5,0,0.0,0,,none_recorded,Issaquah,98027
2387,2014-06-12,ADDR_198787e1040627c2,259000.0,4.0,1.5,1490,7560,2.0,0,0,3,48,0,0.0,0,,invalid_year,Des Moines,98198
2380,2014-06-12,ADDR_a61aba264e517f46,585000.0,3.0,2.5,1910,1501,2.5,0,0,3,7,1,0.19895287958115182,0,,none_recorded,Seattle,98199
2412,2014-06-12,ADDR_bace027c0fd49a9d,835000.0,3.0,3.0,2790,12523,2.0,1,4,4,37,1,0.4265232974910394,0,,none_recorded,Des Moines,98198
2373,2014-06-12,ADDR_c264ff43a9297ee1,306000.0,4.0,2.5,2490,8124,2.0,0,0,3,13,0,0.0,0,,none_recorded,Auburn,98092
2375,2014-06-12,ADDR_e328f728a884df4f,405000.0,3.0,1.0,1330,15678,1.0,0,0,3,30,1,0.3233082706766917,0,,none_recorded,Sammamish,98074
2388,2014-06-12,ADDR_01d9dcfe78b78a77,599000.0,5.0,2.75,2820,4608,1.0,0,0,3,47,1,0.4858156028368794,0,3.0,valid_year,Seattle,98117
2378,2014-06-12,ADDR_b23632b921393745,210000.0,4.0,1.75,1200,7680,1.0,0,0,3,46,0,0.0,0,17.0,valid_year,Auburn,98092
2428,2014-06-12,ADDR_02ba8ef43e327a84,560000.0,4.0,1.75,1880,3880,1.5,0,0,4,70,1,0.42021276595744683,0,,none_recorded,Seattle,98107
2371,2014-06-12,ADDR_722fb3aa04ebc2a2,342500.0,3.0,2.0,2080,11375,1.0,0,0,3,12,0,0.0,0,,none_recorded,Enumclaw,98022
2389,2014-06-12,ADDR_3cfefd01862bf0e0,210000.0,4.0,1.5,1130,7840,1.0,0,0,4,44,0,0.0,0,,none_recorded,Federal Way,98023
2405,2014-06-12,ADDR_3fb52899d1bc9c17,448000.0,2.0,1.5,1630,3780,1.0,0,0,4,74,1,0.4539877300613497,0,13.0,valid_year,Seattle,98107
2413,2014-06-12,ADDR_3c2600710cc40145,1688000.0,4.0,2.5,3000,7500,2.0,0,0,3,77,0,0.0,0,20.0,valid_year,Seattle,98105
4490,2014-06-12,ADDR_31ed77b99fa08f70,790000.0,4.0,3.25,2420,4000,1.5,0,0,5,103,1,0.22727272727272727,0,30.0,valid_year,Seattle,98105
2408,2014-06-12,ADDR_065207c7cf6835a7,498500.0,5.0,2.75,2990,7420,2.0,0,0,3,18,0,0.0,0,,none_recorded,Renton,98059
2398,2014-06-12,ADDR_8bd7b4683edba3c8,706000.0,3.0,2.75,1900,6400,1.0,0,0,5,72,1,0.2578947368421053,0,,none_recorded,Seattle,98105
2367,2014-06-12,ADDR_bfc53b88567267bb,315000.0,2.0,1.0,970,5665,1.0,0,0,4,106,0,0.0,0,,none_recorded,Seattle,98118
2392,2014-06-12,ADDR_ede45e5187f5d252,299995.0,3.0,2.5,1970,7500,2.0,0,0,3,26,0,0.0,0,14.0,valid_year,Auburn,98092
2382,2014-06-12,ADDR_d9c70f82752890c0,890000.0,3.0,2.25,2060,8640,1.0,0,0,4,48,0,0.0,0,,none_recorded,Kirkland,98033
2421,2014-06-12,ADDR_cd9896e53ecb7082,294000.0,4.0,2.5,2210,8465,1.0,0,0,3,24,1,0.3257918552036199,0,5.0,valid_year,Auburn,98092
2384,2014-06-12,ADDR_a878f102112b68b9,480000.0,3.0,2.5,1250,1103,3.0,0,2,3,9,0,0.0,0,,none_recorded,Seattle,98103
2415,2014-06-12,ADDR_fe27065954b15d60,495000.0,3.0,2.0,1769,9300,1.0,0,0,4,59,0,0.0,0,5.0,valid_year,Normandy Park,98166
2436,2014-06-12,ADDR_1f078535b009d38d,300000.0,3.0,3.25,1470,1235,2.0,0,0,3,6,1,0.19727891156462585,0,,none_recorded,Seattle,98108
2368,2014-06-12,ADDR_4f5a71cefea4cfb9,900000.0,4.0,2.25,2460,44431,1.0,0,0,4,57,0,0.0,0,13.0,valid_year,Bellevue,98007
2361,2014-06-12,ADDR_325ed0870f6d17b7,578000.0,4.0,2.5,3140,9225,1.0,0,2,5,48,1,0.43630573248407645,0,,none_recorded,Renton,98057
2417,2014-06-12,ADDR_03175ed8d84a124f,280000.0,1.0,0.75,420,6720,1.0,0,0,3,92,0,0.0,0,6.0,valid_year,Seattle,98108
2410,2014-06-12,ADDR_116c5627260b7ddf,670000.0,3.0,2.5,2050,6420,1.0,0,3,3,58,1,0.15609756097560976,0,13.0,valid_year,Seattle,98116
2391,2014-06-12,ADDR_bebcf4776d7e7742,545000.0,3.0,1.0,1510,5000,1.5,0,0,3,105,0,0.0,0,10.0,valid_year,Seattle,98105
2403,2014-06-12,ADDR_9aa36af91182c513,333000.0,4.0,2.5,1910,9244,1.0,0,0,4,51,0,0.0,0,,none_recorded,Renton,98059
4491,2014-06-12,ADDR_dc4bd8e1207096eb,435500.0,3.0,3.5,1240,1666,2.0,0,0,3,6,1,0.1935483870967742,0,,none_recorded,Seattle,98136
2418,2014-06-12,ADDR_a9895bbaae8e4767,1070000.0,4.0,2.5,3270,35445,2.0,0,0,3,25,0,0.0,0,,none_recorded,Bellevue,98006
2362,2014-06-12,ADDR_4453d4a3c0393841,1485000.0,4.0,3.75,4030,10800,2.0,0,0,3,8,0,0.0,0,,none_recorded,Kirkland,98033
2423,2014-06-12,ADDR_60c31da003716d26,656500.0,4.0,2.0,2710,4750,1.0,0,0,4,95,1,0.4612546125461255,0,29.0,valid_year,Seattle,98115
2414,2014-06-12,ADDR_8f7a0f1028277634,495000.0,4.0,2.5,2140,7245,2.0,0,0,3,11,0,0.0,0,,none_recorded,Seattle,98133
2411,2014-06-12,ADDR_027e3277360fda1c,310000.0,5.0,3.0,1880,5000,1.0,0,0,3,17,1,0.4148936170212766,0,,none_recorded,Seattle,98106
2396,2014-06-12,ADDR_40344c481ae3fc92,445000.0,5.0,1.75,2460,6846,1.5,0,0,5,103,1,0.45528455284552843,0,30.0,valid_year,Seattle,98108
2369,2014-06-12,ADDR_32ad9499f2f6c443,789500.0,4.0,2.5,3010,6100,2.0,0,0,3,9,0,0.0,0,,none_recorded,Redmond,98052
2393,2014-06-12,ADDR_0d4f81702530c1aa,440000.0,3.0,1.0,1210,5750,1.5,0,0,4,104,0,0.0,0,,none_recorded,Seattle,98136
2395,2014-06-12,ADDR_2b6b2aa7c430d385,795000.0,3.0,2.0,2420,17859,1.0,0,1,5,35,1,0.38016528925619836,0,,none_recorded,Kirkland,98034
2390,2014-06-12,ADDR_03b1cb741462bc9d,1184000.0,4.0,2.5,3200,7500,1.5,0,1,5,66,1,0.41875,0,29.0,valid_year,Seattle,98115
2424,2014-06-12,ADDR_d09cbc020fdbf1c4,660000.0,3.0,3.0,2340,2970,2.0,0,0,5,89,1,0.07692307692307693,0,,none_recorded,Seattle,98103
2394,2014-06-12,ADDR_2196c6a40ee9bad1,699000.0,4.0,2.5,3280,27441,2.0,0,0,3,18,0,0.0,0,,none_recorded,Redmond,98053
2400,2014-06-12,ADDR_4208a9f2b5fb4f58,850000.0,4.0,2.25,2130,11843,2.0,0,0,4,42,0,0.0,0,,none_recorded,Mercer Island,98040
2429,2014-06-12,ADDR_0ff8a733a7bbb602,594000.0,4.0,1.75,1870,5200,2.0,0,0,4,77,1,0.3582887700534759,0,,none_recorded,Seattle,98115
2366,2014-06-12,ADDR_c38f874fa2990172,1095000.0,,,3064,4764,3.5,0,2,3,24,0,0.0,1,5.0,valid_year,Seattle,98102
2430,2014-06-12,ADDR_e79959d019009ebd,600000.0,3.0,2.25,1480,5400,2.0,0,0,4,100,0,0.0,0,69.0,valid_year,Seattle,98122
2379,2014-06-12,ADDR_b7a1bd5d48bea6e4,445000.0,3.0,1.0,1050,5664,1.0,0,0,4,67,1,0.13333333333333333,0,26.0,valid_year,Seattle,98115
2363,2014-06-12,ADDR_3eae36ce302fa237,501000.0,3.0,1.75,1970,7972,1.0,0,3,5,38,1,0.30456852791878175,0,,none_recorded,Renton,98057
2370,2014-06-12,ADDR_4728b28d551d0012,678500.0,3.0,2.0,2460,6600,1.0,0,2,4,62,1,0.44308943089430897,0,,none_recorded,Seattle,98136
2404,2014-06-12,ADDR_bff73097de2238da,743000.0,3.0,1.75,2110,11250,1.0,0,0,4,53,0,0.0,0,13.0,valid_year,Mercer Island,98040
2434,2014-06-12,ADDR_6f8fcb3d44aa74b0,312500.0,2.0,1.5,1070,1200,2.0,0,0,3,15,0,0.0,0,,none_recorded,Seattle,98103
2455,2014-06-13,ADDR_b38d0cb169c794a8,1335000.0,5.0,2.25,4200,5800,2.5,0,0,4,108,1,0.30714285714285716,0,24.0,valid_year,Seattle,98112
2473,2014-06-13,ADDR_9a74b00b7215bd8a,950000.0,4.0,2.5,3770,35081,2.0,0,0,3,25,0,0.0,0,,none_recorded,Redmond,98053
2494,2014-06-13,ADDR_85b04ef659819848,385000.0,3.0,2.25,1920,4833,1.0,0,0,4,93,1,0.4479166666666667,0,,none_recorded,Seattle,98133
2466,2014-06-13,ADDR_75966156ed7aac46,585000.0,3.0,1.0,1870,2807,1.5,0,0,4,87,1,0.15508021390374332,0,,none_recorded,Seattle,98107
2511,2014-06-13,ADDR_79dd516e60ef24f3,575000.0,3.0,3.0,1384,1287,2.0,0,0,3,8,1,0.17341040462427745,0,,none_recorded,Seattle,98102
2440,2014-06-13,ADDR_3cc3afd2e356cc0c,589000.0,4.0,3.0,2440,9600,2.0,0,0,5,53,0,0.0,0,,none_recorded,Kirkland,98034
2463,2014-06-13,ADDR_2e2d9dbf9f4f7afc,153000.0,3.0,1.0,1270,6405,1.5,0,0,3,70,0,0.0,0,,none_recorded,Seattle,98178
2443,2014-06-13,ADDR_e2c351f795d9339f,206135.0,3.0,1.0,1340,11070,1.0,0,0,4,36,0,0.0,0,14.0,valid_year,Kent,98030
2459,2014-06-13,ADDR_18285123e078c82f,300000.0,4.0,2.5,2700,10814,1.0,0,0,4,48,1,0.4222222222222222,0,,none_recorded,Kent,98030
2472,2014-06-13,ADDR_a7a48572d3826e5b,883000.0,4.0,2.5,3670,54450,2.0,0,0,3,15,0,0.0,0,,none_recorded,Sammamish,98074
2503,2014-06-13,ADDR_a24521f4fb1bac97,530100.0,3.0,1.0,1540,3399,1.5,0,0,3,88,1,0.22077922077922077,0,11.0,valid_year,Seattle,98117
2447,2014-06-13,ADDR_a0f999fb49986399,845000.0,4.0,2.75,4070,115434,2.0,0,0,3,12,0,0.0,0,,none_recorded,North Bend,98045
2489,2014-06-13,ADDR_02171b0c5a0d7eb5,760000.0,4.0,2.5,2420,10285,1.0,0,4,3,56,1,0.2975206611570248,0,10.0,valid_year,Burien,98146
4493,2014-06-13,ADDR_151971308fd34520,497333.33,3.0,1.75,1760,12874,1.0,0,0,4,47,1,0.30113636363636365,0,,none_recorded,Bellevue,98005
2456,2014-06-13,ADDR_087dda79b92822ae,235000.0,3.0,1.75,1900,8540,1.0,0,0,3,34,1,0.5,0,,none_recorded,SeaTac,98168
2446,2014-06-13,ADDR_9993a89a0a1d7194,230000.0,2.0,1.0,930,7550,1.0,0,0,3,28,0,0.0,0,,none_recorded,SeaTac,98168
2495,2014-06-13,ADDR_93e83d2ee1cd6b1c,265000.0,4.0,1.75,1900,10588,1.0,0,0,5,56,0,0.0,0,,none_recorded,Auburn,98002
4494,2014-06-13,ADDR_009b587227a884f5,300000.0,3.0,2.0,2020,8555,1.0,0,0,4,57,1,0.39603960396039606,0,13.0,valid_year,Seattle,98125
2471,2014-06-13,ADDR_4470372b8641ed67,369500.0,3.0,1.5,1650,9957,1.0,0,0,4,53,1,0.3333333333333333,0,13.0,valid_year,Seattle,98125
2488,2014-06-13,ADDR_31743509b71b5131,419000.0,4.0,2.5,2690,7947,2.0,0,0,3,21,0,0.0,0,,none_recorded,Renton,98058
2492,2014-06-13,ADDR_f355a019978094e8,725000.0,5.0,2.5,3210,12000,1.0,0,0,4,46,1,0.42990654205607476,0,,none_recorded,Bellevue,98007
2464,2014-06-13,ADDR_76261fc93f6a1db6,454000.0,4.0,2.25,2630,39000,2.0,0,0,3,35,0,0.0,0,0.0,valid_year,Kent,98042
2452,2014-06-13,ADDR_1c02bc889e3a6eae,440000.0,4.0,2.25,2010,7575,1.0,0,0,3,40,1,0.39303482587064675,0,,none_recorded,Kirkland,98034
2458,2014-06-13,ADDR_ed30860fdaccdc72,622500.0,5.0,2.75,3320,23760,2.0,0,0,4,39,1,0.34036144578313254,0,,none_recorded,Woodinville,98072
2507,2014-06-13,ADDR_2407964bb9daee7d,171000.0,4.0,2.0,1520,19672,1.0,0,0,3,94,1,0.32894736842105265,0,35.0,valid_year,Tukwila,98188
2441,2014-06-13,ADDR_533e32b001049cdb,863000.0,4.0,2.5,4120,22370,2.0,0,0,3,17,0,0.0,0,,none_recorded,Sammamish,98074
2449,2014-06-13,ADDR_4890474a523ea065,304000.0,3.0,1.0,1280,8184,1.5,0,0,4,67,0,0.0,0,26.0,valid_year,Shoreline,98155
2491,2014-06-13,ADDR_1cad6866b39852c9,129000.0,2.0,1.0,1150,30184,1.0,0,0,3,64,0,0.0,0,9.0,valid_year,Renton,98055
2493,2014-06-13,ADDR_d770a1ce0a5f7a62,580000.0,3.0,2.5,2040,4627,2.0,0,0,3,22,0,0.0,0,,none_recorded,Redmond,98052
2496,2014-06-13,ADDR_19d6539cde0625f4,1735000.0,3.0,2.5,4310,32093,1.5,0,4,5,32,1,0.4176334106728538,0,,none_recorded,Shoreline,98177
2505,2014-06-13,ADDR_d7213fae3a490add,299000.0,3.0,1.75,1180,13927,1.0,0,0,5,52,0,0.0,0,,none_recorded,Renton,98059
2462,2014-06-13,ADDR_1ae88ec878aac31c,697000.0,4.0,2.75,3650,48351,1.5,0,0,4,36,0,0.0,0,14.0,valid_year,Woodinville,98077
2509,2014-06-13,ADDR_c7041852dd1e8f30,250000.0,3.0,2.25,1400,3814,2.0,0,0,3,2,0,0.0,0,,invalid_year,Covington,98042
2468,2014-06-13,ADDR_70fa80b8fda25949,250600.0,4.0,2.5,1930,8660,1.0,0,0,3,33,1,0.41968911917098445,0,1.0,valid_year,Auburn,98001
2498,2014-06-13,ADDR_2fbefe9055672be9,665000.0,4.0,2.5,2790,43091,2.0,0,0,4,25,0,0.0,0,,none_recorded,Woodinville,98077
2512,2014-06-13,ADDR_0dd09b9a4e04ee10,379500.0,3.0,2.25,1410,1287,2.0,0,0,3,9,1,0.0851063829787234,0,,none_recorded,Issaquah,98027
2467,2014-06-13,ADDR_34889de3bc4f8d07,380000.0,4.0,2.5,2540,6365,2.0,0,0,3,14,1,0.2637795275590551,0,,none_recorded,Renton,98055
2480,2014-06-13,ADDR_7c431c3cec5a7709,324900.0,4.0,2.5,1880,7965,2.0,0,0,3,14,0,0.0,0,,none_recorded,Maple Valley,98038
2487,2014-06-13,ADDR_28d6ad9fae9ff75d,475000.0,3.0,2.25,1580,12177,1.0,0,0,3,33,1,0.24050632911392406,0,1.0,valid_year,Sammamish,98074
2484,2014-06-13,ADDR_ecdec73e703ac32f,459950.0,3.0,1.75,1850,6869,1.0,0,2,5,95,1,0.40540540540540543,0,80.0,valid_year,Burien,98166
2477,2014-06-13,ADDR_eb2295c41f964dce,485000.0,3.0,2.5,1580,6065,2.0,0,0,3,29,0,0.0,0,,none_recorded,Issaquah,98029
2479,2014-06-13,ADDR_bef8fcd57d4d844d,430000.0,3.0,2.0,1910,5040,1.5,0,0,3,43,0,0.0,0,,none_recorded,Sammamish,98074
2442,2014-06-13,ADDR_1fd53b71e874db50,210000.0,2.0,1.75,1440,5680,1.0,0,0,4,36,0,0.0,0,14.0,valid_year,Des Moines,98198
2508,2014-06-13,ADDR_8d53b5cdfedafc09,540000.0,5.0,3.0,3610,9775,2.0,0,0,3,11,0,0.0,0,,none_recorded,Maple Valley,98038
2510,2014-06-13,ADDR_c457b790556bf0ab,795000.0,4.0,3.5,3200,3250,2.0,0,0,3,7,1,0.165625,0,,none_recorded,Issaquah,98029
2451,2014-06-13,ADDR_ba8cc91d9072f1a3,810000.0,3.0,1.75,1980,13503,1.0,0,2,4,62,1,0.3333333333333333,0,,none_recorded,Bellevue,98008
2485,2014-06-13,ADDR_b8ddb9775b1e0b7a,325000.0,3.0,2.5,2070,8337,2.0,0,0,3,17,0,0.0,0,,none_recorded,Kent,98030
2483,2014-06-13,ADDR_38a121bb5761699c,910000.0,5.0,2.5,2350,4000,2.0,0,0,3,21,0,0.0,0,,none_recorded,Seattle,98112
2448,2014-06-13,ADDR_9db35bd3667fcf31,350000.0,3.0,1.75,1820,9545,1.0,0,0,3,38,1,0.3241758241758242,0,,none_recorded,Lake Forest Park,98155
2450,2014-06-13,ADDR_075587345ffc92e8,370000.0,2.0,1.0,900,4600,1.0,0,0,3,63,0,0.0,0,20.0,valid_year,Seattle,98117
2501,2014-06-13,ADDR_57139c4b276c96df,1695000.0,2.0,2.25,3170,3000,2.0,0,2,5,114,1,0.3722397476340694,0,,none_recorded,Seattle,98109
2465,2014-06-13,ADDR_e6ed352ca5735cd7,345000.0,2.0,1.5,1800,26615,1.0,0,0,5,27,1,0.3111111111111111,0,,none_recorded,Auburn,98092
2460,2014-06-13,ADDR_d3c90ff794627cdc,205000.0,3.0,1.0,1290,6566,1.0,0,0,5,38,0,0.0,0,,none_recorded,Federal Way,98023
2500,2014-06-13,ADDR_c23f66ed599a06d2,589000.0,3.0,2.0,2250,8800,1.0,0,0,4,89,1,0.4444444444444444,0,46.0,valid_year,Seattle,98116
2476,2014-06-13,ADDR_2bfc777ca4731085,590000.0,4.0,2.5,2010,7972,2.0,0,0,4,25,0,0.0,0,,none_recorded,Issaquah,98029
2454,2014-06-13,ADDR_488738fb62a6e809,775000.0,4.0,2.0,3140,10875,1.0,0,1,3,75,1,0.3821656050955414,0,45.0,valid_year,Seattle,98199
2504,2014-06-13,ADDR_baa695b91a69e2d8,718500.0,3.0,2.0,2910,6600,2.0,0,0,4,114,1,0.3402061855670103,0,26.0,valid_year,Seattle,98118
2499,2014-06-13,ADDR_154d5041c6fc6f00,799000.0,3.0,2.5,2860,4442,2.0,0,0,3,14,0,0.0,0,,none_recorded,Seattle,98199
2497,2014-06-13,ADDR_ff8c6059cba4cea9,330000.0,3.0,2.5,1070,1155,2.0,0,0,3,9,1,0.32710280373831774,0,,none_recorded,Seattle,98116
2513,2014-06-13,ADDR_24769f062f8c33d1,385000.0,4.0,2.5,2050,5276,2.0,0,0,3,8,0,0.0,0,,none_recorded,Renton,98059
2439,2014-06-13,ADDR_29af3cb9fafc23ef,822500.0,5.0,3.5,2320,4960,2.0,0,0,5,88,1,0.25862068965517243,0,,none_recorded,Seattle,98103
2470,2014-06-13,ADDR_733785ba62eab9de,370000.0,4.0,2.5,2220,5338,2.0,0,0,3,13,0,0.0,0,,none_recorded,Renton,98059
2475,2014-06-13,ADDR_785ee7840c096f27,305000.0,3.0,1.5,1210,5240,1.0,0,0,4,31,1,0.49586776859504134,0,,none_recorded,Seattle,98106
2453,2014-06-13,ADDR_11e39e47844b88a7,1030000.0,4.0,2.5,2750,4800,2.0,0,0,3,109,1,0.2872727272727273,0,9.0,valid_year,Seattle,98103
2457,2014-06-13,ADDR_04b616f810caebe5,499950.0,3.0,1.0,1830,3000,1.5,0,0,3,88,1,0.2185792349726776,0,11.0,valid_year,Seattle,98103
2469,2014-06-13,ADDR_b2d85fb4e2210635,890000.0,4.0,2.25,2770,13500,2.0,0,0,3,40,0,0.0,0,,none_recorded,Mercer Island,98040
2474,2014-06-13,ADDR_5babbe9d5a22f6e9,615000.0,3.0,1.75,2350,20820,1.0,0,0,4,36,1,0.23404255319148937,0,14.0,valid_year,Sammamish,98074
2478,2014-06-13,ADDR_095be51ba531d3a2,215000.0,2.0,1.0,710,7200,1.0,0,0,3,71,0,0.0,0,12.0,valid_year,Seattle,98178
2445,2014-06-13,ADDR_c9113252384a11fd,285000.0,3.0,1.75,1840,8601,1.0,0,0,3,109,1,0.5,0,0.0,valid_year,Seattle,98118
4492,2014-06-13,ADDR_8188bf87106b99db,738190.86,3.0,2.5,2300,3060,1.5,0,0,3,84,1,0.34347826086956523,0,12.0,valid_year,Seattle,98115
2506,2014-06-13,ADDR_988353812c5521e7,556000.0,3.0,1.75,1640,7437,1.0,0,0,3,66,1,0.3353658536585366,0,20.0,valid_year,Seattle,98126
2444,2014-06-13,ADDR_2587b8b687077902,1125000.0,6.0,3.75,3010,4360,2.0,0,0,3,0,1,0.33554817275747506,0,,none_recorded,Seattle,98103
2502,2014-06-13,ADDR_abb5db15ca3f3241,538000.0,3.0,1.0,1460,7200,1.0,0,0,3,108,1,0.136986301369863,0,0.0,valid_year,Seattle,98103
2514,2014-06-13,ADDR_3240e2680ba0d7d6,415500.0,4.0,2.5,1750,4779,2.0,0,0,3,5,0,0.0,0,,none_recorded,Kenmore,98028
2461,2014-06-13,ADDR_4ba51fcda07aeb65,435000.0,3.0,1.75,1500,8173,1.0,0,0,3,17,0,0.0,0,,none_recorded,Kirkland,98034
2486,2014-06-13,ADDR_56768864c8f80af6,513000.0,4.0,2.75,2020,7070,1.0,0,0,5,56,1,0.5,0,,none_recorded,Seattle,98126
2481,2014-06-13,ADDR_72434e64726efafc,849900.0,2.0,2.0,2280,641203,2.0,0,0,3,24,0,0.0,0,5.0,valid_year,Vashon,98070
2482,2014-06-13,ADDR_a7c7285f915f1ecf,975000.0,5.0,2.75,3100,10014,1.0,0,2,4,41,1,0.4645161290322581,0,,none_recorded,Mercer Island,98040
2490,2014-06-13,ADDR_bc91abd9b7e63196,1120000.0,5.0,1.5,2540,6660,2.0,0,3,4,60,1,0.07874015748031496,0,35.0,valid_year,Seattle,98136
2517,2014-06-14,ADDR_41247054e31149d3,883000.0,4.0,2.5,2960,41656,2.0,0,0,3,29,0,0.0,0,,none_recorded,Woodinville,98072
2518,2014-06-14,ADDR_e010d1b98c56aabe,850000.0,5.0,2.75,2920,11880,1.0,0,0,5,46,1,0.4315068493150685,0,,none_recorded,Issaquah,98027
2521,2014-06-14,ADDR_65f35b9392d62fdd,735000.0,4.0,2.75,2450,4187,2.0,0,2,3,4,0,0.0,0,,none_recorded,Issaquah,98029
2516,2014-06-14,ADDR_8252f67e069700ee,530000.0,3.0,2.5,1930,7214,2.0,0,0,3,9,0,0.0,0,,none_recorded,Seattle,98125
2519,2014-06-14,ADDR_81583d5eac248c7c,496752.0,2.0,1.0,1980,5000,1.0,0,0,4,91,1,0.4494949494949495,0,,none_recorded,Seattle,98144
2522,2014-06-14,ADDR_082176b46b0492c4,525000.0,4.0,2.75,2360,4924,2.0,0,0,3,6,0,0.0,0,,none_recorded,Kenmore,98028
2520,2014-06-14,ADDR_7a8d9827e5584002,330000.0,3.0,1.75,1430,8865,1.0,0,0,3,64,0,0.0,0,9.0,valid_year,Seattle,98125
2515,2014-06-14,ADDR_ee635cde854daaa5,397500.0,3.0,2.0,1510,6710,1.0,0,0,3,42,1,0.2913907284768212,0,12.0,valid_year,Kirkland,98034
2524,2014-06-15,ADDR_8e50e7df4d3b7b65,650000.0,3.0,1.75,2140,9484,1.0,0,0,3,61,1,0.397196261682243,0,,none_recorded,Bellevue,98004
4495,2014-06-15,ADDR_267f23b4e59127cb,1036200.0,4.0,3.25,2500,5801,1.5,0,0,3,88,1,0.216,0,11.0,valid_year,Seattle,98112
2527,2014-06-15,ADDR_84318122f68f7042,506000.0,5.0,3.0,2430,8000,1.0,0,0,4,57,1,0.43621399176954734,0,13.0,valid_year,Bellevue,98008
2526,2014-06-15,ADDR_48a780949fa6e261,652500.0,4.0,2.5,2700,9122,2.0,0,0,3,24,0,0.0,0,5.0,valid_year,Issaquah,98029
2523,2014-06-15,ADDR_1b1aa0d715b8ed6e,269950.0,3.0,2.5,1890,4838,2.0,0,0,3,12,1,0.08465608465608465,0,,none_recorded,Tukwila,98168
2528,2014-06-15,ADDR_927b950281a56e64,416000.0,3.0,1.0,1110,12150,1.0,0,0,4,57,0,0.0,0,13.0,valid_year,Bellevue,98008
2525,2014-06-15,ADDR_70580e145a47a790,520500.0,3.0,2.0,1900,8100,1.0,0,0,4,74,1,0.5,0,13.0,valid_year,Seattle,98115
2613,2014-06-16,ADDR_0dbfb21a7f3cb475,798800.0,3.0,2.75,2670,3738,1.0,0,0,3,1,1,0.35580524344569286,0,,invalid_year,Renton,98056
2596,2014-06-16,ADDR_d93d04890138ef94,699850.0,4.0,3.5,2690,6164,2.0,0,0,3,12,0,0.0,0,,none_recorded,Sammamish,98075
2558,2014-06-16,ADDR_e4c74ff22f6e7469,410000.0,4.0,2.0,1580,9581,1.0,0,0,3,61,0,0.0,0,,none_recorded,Kirkland,98033
2590,2014-06-16,ADDR_529a62f97f165612,518000.0,4.0,2.5,1740,7500,1.0,0,0,4,38,1,0.2988505747126437,0,22.0,valid_year,Redmond,98052
2616,2014-06-16,ADDR_6dc7498d9f9601fe,320000.0,3.0,2.25,1200,1400,3.0,0,0,3,9,0,0.0,0,,none_recorded,Seattle,98133
2531,2014-06-16,ADDR_5a7ee2f00642b78c,371025.0,3.0,2.0,1530,8925,1.0,0,0,3,37,0,0.0,0,10.0,valid_year,Bothell,98011
2554,2014-06-16,ADDR_eb2e5f07656d3b36,235000.0,2.0,1.5,880,1805,2.0,0,0,3,15,0,0.0,0,,none_recorded,Seattle,98133
4344,2014-06-16,ADDR_e0026b6d1ab74fe7,230000.0,3.0,1.75,1400,6956,1.0,0,0,4,57,0,0.0,0,13.0,valid_year,Kent,98031
2560,2014-06-16,ADDR_4f56a4f1c4dc74cc,680000.0,4.0,2.75,2500,4950,2.0,0,0,3,4,0,0.0,0,,none_recorded,Redmond,98053
4496,2014-06-16,ADDR_15ed12978625d9de,163785.71,2.0,1.0,760,5500,1.5,0,0,3,67,0,0.0,0,2.0,valid_year,Seattle,98168
2591,2014-06-16,ADDR_1b07fd31d86e16b0,899950.0,4.0,3.5,3290,5414,2.0,0,1,3,8,1,0.2826747720364742,0,,none_recorded,Kirkland,98034
2603,2014-06-16,ADDR_fb0a654f0170b883,340000.0,3.0,2.5,1212,1174,3.0,0,0,3,10,0,0.0,0,,invalid_year,Seattle,98125
2547,2014-06-16,ADDR_5dafad5edc921083,300000.0,5.0,3.0,1940,6355,1.0,0,0,3,7,1,0.38144329896907214,0,,none_recorded,Seattle,98168
2610,2014-06-16,ADDR_19610c5980eb050f,850000.0,4.0,3.5,4140,7089,2.0,0,0,3,11,1,0.23671497584541062,0,,none_recorded,Kirkland,98034
2599,2014-06-16,ADDR_e7d1eeb28cb9eeb1,650000.0,4.0,2.75,2610,4160,3.0,0,0,5,104,1,0.2681992337164751,0,,none_recorded,Seattle,98103
2601,2014-06-16,ADDR_ebfef55182213d65,220000.0,3.0,2.0,1410,7998,1.0,0,0,4,74,0,0.0,0,13.0,valid_year,Tukwila,98178
2615,2014-06-16,ADDR_f0aa4095afe743bd,852880.0,4.0,3.25,3450,6184,2.0,0,0,3,0,0,0.0,0,,none_recorded,Sammamish,98074
2571,2014-06-16,ADDR_a65767a6b0b5a999,418000.0,4.0,1.5,1220,10580,1.0,0,0,3,49,0,0.0,0,21.0,valid_year,Bellevue,98008
2578,2014-06-16,ADDR_db8122d51bbabab5,862000.0,4.0,2.5,3190,14565,2.0,0,0,3,24,0,0.0,0,5.0,valid_year,Woodinville,98077
2568,2014-06-16,ADDR_caacd5a650ae9ce2,545000.0,3.0,2.5,1940,9775,1.0,0,2,3,39,1,0.25773195876288657,0,,none_recorded,Kirkland,98034
2597,2014-06-16,ADDR_0ea4eae35bc7a2ff,450000.0,6.0,2.25,3550,11780,1.0,0,0,4,66,1,0.16619718309859155,0,,none_recorded,Seattle,98125
2548,2014-06-16,ADDR_db6f973167560952,304000.0,4.0,2.0,1810,8750,1.0,0,0,2,47,1,0.3867403314917127,0,,none_recorded,Renton,98058
2600,2014-06-16,ADDR_a4194a7724f4c95f,378000.0,5.0,2.5,2760,8015,1.0,0,0,4,54,1,0.42028985507246375,0,13.0,valid_year,Seattle,98125
2621,2014-06-16,ADDR_5937d3f9cadb738f,542525.0,4.0,2.5,2650,5600,2.0,0,0,3,0,0,0.0,0,,none_recorded,Renton,98059
2533,2014-06-16,ADDR_4f8e9e77828f6574,353500.0,4.0,2.25,1760,9602,2.0,0,0,3,27,0,0.0,0,14.0,valid_year,Renton,98058
2619,2014-06-16,ADDR_69e60a4b1dc16cb6,492500.0,5.0,2.5,2570,9962,2.0,0,0,3,8,0,0.0,0,,none_recorded,Duvall,98019
2604,2014-06-16,ADDR_ec16e2f9f998255a,921000.0,4.0,1.5,2220,9496,1.0,0,0,4,60,1,0.32882882882882886,0,35.0,valid_year,Bellevue,98004
2565,2014-06-16,ADDR_d0a23d28d83a93e0,825000.0,4.0,2.5,2810,9800,1.0,0,0,4,41,1,0.3914590747330961,0,,none_recorded,Bellevue,98006
2573,2014-06-16,ADDR_43e894a82b3fb800,150000.0,3.0,1.5,1230,8056,1.0,0,0,4,65,0,0.0,0,29.0,valid_year,Burien,98168
2585,2014-06-16,ADDR_3b9a4cacacc7c6e8,1712500.0,3.0,3.25,2940,5432,3.0,0,3,4,36,1,0.17006802721088435,0,14.0,valid_year,Seattle,98109
2532,2014-06-16,ADDR_67fad6c40a4b2046,576000.0,4.0,2.5,2440,28405,2.0,0,0,3,12,0,0.0,0,,none_recorded,Kenmore,98028
2538,2014-06-16,ADDR_1dd8c516e6c730ec,825000.0,4.0,1.5,1890,6938,1.5,0,0,3,95,0,0.0,0,13.0,valid_year,Seattle,98116
2587,2014-06-16,ADDR_26b3ca3b94fde537,465000.0,3.0,2.25,2670,7500,1.0,0,0,4,48,1,0.3857677902621723,0,,none_recorded,Burien,98166
2579,2014-06-16,ADDR_6eb48230d736d757,524000.0,2.0,1.0,1120,2000,1.5,0,0,3,104,0,0.0,0,8.0,valid_year,Seattle,98109
2569,2014-06-16,ADDR_adaeb18b1e293713,435000.0,3.0,2.5,2300,9521,2.0,0,0,3,11,0,0.0,0,,none_recorded,Duvall,98019
2551,2014-06-16,ADDR_02d9c375553ae84b,963000.0,4.0,3.5,3280,6603,2.0,0,0,3,7,0,0.0,0,,none_recorded,Bellevue,98006
2539,2014-06-16,ADDR_6afb5bb705f1c990,265000.0,3.0,1.0,1000,9150,1.0,0,0,3,45,0,0.0,0,4.0,valid_year,Renton,98059
2598,2014-06-16,ADDR_9619112b493fcd60,455000.0,2.0,1.5,1310,12196,1.5,0,0,3,44,0,0.0,0,0.0,valid_year,Redmond,98052
2572,2014-06-16,ADDR_6db532c6461cbfeb,499000.0,3.0,1.75,1750,12325,1.0,0,0,4,46,1,0.16,0,,none_recorded,Redmond,98052
2542,2014-06-16,ADDR_27042485dd56be7d,554000.0,3.0,3.5,3380,108900,2.0,0,0,3,15,1,0.20118343195266272,0,,none_recorded,Renton,98058
2606,2014-06-16,ADDR_ea798ee8a18eabe6,999000.0,4.0,2.75,2800,19168,2.0,0,0,3,22,0,0.0,0,,none_recorded,Sammamish,98075
2605,2014-06-16,ADDR_87ca2bf2632a6100,375000.0,4.0,2.5,2040,109336,1.5,0,0,4,41,0,0.0,0,,none_recorded,Maple Valley,98038
2617,2014-06-16,ADDR_5d141913d689e614,749995.0,4.0,3.25,3430,9870,2.0,0,0,3,0,0,0.0,0,,none_recorded,Bothell,98011
2564,2014-06-16,ADDR_13e794e18b848404,445000.0,3.0,1.75,1890,32340,1.5,0,3,3,38,0,0.0,0,,none_recorded,Vashon,98070
4497,2014-06-16,ADDR_929e6a945c15ebd1,351250.0,4.0,1.75,1580,5340,1.0,0,0,3,67,1,0.2848101265822785,0,2.0,valid_year,Seattle,98144
2577,2014-06-16,ADDR_6510931ba87e4b18,660000.0,6.0,1.75,1840,2774,1.0,0,0,3,114,1,0.42391304347826086,0,9.0,valid_year,Seattle,98122
2559,2014-06-16,ADDR_650f25fa3dc35839,566000.0,4.0,2.25,2170,7737,2.0,0,0,3,27,0,0.0,0,14.0,valid_year,Sammamish,98074
2574,2014-06-16,ADDR_2f93efc17fe639e2,759950.0,3.0,2.5,3100,23790,2.0,0,0,3,12,0,0.0,0,,none_recorded,Sammamish,98075
2583,2014-06-16,ADDR_c07259ad7aa9dbf1,220000.0,4.0,2.5,2240,9826,1.0,0,0,4,26,1,0.38839285714285715,0,,none_recorded,Federal Way,98023
2566,2014-06-16,ADDR_6b86acdb5dfa8f5f,1095000.0,4.0,4.0,3530,8400,2.0,0,0,5,56,1,0.254957507082153,0,,none_recorded,Seattle,98199
2545,2014-06-16,ADDR_4afc8fdb266c7454,530000.0,4.0,2.5,2050,6360,2.0,0,0,3,26,0,0.0,0,14.0,valid_year,Issaquah,98029
2543,2014-06-16,ADDR_8c851d7971a275e0,534500.0,3.0,2.5,1700,3150,2.0,0,0,3,9,0,0.0,0,,none_recorded,Issaquah,98029
2544,2014-06-16,ADDR_312caad6d5a94194,690000.0,2.0,1.75,1600,4000,1.0,0,0,5,96,1,0.46875,0,,none_recorded,Seattle,98112
2546,2014-06-16,ADDR_c71cbe9ea87575b3,357186.0,2.0,1.75,1210,1040,2.0,0,0,3,0,0,0.0,0,,none_recorded,Issaquah,98029
2556,2014-06-16,ADDR_b4b01061f46c5dce,470000.0,3.0,1.5,1510,8000,1.0,0,0,4,58,0,0.0,0,,none_recorded,Bellevue,98007
2537,2014-06-16,ADDR_3d443aece8e16b3f,460000.0,2.0,1.5,1090,4000,1.0,0,0,3,63,1,0.11009174311926606,0,20.0,valid_year,Seattle,98116
2552,2014-06-16,ADDR_508e172368a68701,792500.0,4.0,2.5,4290,175421,2.0,0,0,3,10,0,0.0,0,,invalid_year,Ravensdale,98051
2593,2014-06-16,ADDR_ca9f285882f58881,385000.0,4.0,2.5,2960,5054,2.0,0,0,3,8,0,0.0,0,,none_recorded,Maple Valley,98038
2589,2014-06-16,ADDR_36d451187b82bfba,565000.0,4.0,2.75,3130,139392,2.0,0,0,4,33,0,0.0,0,,none_recorded,Kent,98030
2561,2014-06-16,ADDR_52c04df97a759bfc,332000.0,1.0,1.0,960,2640,1.0,0,0,3,106,1,0.20833333333333334,0,26.0,valid_year,Seattle,98112
2614,2014-06-16,ADDR_22d1eafdc76a8b91,284000.0,3.0,2.5,1880,6008,2.0,0,0,3,5,0,0.0,0,,none_recorded,Kent,98042
2555,2014-06-16,ADDR_970a6a16c620b526,667000.0,3.0,1.5,1720,8100,2.0,0,0,3,107,0,0.0,0,31.0,valid_year,Seattle,98107
2602,2014-06-16,ADDR_a6663075efe42f11,285500.0,4.0,1.75,1960,7950,1.0,0,0,4,47,0,0.0,0,,none_recorded,Federal Way,98023
2608,2014-06-16,ADDR_5e7f0c1166afde36,1920000.0,4.0,2.5,3070,34412,1.0,0,3,4,64,1,0.3257328990228013,0,31.0,valid_year,Medina,98039
2549,2014-06-16,ADDR_5a4c869cef40cc97,385000.0,4.0,1.75,1690,4080,1.0,0,0,4,30,1,0.48520710059171596,0,,none_recorded,Seattle,98144
2563,2014-06-16,ADDR_c3036fed2b8a819f,500000.0,3.0,1.75,1540,10800,1.0,0,0,5,67,1,0.5,0,,none_recorded,Mercer Island,98040
2612,2014-06-16,ADDR_57f8dbe3cf4b2f93,523950.0,3.0,2.25,1420,1282,3.0,0,0,3,8,0,0.0,0,,none_recorded,Seattle,98103
2534,2014-06-16,ADDR_e156aadb931638dd,1735000.0,4.0,2.25,3040,5000,2.0,0,3,4,88,1,0.3157894736842105,0,21.0,valid_year,Seattle,98105
2584,2014-06-16,ADDR_6f6009bc8000c68b,460000.0,2.0,1.0,890,2100,1.0,0,0,4,95,1,0.14606741573033707,0,29.0,valid_year,Seattle,98107
2553,2014-06-16,ADDR_a352578567b460df,309212.0,3.0,1.75,1150,9600,1.0,0,0,3,35,0,0.0,0,0.0,valid_year,North Bend,98045
2586,2014-06-16,ADDR_8451a81142785049,175000.0,3.0,1.5,1220,7300,1.0,0,0,3,41,0,0.0,0,1.0,valid_year,Auburn,98001
2575,2014-06-16,ADDR_c94d1859ba96c7ba,427000.0,3.0,2.5,1830,65340,1.0,0,0,3,23,1,0.16939890710382513,0,,none_recorded,North Bend,98045
2540,2014-06-16,ADDR_0c8e4947e02158ab,295000.0,3.0,1.75,1770,8235,1.0,0,0,3,54,1,0.4180790960451977,0,2.0,valid_year,Burien,98148
2582,2014-06-16,ADDR_89662204288ee24c,575000.0,4.0,2.5,2120,9603,2.0,0,0,3,29,0,0.0,0,,none_recorded,Issaquah,98027
2536,2014-06-16,ADDR_2dc4729d00508755,763101.0,3.0,1.75,1990,5560,1.0,0,0,4,75,1,0.4472361809045226,0,25.0,valid_year,Seattle,98105
2592,2014-06-16,ADDR_30cb55575b2ed1ed,373000.0,3.0,1.0,1770,5720,1.5,0,0,4,88,1,0.3559322033898305,0,21.0,valid_year,Seattle,98126
2611,2014-06-16,ADDR_273392cc57024e29,429000.0,5.0,2.5,2340,4500,2.0,0,0,3,5,0,0.0,0,,none_recorded,Renton,98059
2622,2014-06-16,ADDR_056304f2efbfeba5,435000.0,3.0,2.0,1980,2674,3.0,0,0,3,7,0,0.0,0,,none_recorded,Seattle,98136
2620,2014-06-16,ADDR_6c17de700f1e1c0f,685000.0,4.0,3.5,2840,4637,3.0,0,0,3,6,0,0.0,0,,none_recorded,Seattle,98125
2557,2014-06-16,ADDR_8096376df6f62568,375000.0,4.0,2.0,1240,3000,1.0,0,0,3,106,1,0.16129032258064516,0,26.0,valid_year,Seattle,98122
2580,2014-06-16,ADDR_89812f17b7fb77e8,470000.0,3.0,1.5,1760,6723,1.0,0,0,3,56,1,0.3409090909090909,0,10.0,valid_year,Seattle,98118
2530,2014-06-16,ADDR_53171d67a6a41572,460000.0,3.0,1.75,1550,4708,1.0,0,0,4,65,1,0.44516129032258067,0,29.0,valid_year,Seattle,98115
2570,2014-06-16,ADDR_f733f116efa0fb51,638000.0,3.0,2.5,2110,3600,2.0,0,0,3,9,0,0.0,0,,none_recorded,Redmond,98052
2618,2014-06-16,ADDR_05e7b59ea501ffe4,468500.0,3.0,2.5,1350,1186,2.0,0,0,3,7,1,0.17037037037037037,0,,none_recorded,Seattle,98117
2562,2014-06-16,ADDR_01c6506ad38f8214,902000.0,4.0,2.5,3030,8507,2.0,0,0,3,11,0,0.0,0,,none_recorded,Kirkland,98033
2588,2014-06-16,ADDR_88e609c7ddd08512,552000.0,3.0,1.0,1120,2300,1.0,0,0,4,102,1,0.26785714285714285,0,25.0,valid_year,Seattle,98117
2535,2014-06-16,ADDR_e1a7fa4dea0ae7d0,183000.0,3.0,1.75,1070,8100,1.0,0,0,4,57,0,0.0,0,13.0,valid_year,Auburn,98002
2609,2014-06-16,ADDR_df0fbf886c4d19c2,385000.0,2.0,1.0,830,26329,1.0,1,3,4,86,0,0.0,0,,none_recorded,Vashon,98070
2550,2014-06-16,ADDR_7384bf213d38f7e1,415000.0,4.0,2.0,1800,2970,1.0,0,0,4,91,1,0.4444444444444444,0,,none_recorded,Seattle,98115
2581,2014-06-16,ADDR_2f49401677ee89ea,385000.0,3.0,2.0,1590,9912,2.0,0,0,3,14,0,0.0,0,,none_recorded,Vashon,98070
2594,2014-06-16,ADDR_bc2b39bba9d3ea52,245000.0,2.0,1.0,1200,4880,1.0,0,0,3,71,1,0.18333333333333332,0,12.0,valid_year,Seattle,98106
2529,2014-06-16,ADDR_19314acc6f9811f7,500000.0,4.0,2.75,2280,15347,1.0,0,0,5,54,0,0.0,0,,none_recorded,Newcastle,98059
2607,2014-06-16,ADDR_c1b56c54346fdb86,335000.0,3.0,1.5,2040,6000,1.0,0,0,3,57,1,0.3431372549019608,0,14.0,valid_year,Seattle,98118
2576,2014-06-16,ADDR_8be8561bd8990cea,632500.0,5.0,2.5,2640,7096,2.0,0,0,3,11,0,0.0,0,,none_recorded,Redmond,98053
2567,2014-06-16,ADDR_c110893b930919cb,277000.0,3.0,1.0,1100,8536,1.0,0,0,4,57,0,0.0,0,13.0,valid_year,Seattle,98118
2595,2014-06-16,ADDR_a486544fa715121a,375000.0,4.0,2.0,2400,6000,2.0,0,0,3,101,0,0.0,0,69.0,valid_year,Bothell,98011
2541,2014-06-16,ADDR_a8dc0e45ba643f7b,418000.0,4.0,3.0,2360,6250,1.0,0,2,3,54,1,0.3813559322033898,0,2.0,valid_year,Seattle,98118
2668,2014-06-17,ADDR_88b073be3b6d55b3,320000.0,3.0,1.0,860,5060,1.5,0,0,3,87,0,0.0,0,3.0,valid_year,Seattle,98133
2672,2014-06-17,ADDR_69ed69ad742c2e39,479000.0,2.0,2.25,1230,932,2.0,0,0,3,10,1,0.17073170731707318,0,,invalid_year,Seattle,98112
2625,2014-06-17,ADDR_9a5d6d23b19a9fa9,837700.0,5.0,2.75,3010,12611,2.0,0,0,3,20,0,0.0,0,,none_recorded,Redmond,98052
2693,2014-06-17,ADDR_23cb9101b531e003,675000.0,6.0,1.75,2740,6360,1.0,0,3,3,61,1,0.5,0,,none_recorded,Seattle,98146
2689,2014-06-17,ADDR_010ab756a7b6c2c2,729000.0,3.0,1.0,1580,3840,2.0,0,0,3,106,0,0.0,0,26.0,valid_year,Seattle,98102
2630,2014-06-17,ADDR_c8add7385f932a96,235000.0,3.0,1.75,1190,7280,1.0,0,0,4,46,0,0.0,0,,none_recorded,Auburn,98092
2705,2014-06-17,ADDR_90727bc60972b908,294999.0,4.0,2.5,1660,9760,2.0,0,0,3,20,0,0.0,0,,none_recorded,Kent,98030
2623,2014-06-17,ADDR_c73e96b02ea9cbbe,242000.0,3.0,1.75,1280,7524,1.5,0,0,4,26,0,0.0,0,,none_recorded,Kent,98031
2717,2014-06-17,ADDR_23ba0e636d5ab870,720000.0,4.0,2.5,2650,11520,2.0,0,0,3,26,1,0.2037735849056604,0,14.0,valid_year,Kirkland,98033
2701,2014-06-17,ADDR_a5b8f9ef9d994a42,253000.0,3.0,1.5,880,6600,1.0,0,0,5,69,0,0.0,0,,none_recorded,Seattle,98178
2697,2014-06-17,ADDR_d5089dd6d0067eea,310000.0,4.0,2.0,1870,6000,1.5,0,0,3,58,0,0.0,0,13.0,valid_year,Seattle,98125
2678,2014-06-17,ADDR_5e8e4d127b67465e,382500.0,4.0,2.5,2210,7079,2.0,0,0,3,21,0,0.0,0,,none_recorded,Kent,98031
2631,2014-06-17,ADDR_6ab0dce52d2fb9fd,259000.0,3.0,2.0,1870,5909,1.0,0,0,3,28,1,0.32085561497326204,0,,none_recorded,Kent,98030
2686,2014-06-17,ADDR_ee35721014947f8d,493000.0,4.0,1.75,2030,18295,1.5,0,0,4,39,0,0.0,0,,none_recorded,Kirkland,98034
2714,2014-06-17,ADDR_5552fd48571a6fe1,1728000.0,4.0,3.0,3700,20570,1.0,0,0,4,38,1,0.5,0,22.0,valid_year,Bellevue,98004
2652,2014-06-17,ADDR_7e821912f2274b66,738500.0,3.0,2.5,2300,6009,1.0,0,0,3,9,0,0.0,0,,none_recorded,Redmond,98053
2703,2014-06-17,ADDR_9314c3ff162a9670,554000.0,4.0,1.0,1120,7104,1.5,0,0,3,68,0,0.0,0,,none_recorded,Seattle,98177
2681,2014-06-17,ADDR_228a041710475f83,840000.0,4.0,3.5,3860,18334,2.0,0,0,3,18,1,0.19170984455958548,0,,none_recorded,Woodinville,98077
2641,2014-06-17,ADDR_d5655cd85674a56c,605500.0,3.0,2.5,2830,6536,2.0,0,0,3,25,0,0.0,0,,none_recorded,Woodinville,98072
2691,2014-06-17,ADDR_e0d322eacb66a1fa,465000.0,2.0,2.0,1494,19271,2.0,1,4,3,71,0,0.0,0,17.0,valid_year,Vashon,98070
2709,2014-06-17,ADDR_1963f09ab8c65092,725000.0,4.0,2.75,2630,7505,2.0,0,0,3,20,0,0.0,0,,none_recorded,Redmond,98052
2683,2014-06-17,ADDR_32b6abcfbf473db1,402000.0,3.0,1.5,1450,7375,1.0,0,0,3,46,1,0.30344827586206896,0,17.0,valid_year,Kirkland,98034
2676,2014-06-17,ADDR_ddb53681fb473ef3,440000.0,4.0,2.0,1450,8400,1.5,0,0,4,52,0,0.0,0,,none_recorded,Kirkland,98034
2667,2014-06-17,ADDR_817c8d8f75f0ae15,605000.0,3.0,2.25,2010,10760,2.0,0,0,3,29,0,0.0,0,,none_recorded,Redmond,98052
2707,2014-06-17,ADDR_17e7835178de42d0,752000.0,4.0,2.5,2940,10382,2.0,0,0,4,23,0,0.0,0,,none_recorded,Newcastle,98059
2637,2014-06-17,ADDR_be3a0ec586f61f10,499500.0,3.0,2.5,2970,21907,2.0,0,0,3,16,0,0.0,0,8.0,valid_year,Renton,98059
2666,2014-06-17,ADDR_fff3f56eaf035b38,854000.0,4.0,2.75,3150,38865,1.0,0,0,3,28,1,0.2126984126984127,0,,none_recorded,Redmond,98052
2695,2014-06-17,ADDR_4fc314c3532e7742,809000.0,3.0,2.5,2590,7720,2.0,0,0,3,26,0,0.0,0,14.0,valid_year,Bellevue,98007
2669,2014-06-17,ADDR_5de15218a9e44340,229950.0,3.0,2.0,1410,7466,1.0,0,0,3,31,0,0.0,0,5.0,valid_year,Renton,98058
2649,2014-06-17,ADDR_13210ff3156501cb,260000.0,3.0,1.75,1440,12888,1.0,0,2,3,56,1,0.24305555555555555,0,10.0,valid_year,Tukwila,98168
2640,2014-06-17,ADDR_150d9fbf7528154f,550000.0,3.0,1.75,2240,78225,2.0,0,0,5,38,0,0.0,0,,none_recorded,Vashon,98070
2653,2014-06-17,ADDR_769363a16f6a4204,545000.0,4.0,2.25,2030,11585,1.0,0,0,4,47,1,0.21674876847290642,0,,none_recorded,Redmond,98052
2710,2014-06-17,ADDR_e587d9b93391d193,345000.0,4.0,2.75,2250,7412,1.0,0,0,4,39,1,0.3422222222222222,0,,none_recorded,Renton,98058
2632,2014-06-17,ADDR_70b0adcdb68755a1,866059.0,5.0,3.5,3130,4797,2.0,0,0,3,0,1,0.17891373801916932,0,,none_recorded,Bellevue,98006
2656,2014-06-17,ADDR_04550e2790c0cd08,170000.0,4.0,1.0,1920,13787,1.0,0,0,4,48,1,0.3645833333333333,0,,none_recorded,SeaTac,98188
2677,2014-06-17,ADDR_81b0eeb47ba35a3c,506000.0,3.0,1.75,2180,7700,1.0,0,0,3,53,1,0.3211009174311927,0,10.0,valid_year,Shoreline,98177
2700,2014-06-17,ADDR_e2746e4832e86bee,1538000.0,3.0,2.25,2880,7599,1.0,0,2,3,56,1,0.40625,0,12.0,valid_year,Kirkland,98033
2711,2014-06-17,ADDR_bd348f00a6887cf5,206000.0,3.0,1.0,1320,7000,1.0,0,0,4,47,0,0.0,0,,none_recorded,Auburn,98002
4503,2014-06-17,ADDR_b7c35bdc3ad6efa5,329333.33,3.0,1.75,1160,22470,1.0,0,0,4,38,0,0.0,0,22.0,valid_year,Kenmore,98028
2664,2014-06-17,ADDR_6beb0e928e82036c,669000.0,4.0,2.75,2700,35362,2.0,0,0,5,38,0,0.0,0,,none_recorded,Woodinville,98077
2671,2014-06-17,ADDR_84552342df611729,1170000.0,4.0,2.5,2570,6251,2.0,0,0,3,14,0,0.0,0,,none_recorded,Bellevue,98004
2661,2014-06-17,ADDR_37e086a2489cefbb,380000.0,4.0,2.5,2150,37647,2.0,0,0,3,23,0,0.0,0,,none_recorded,Kent,98042
2660,2014-06-17,ADDR_a015ff960b385409,1010000.0,3.0,3.25,2420,1923,2.0,0,2,3,8,1,0.2396694214876033,0,,none_recorded,Seattle,98109
2721,2014-06-17,ADDR_51b20e59812850b6,286800.0,3.0,2.5,1413,3600,2.0,0,0,3,3,0,0.0,0,,none_recorded,Kent,98031
2674,2014-06-17,ADDR_e4c948751faaa4bf,472000.0,3.0,2.5,1180,1262,3.0,0,0,3,4,0,0.0,0,,none_recorded,Seattle,98119
2687,2014-06-17,ADDR_c7663f0d71ed5503,142500.0,4.0,0.75,1440,13300,1.0,0,0,3,66,0,0.0,0,20.0,valid_year,Burien,98166
2626,2014-06-17,ADDR_7f63fb30c7bedea2,210000.0,1.0,1.0,930,7129,1.0,0,0,3,66,0,0.0,0,20.0,valid_year,Seattle,98133
2663,2014-06-17,ADDR_2958a848af2b6f99,1008000.0,4.0,3.5,2650,3060,2.0,0,0,3,13,1,0.22264150943396227,0,,none_recorded,Seattle,98103
2648,2014-06-17,ADDR_de83fa24dbcf989b,250000.0,4.0,2.5,1800,8100,2.0,0,0,3,16,0,0.0,0,8.0,valid_year,Maple Valley,98038
2690,2014-06-17,ADDR_a133ddafb22d1614,465000.0,2.0,2.75,1430,1425,2.0,0,0,3,8,1,0.3041958041958042,0,,none_recorded,Seattle,98112
2708,2014-06-17,ADDR_aa4ab929677fbbc2,451000.0,4.0,2.5,1670,3315,2.0,0,0,3,9,0,0.0,0,,none_recorded,Issaquah,98029
2718,2014-06-17,ADDR_a666891c57bfdafc,824000.0,7.0,4.25,3670,4000,2.0,0,1,3,50,1,0.23705722070844687,0,14.0,valid_year,Seattle,98199
2657,2014-06-17,ADDR_cffe75b469b35e68,616000.0,4.0,2.5,2490,12929,2.0,0,0,3,31,0,0.0,0,5.0,valid_year,Sammamish,98074
4505,2014-06-17,ADDR_c19a8159dc13fe8a,331366.67,3.0,2.5,1270,2509,2.0,0,0,3,10,0,0.0,0,,invalid_year,Seattle,98106
2692,2014-06-17,ADDR_f9f810d0c23724ea,280000.0,4.0,2.25,1930,7207,1.0,0,0,4,26,1,0.29533678756476683,0,,none_recorded,Kent,98030
2644,2014-06-17,ADDR_df27ec53c14aacb3,247200.0,3.0,1.75,1370,8719,1.0,0,0,3,32,0,0.0,0,,none_recorded,Covington,98042
2675,2014-06-17,ADDR_9212d7b67f92b146,198000.0,3.0,1.5,1430,7347,1.0,0,0,3,34,1,0.42657342657342656,0,,none_recorded,Federal Way,98023
2670,2014-06-17,ADDR_c9c27115f7f574dc,255000.0,3.0,1.75,1700,7532,1.0,0,0,3,27,0,0.0,0,14.0,valid_year,Kent,98030
2696,2014-06-17,ADDR_a55cbe7a79acac9b,400000.0,3.0,2.25,2140,11266,2.0,0,0,3,28,0,0.0,0,,none_recorded,Duvall,98019
2702,2014-06-17,ADDR_9cd3a9256a12dd8b,330000.0,3.0,2.5,3040,7232,2.0,0,0,3,11,0,0.0,0,,none_recorded,Auburn,98092
2665,2014-06-17,ADDR_64d3b8a403845a7f,260000.0,3.0,1.5,1270,20700,1.0,0,0,2,66,1,0.09448818897637795,0,,none_recorded,Lake Forest Park,98155
4499,2014-06-17,ADDR_4e07b6503193eadf,171224.8,3.0,1.0,1140,8366,1.0,0,0,5,71,0,0.0,0,,none_recorded,Renton,98058
2719,2014-06-17,ADDR_04c2e809e8b7f793,936000.0,3.0,1.75,2960,12420,1.0,0,2,4,62,1,0.5,0,,none_recorded,Seattle,98116
4504,2014-06-17,ADDR_d16035a55a6e27dc,225279.43,3.0,2.25,2110,7665,1.0,0,0,4,41,1,0.35545023696682465,0,,none_recorded,Federal Way,98023
2698,2014-06-17,ADDR_b7bbcc76b5129fab,435000.0,2.0,1.0,1230,3800,1.0,0,0,3,86,0,0.0,0,60.0,valid_year,Seattle,98115
2624,2014-06-17,ADDR_c4b3dea3da8d1457,325000.0,4.0,2.5,2610,7091,2.0,0,0,3,27,0,0.0,0,14.0,valid_year,Federal Way,98023
2627,2014-06-17,ADDR_c4265d7beb549361,187500.0,3.0,1.5,1180,7000,1.0,0,0,4,37,0,0.0,0,,none_recorded,Federal Way,98023
2658,2014-06-17,ADDR_f4a2420101cb7a11,640000.0,3.0,2.0,1380,4800,1.0,0,0,3,66,0,0.0,0,20.0,valid_year,Seattle,98119
2682,2014-06-17,ADDR_e98511d592919fc1,479500.0,3.0,2.75,2300,4637,2.0,0,0,3,6,0,0.0,0,,none_recorded,Snoqualmie,98065
2724,2014-06-17,ADDR_baa6ccb069106053,435000.0,3.0,2.25,1230,1238,2.0,0,0,3,5,1,0.12195121951219512,0,,none_recorded,Seattle,98199
2716,2014-06-17,ADDR_fc45780f630bebf4,430000.0,3.0,1.0,980,7200,1.0,0,0,4,64,0,0.0,0,31.0,valid_year,Seattle,98116
2642,2014-06-17,ADDR_80a6837bb9b92b4f,421000.0,3.0,2.5,2890,21780,2.0,0,0,3,14,0,0.0,0,,none_recorded,SeaTac,98188
2688,2014-06-17,ADDR_f046b3055bb03813,250000.0,3.0,1.75,1160,6134,1.0,0,0,3,16,0,0.0,0,8.0,valid_year,Auburn,98002
2643,2014-06-17,ADDR_72f49f0857240e55,536000.0,4.0,2.25,1990,5948,2.0,0,0,3,23,0,0.0,0,,none_recorded,Issaquah,98029
2659,2014-06-17,ADDR_a8ce4658044a0c14,332000.0,3.0,2.5,1530,9406,1.0,0,0,3,21,1,0.16993464052287582,0,,none_recorded,Renton,98059
4502,2014-06-17,ADDR_73f4877d2d6e002f,233166.67,3.0,2.0,1570,7000,2.0,0,2,4,43,1,0.33121019108280253,0,,none_recorded,Seattle,98122
2639,2014-06-17,ADDR_39436c23a6b49e24,458000.0,4.0,1.5,1550,3000,1.5,0,0,3,96,1,0.12903225806451613,0,,none_recorded,Seattle,98105
2636,2014-06-17,ADDR_659cc209001755a1,475000.0,3.0,2.25,2280,5750,1.0,0,1,4,29,1,0.4956140350877193,0,,none_recorded,Seattle,98116
2712,2014-06-17,ADDR_f80d6e31cfbf6ad6,2027000.0,4.0,3.75,4100,22798,1.5,0,3,5,80,1,0.3804878048780488,0,35.0,valid_year,Mercer Island,98040
2699,2014-06-17,ADDR_38a721f7054aa62c,465950.0,4.0,2.5,2340,6896,2.0,0,0,3,13,0,0.0,0,,none_recorded,Renton,98059
4501,2014-06-17,ADDR_26b71d241116cc64,540000.0,3.0,2.75,2750,18029,1.0,0,2,5,36,1,0.3418181818181818,0,,none_recorded,Bellevue,98006
2654,2014-06-17,ADDR_97a50111721be845,342000.0,2.0,1.0,740,6180,1.0,0,0,3,66,0,0.0,0,20.0,valid_year,Seattle,98118
2629,2014-06-17,ADDR_9a80347a3b703239,272000.0,3.0,2.0,1380,7476,1.0,0,0,3,25,0,0.0,0,,none_recorded,Auburn,98001
2684,2014-06-17,ADDR_2c455ba956411f7c,549000.0,2.0,2.5,1380,953,3.0,0,0,3,8,0,0.0,0,,none_recorded,Seattle,98103
2655,2014-06-17,ADDR_580ee287c8cbf381,4668000.0,5.0,6.75,9640,13068,1.0,1,4,3,31,1,0.5,0,5.0,valid_year,Mercer Island,98040
2646,2014-06-17,ADDR_2e2d1232324cb157,204950.0,4.0,1.75,1740,9344,1.0,0,0,3,36,1,0.3218390804597701,0,,none_recorded,Federal Way,98023
2680,2014-06-17,ADDR_c7a833a3d0e4ae91,560000.0,3.0,2.0,2340,3477,1.0,0,1,5,43,1,0.5,0,,none_recorded,Seattle,98118
4506,2014-06-17,ADDR_ee83e98d129c6275,460886.92,4.0,2.5,3250,4500,2.0,0,0,3,5,0,0.0,0,,none_recorded,Renton,98059
2720,2014-06-17,ADDR_899d46e588c46f97,535000.0,4.0,2.75,3070,7201,2.0,0,0,3,8,0,0.0,0,,none_recorded,Renton,98059
2634,2014-06-17,ADDR_6ac2281b1897d868,405000.0,3.0,1.5,1880,7400,1.0,0,0,3,46,1,0.2127659574468085,0,17.0,valid_year,Lake Forest Park,98155
2713,2014-06-17,ADDR_14946d6e14bca4ee,2475000.0,3.0,3.25,4340,4947,2.0,0,3,3,21,1,0.29493087557603687,0,,none_recorded,Seattle,98107
2704,2014-06-17,ADDR_682f14ca46a60062,350000.0,3.0,2.0,1380,3600,3.0,0,0,3,1,0,0.0,0,,invalid_year,Seattle,98122
2723,2014-06-17,ADDR_3d319d1ee414e642,345000.0,3.0,2.5,1680,2229,2.0,0,0,3,7,0,0.0,0,,none_recorded,Shoreline,98155
2715,2014-06-17,ADDR_29c317f27041dc1e,580000.0,5.0,2.0,2700,10875,1.0,0,0,4,52,1,0.42962962962962964,0,,none_recorded,Bellevue,98007
2650,2014-06-17,ADDR_1aaad097f6877080,547000.0,4.0,1.0,1720,2800,1.5,0,0,4,88,1,0.3023255813953488,0,21.0,valid_year,Seattle,98115
2679,2014-06-17,ADDR_b87c8eca66ca6a21,269500.0,2.0,1.5,1480,7276,1.0,0,0,4,36,1,0.36486486486486486,0,14.0,valid_year,Renton,98056
2725,2014-06-17,ADDR_ce77abf683af9e4d,1555000.0,3.0,3.5,4360,6240,2.0,0,3,3,6,1,0.3211009174311927,0,,none_recorded,Seattle,98103
4498,2014-06-17,ADDR_da00c554ac22b6b7,645325.0,3.0,2.5,2670,10481,2.0,0,0,3,11,0,0.0,0,,none_recorded,Kirkland,98033
2633,2014-06-17,ADDR_23da73deb9e05cf8,473000.0,2.0,1.0,900,5100,1.0,0,0,4,105,0,0.0,0,25.0,valid_year,Seattle,98117
2685,2014-06-17,ADDR_edd73443f5dc4d65,449950.0,4.0,2.5,2470,3811,2.0,0,0,3,15,0,0.0,0,,none_recorded,Snoqualmie,98065
2628,2014-06-17,ADDR_b4b61ed810bb3841,560000.0,5.0,1.0,1710,9100,1.5,0,0,4,88,1,0.22807017543859648,0,21.0,valid_year,Seattle,98126
2706,2014-06-17,ADDR_b275208ec056a4d7,1185001.0,3.0,2.75,2500,5568,2.0,0,0,5,109,0,0.0,0,,none_recorded,Seattle,98112
2694,2014-06-17,ADDR_ee82de883fce6040,667500.0,3.0,2.0,1880,3800,1.0,0,0,5,87,1,0.4521276595744681,0,,none_recorded,Seattle,98115
2662,2014-06-17,ADDR_640a446ff3d9efda,415000.0,4.0,2.0,1610,9600,1.0,0,0,5,47,0,0.0,0,,none_recorded,Newcastle,98056
2673,2014-06-17,ADDR_6baf0021197bbb74,1200000.0,4.0,3.5,4170,9748,2.0,0,0,3,10,0,0.0,0,,invalid_year,Newcastle,98059
2651,2014-06-17,ADDR_d840184e2df21896,379900.0,5.0,3.5,2800,7350,2.0,0,0,3,19,0,0.0,0,,none_recorded,Seattle,98106
2635,2014-06-17,ADDR_4b0f74be6b073902,870000.0,4.0,4.25,3010,4887,2.0,0,3,4,63,1,0.3554817275747508,0,18.0,valid_year,Seattle,98115
2638,2014-06-17,ADDR_1902ea9ffbf556d1,386000.0,2.0,2.5,1620,3196,2.0,0,0,3,6,0,0.0,0,,none_recorded,Snoqualmie,98065
2722,2014-06-17,ADDR_24e8cee5ebfede3e,350000.0,2.0,2.5,1260,1347,3.0,0,0,3,9,0,0.0,0,,none_recorded,Seattle,98103
2645,2014-06-17,ADDR_f2cef9ac1dfb67cf,250000.0,2.0,1.5,1088,1360,2.0,0,0,3,31,0,0.0,0,5.0,valid_year,Kirkland,98034
2647,2014-06-17,ADDR_e1c6ec4b9f0a763e,430000.0,3.0,2.0,1730,9000,1.0,0,0,3,36,1,0.20809248554913296,0,,none_recorded,Issaquah,98027
2726,2014-06-17,ADDR_1d9d91c9c79f3abc,1325000.0,4.0,4.0,4420,16526,2.0,0,0,3,1,0,0.0,0,,invalid_year,Sammamish,98075
2784,2014-06-18,ADDR_3ae8301ac53718f8,240000.0,2.0,1.0,670,10920,1.0,0,0,3,72,0,0.0,0,15.0,valid_year,Seattle,98146
2785,2014-06-18,ADDR_a49809e845afbc43,574950.0,5.0,3.25,3160,10000,2.0,0,0,4,34,0,0.0,0,,none_recorded,Issaquah,98027
2745,2014-06-18,ADDR_e01bf960d1b6a695,384400.0,3.0,3.25,1689,1388,3.0,0,0,3,6,0,0.0,0,,none_recorded,Seattle,98125
2733,2014-06-18,ADDR_9c9fb0fd8dffb92e,475000.0,3.0,1.75,1700,8432,1.0,0,0,3,37,1,0.27647058823529413,0,10.0,valid_year,Seattle,98125
2790,2014-06-18,ADDR_c333316e9a11ef29,507000.0,4.0,1.75,1770,9375,1.0,0,0,4,46,1,0.3389830508474576,0,,none_recorded,Redmond,98052
2793,2014-06-18,ADDR_4f0868f7e73f75cf,424000.0,3.0,2.0,1670,7700,1.0,0,0,3,42,1,0.2994011976047904,0,12.0,valid_year,Kirkland,98034
4511,2014-06-18,ADDR_48d86079902a4e28,690408.62,4.0,2.5,3210,14910,2.0,0,0,3,19,0,0.0,0,,none_recorded,Sammamish,98074
2777,2014-06-18,ADDR_ca486342ffe4410f,850000.0,5.0,3.5,3450,28324,1.0,0,0,5,42,1,0.3188405797101449,0,,none_recorded,Kirkland,98033
2773,2014-06-18,ADDR_7c5a14755bf41f55,3000000.0,4.0,4.25,4850,12445,2.0,1,4,5,25,1,0.20618556701030927,0,,none_recorded,Kirkland,98034
2801,2014-06-18,ADDR_b95858e6797f5a24,825000.0,4.0,3.5,3810,9792,2.0,0,0,3,76,0,0.0,0,1.0,valid_year,Seattle,98146
2762,2014-06-18,ADDR_7d5c965a68f0df27,4489000.0,4.0,3.0,6430,27517,2.0,0,0,3,13,0,0.0,0,,none_recorded,Bellevue,98004
2769,2014-06-18,ADDR_b400431363501d65,230000.0,2.0,1.0,1080,9435,1.0,0,0,3,56,0,0.0,0,10.0,valid_year,Renton,98058
2752,2014-06-18,ADDR_52ec00fdbf031b8c,264000.0,4.0,1.75,1820,8118,1.0,0,0,4,34,1,0.4065934065934066,0,,none_recorded,Kent,98031
2736,2014-06-18,ADDR_583c0f027ea9955d,284950.0,3.0,1.0,990,10723,1.0,0,0,5,54,0,0.0,0,,none_recorded,Renton,98059
2749,2014-06-18,ADDR_2e5ee5bffa2c0866,507000.0,5.0,3.25,3850,16249,2.0,0,2,3,12,1,0.21298701298701297,0,,none_recorded,Auburn,98092
2787,2014-06-18,ADDR_222f6488f786f595,1160000.0,4.0,3.5,4680,9700,2.0,0,0,3,9,1,0.28205128205128205,0,,none_recorded,Bellevue,98006
2778,2014-06-18,ADDR_2b48226d75d8c198,410000.0,4.0,2.0,1970,10500,1.0,0,0,3,53,1,0.07614213197969544,0,10.0,valid_year,Burien,98166
2814,2014-06-18,ADDR_2ecfe92c35b49284,267000.0,3.0,2.25,1584,2800,2.0,0,0,3,2,0,0.0,0,,invalid_year,Auburn,98002
2796,2014-06-18,ADDR_09fcf8762ee71af3,300000.0,3.0,1.0,910,7700,1.0,0,0,4,43,0,0.0,0,,none_recorded,Kirkland,98034
2772,2014-06-18,ADDR_e50bb8f153b903ae,650000.0,3.0,1.75,2920,9370,1.0,0,0,4,33,1,0.4452054794520548,0,,none_recorded,Bellevue,98006
2760,2014-06-18,ADDR_8a26b5aa417de9fe,562000.0,5.0,3.0,2795,15101,2.0,0,0,3,18,0,0.0,0,,none_recorded,Duvall,98019
2774,2014-06-18,ADDR_9702684ab957de95,192500.0,3.0,1.0,1080,8580,1.5,0,0,3,114,0,0.0,0,9.0,valid_year,Tukwila,98168
2799,2014-06-18,ADDR_98520f4a55b4b1b9,515500.0,4.0,2.5,2920,7700,2.0,0,0,3,11,0,0.0,0,,none_recorded,Duvall,98019
2800,2014-06-18,ADDR_e62b7da0162f35fd,554000.0,5.0,2.25,1870,11411,1.0,0,0,4,53,1,0.37433155080213903,0,13.0,valid_year,Lake Forest Park,98155
2758,2014-06-18,ADDR_22b45030b0af856a,325000.0,3.0,2.75,2200,7000,1.0,0,0,4,37,1,0.41818181818181815,0,,none_recorded,Renton,98058
2729,2014-06-18,ADDR_1e71ac117c5c8ffa,1384000.0,4.0,3.25,4290,12103,1.0,0,3,3,17,1,0.372960372960373,0,,none_recorded,Bellevue,98006
2761,2014-06-18,ADDR_f356c38e6faee90a,540000.0,4.0,2.5,2050,34222,2.0,0,0,4,25,0,0.0,0,,none_recorded,Woodinville,98077
2754,2014-06-18,ADDR_5faabe4e39bbf0d3,365000.0,3.0,2.5,2640,6715,2.0,0,0,3,23,1,0.36363636363636365,0,,none_recorded,Renton,98058
2734,2014-06-18,ADDR_e6d78622900416e4,250275.0,2.0,1.0,790,11234,1.0,0,0,4,72,0,0.0,0,32.0,valid_year,Normandy Park,98166
2728,2014-06-18,ADDR_7d6d181bdefb06c8,770000.0,3.0,2.25,2910,10204,2.0,0,0,3,24,0,0.0,0,5.0,valid_year,Redmond,98052
2804,2014-06-18,ADDR_ca2e6b5a980156a5,299000.0,5.0,2.5,2220,9360,1.0,0,0,4,46,1,0.5,0,,none_recorded,Renton,98058
2757,2014-06-18,ADDR_b240304ca0a53681,295000.0,3.0,2.0,1380,8682,1.0,0,0,4,48,0,0.0,0,,none_recorded,Des Moines,98148
2780,2014-06-18,ADDR_da7dcc3539dcfb35,469000.0,5.0,2.5,2240,7543,1.0,0,0,3,48,1,0.49107142857142855,0,,invalid_year,Shoreline,98177
2743,2014-06-18,ADDR_c995ff2147ad0e63,975000.0,4.0,2.5,4270,43386,1.0,0,0,3,23,1,0.37236533957845436,0,,none_recorded,Redmond,98053
2738,2014-06-18,ADDR_3e1b084adc7f3866,242000.0,3.0,2.0,1260,8092,1.0,0,0,3,28,0,0.0,0,,none_recorded,Maple Valley,98038
2797,2014-06-18,ADDR_d620f80a19457db1,615000.0,5.0,2.25,2480,12070,2.0,0,0,3,36,0,0.0,0,,none_recorded,Sammamish,98074
2792,2014-06-18,ADDR_ae4770b7a6128873,688000.0,3.0,3.0,3450,16200,2.0,0,0,3,31,0,0.0,0,5.0,valid_year,Sammamish,98074
2763,2014-06-18,ADDR_03cc59eb72a36d9d,279950.0,5.0,1.75,2150,7171,1.0,0,0,4,44,1,0.3209302325581395,0,,none_recorded,Kent,98031
2808,2014-06-18,ADDR_ce2c23ea7e074448,564000.0,2.0,2.0,1690,4500,1.0,0,0,3,10,0,0.0,0,,invalid_year,Redmond,98053
2748,2014-06-18,ADDR_3d8979bb6e25af2a,764000.0,4.0,2.5,2790,7938,2.0,0,0,3,17,0,0.0,0,,none_recorded,Sammamish,98074
2768,2014-06-18,ADDR_5254906357ffffa2,1400000.0,3.0,2.0,2020,5500,1.5,0,3,3,77,1,0.11386138613861387,0,15.0,valid_year,Seattle,98199
2731,2014-06-18,ADDR_54cacdc6aab86246,322500.0,4.0,2.5,1820,6753,2.0,0,0,3,20,0,0.0,0,,none_recorded,Maple Valley,98038
2786,2014-06-18,ADDR_100da67674703451,180000.0,3.0,2.25,1990,6350,2.0,0,0,3,47,0,0.0,0,3.0,valid_year,Des Moines,98198
2756,2014-06-18,ADDR_b2d15d327ba91686,375000.0,3.0,2.5,1950,6871,2.0,0,0,3,17,0,0.0,0,,none_recorded,Shoreline,98155
2802,2014-06-18,ADDR_9066b08e84cbe698,855000.0,4.0,2.25,2190,4080,2.0,0,0,3,96,1,0.1780821917808219,0,,none_recorded,Seattle,98119
2783,2014-06-18,ADDR_62730549100e6c98,568450.0,5.0,3.5,3260,58806,2.0,0,0,4,45,0,0.0,0,,none_recorded,Kent,98042
2737,2014-06-18,ADDR_24ebc41d7abecdf1,264950.0,4.0,1.75,1770,9011,1.0,0,0,5,31,1,0.4067796610169492,0,,none_recorded,Covington,98042
2739,2014-06-18,ADDR_87a5611bfa971bb6,913000.0,4.0,2.5,3640,10576,2.0,0,0,3,15,0,0.0,0,,none_recorded,Sammamish,98075
2803,2014-06-18,ADDR_32c1d9755d93237e,315000.0,3.0,2.5,1730,6368,2.0,0,0,3,21,0,0.0,0,,none_recorded,Maple Valley,98038
2759,2014-06-18,ADDR_a6a3cc8dcc1462c8,265000.0,4.0,1.5,2050,7100,1.0,0,0,3,51,1,0.4878048780487805,0,6.0,valid_year,Auburn,98001
2732,2014-06-18,ADDR_debd039cd192158f,1600000.0,6.0,5.0,6050,230652,2.0,0,3,3,13,0,0.0,0,,none_recorded,Fall City,98024
2750,2014-06-18,ADDR_e1f277cf8ced81da,545500.0,3.0,2.5,1560,9361,1.5,0,0,4,78,1,0.1282051282051282,0,,none_recorded,Seattle,98108
2817,2014-06-18,ADDR_5bb88b94d9331cdf,485000.0,2.0,2.5,1430,923,3.0,0,0,3,6,1,0.013986013986013986,0,,none_recorded,Seattle,98103
2806,2014-06-18,ADDR_a33691e729c012d5,465000.0,3.0,1.75,1510,4800,1.0,0,2,3,89,1,0.4304635761589404,0,3.0,valid_year,Seattle,98126
2805,2014-06-18,ADDR_25b3c0d28aad1934,650000.0,3.0,1.5,1320,8114,1.0,0,0,3,63,0,0.0,0,20.0,valid_year,Bellevue,98004
2730,2014-06-18,ADDR_d5ccce80e734e433,330000.0,3.0,2.5,1600,26977,2.0,0,0,3,9,0,0.0,0,,none_recorded,Duvall,98019
2791,2014-06-18,ADDR_e68b9a0c880f2fe5,287500.0,4.0,2.5,2570,9000,1.0,0,0,4,35,1,0.38132295719844356,0,,none_recorded,Federal Way,98023
2775,2014-06-18,ADDR_9a0b0bba951d89cb,239950.0,3.0,1.75,1670,6900,1.0,0,0,3,36,1,0.2994011976047904,0,,none_recorded,Federal Way,98023
2727,2014-06-18,ADDR_23ff9f3dddf58d2e,461000.0,3.0,3.25,2770,6278,2.0,0,0,3,8,1,0.2851985559566787,0,,none_recorded,Renton,98056
2767,2014-06-18,ADDR_4a8a246348ca066e,440000.0,4.0,2.5,2410,4780,2.0,0,0,3,14,0,0.0,0,,none_recorded,Snoqualmie,98065
2794,2014-06-18,ADDR_889a3bc435958381,400000.0,3.0,1.75,1050,6150,1.5,0,0,4,86,1,0.09523809523809523,0,,none_recorded,Seattle,98116
2741,2014-06-18,ADDR_909a8e6e55c016df,711000.0,4.0,1.75,1980,10800,1.0,0,0,5,66,1,0.5,0,29.0,valid_year,Mercer Island,98040
2740,2014-06-18,ADDR_654312dff287c432,555000.0,3.0,1.75,2040,6000,1.0,0,0,5,56,1,0.45098039215686275,0,,none_recorded,Seattle,98116
2735,2014-06-18,ADDR_8c781d90ba3f557c,274500.0,3.0,2.25,1720,9000,1.0,0,0,4,45,1,0.23255813953488372,0,,none_recorded,Federal Way,98023
2779,2014-06-18,ADDR_75e915af439d02f2,570000.0,4.0,2.5,2290,6738,2.0,0,0,3,18,0,0.0,0,,none_recorded,Issaquah,98029
2771,2014-06-18,ADDR_5462c60822568fa4,175000.0,2.0,1.0,660,5000,1.0,0,0,3,99,0,0.0,0,,none_recorded,Seattle,98106
4507,2014-06-18,ADDR_307cf448d6a4284c,337945.75,2.0,1.0,940,9839,1.0,0,0,3,104,0,0.0,0,8.0,valid_year,Seattle,98136
2764,2014-06-18,ADDR_2fb14fba6efee5b9,540000.0,3.0,1.75,1970,8200,1.0,0,0,5,51,1,0.27918781725888325,0,,none_recorded,Shoreline,98177
2820,2014-06-18,ADDR_28b6212e174e6719,690000.0,3.0,3.25,1540,1428,3.0,0,0,3,1,0,0.0,0,,invalid_year,Seattle,98103
2742,2014-06-18,ADDR_b3ee1f34579ac8d7,403500.0,5.0,2.5,3600,17300,1.0,0,0,4,46,1,0.33055555555555555,0,,none_recorded,Normandy Park,98166
2782,2014-06-18,ADDR_e24fe4ab1ab9db81,739888.0,3.0,2.5,2420,43177,2.0,0,4,4,25,1,0.30165289256198347,0,,none_recorded,Sammamish,98075
2818,2014-06-18,ADDR_1b65c8beceb7f7e3,482000.0,3.0,3.25,1380,1120,3.0,0,0,3,6,0,0.0,0,,none_recorded,Seattle,98103
2795,2014-06-18,ADDR_9109e39686d5e6e8,620000.0,4.0,2.5,1910,7683,2.0,0,0,3,27,0,0.0,0,14.0,valid_year,Issaquah,98027
2770,2014-06-18,ADDR_bfd8896e935985c9,455000.0,3.0,1.75,1180,14292,1.0,0,0,3,33,0,0.0,0,1.0,valid_year,North Bend,98045
2744,2014-06-18,ADDR_02d010670cda9ac5,253779.0,4.0,2.0,2030,9600,1.5,0,0,3,67,1,0.2955665024630542,0,2.0,valid_year,SeaTac,98188
2811,2014-06-18,ADDR_1b8d9eb197f2be4d,309000.0,3.0,2.25,1490,1294,2.0,0,0,3,4,1,0.18120805369127516,0,,none_recorded,Seattle,98106
2798,2014-06-18,ADDR_abf9dce25a631e20,206000.0,2.0,1.5,1820,8867,2.0,0,0,3,93,0,0.0,0,14.0,valid_year,Tukwila,98168
2809,2014-06-18,ADDR_160ff361dfaeff40,515000.0,3.0,3.5,1360,1419,2.0,0,0,3,7,1,0.23529411764705882,0,,none_recorded,Seattle,98107
2781,2014-06-18,ADDR_f09b0d6dd21e498c,559000.0,2.0,1.0,1240,6400,1.0,0,1,4,76,1,0.14516129032258066,0,,none_recorded,Seattle,98126
2746,2014-06-18,ADDR_d22289e9c6957f79,646000.0,5.0,2.75,2870,4461,1.0,0,0,3,38,1,0.4250871080139373,0,,none_recorded,Seattle,98107
2816,2014-06-18,ADDR_e416856be05a5c7c,1399950.0,4.0,2.75,3870,10046,2.0,0,0,3,9,0,0.0,0,,none_recorded,Kirkland,98033
2788,2014-06-18,ADDR_02a887cfca68dde7,300000.0,3.0,2.5,1700,3575,2.0,0,0,3,14,0,0.0,0,,none_recorded,Seattle,98108
2813,2014-06-18,ADDR_35f5033b05af56ea,415000.0,4.0,2.5,2020,5501,2.0,0,0,3,4,0,0.0,0,,none_recorded,Renton,98059
2747,2014-06-18,ADDR_945dbdd179cc051e,415000.0,3.0,1.75,1270,4800,1.0,0,0,3,62,0,0.0,0,0.0,valid_year,Seattle,98126
2751,2014-06-18,ADDR_4d44b0a6d0af9ec2,450000.0,3.0,1.75,1180,4080,1.0,0,0,4,86,1,0.3559322033898305,0,,none_recorded,Seattle,98117
2819,2014-06-18,ADDR_9fc4ea6f31c8fdff,535000.0,4.0,2.5,2610,4595,2.0,0,0,3,6,0,0.0,0,,none_recorded,Kenmore,98028
2755,2014-06-18,ADDR_e9e69cbac8f027e1,343566.0,2.0,1.0,1100,4200,1.0,0,0,3,60,0,0.0,0,9.0,valid_year,Seattle,98136
2766,2014-06-18,ADDR_8dd8828a278ee6a8,190000.0,1.0,1.0,720,4800,1.0,0,0,3,100,0,0.0,0,18.0,valid_year,Seattle,98118
2765,2014-06-18,ADDR_c48d81339555c5b8,310000.0,4.0,2.5,2660,12672,1.0,0,0,4,54,1,0.3458646616541353,0,13.0,valid_year,Federal Way,98003
2753,2014-06-18,ADDR_25f57ccace141836,650000.0,5.0,1.75,1260,4500,1.5,0,0,3,88,0,0.0,0,11.0,valid_year,Seattle,98119
4509,2014-06-18,ADDR_dc804b3fa5625b91,243069.23,3.0,1.0,1130,12519,1.0,0,0,3,56,0,0.0,0,10.0,valid_year,Renton,98056
2789,2014-06-18,ADDR_545fa521f992ae6a,630000.0,4.0,2.5,2807,9430,2.0,0,0,3,18,0,0.0,0,,none_recorded,Kenmore,98028
2776,2014-06-18,ADDR_58feb02b3bc8b4a4,175000.0,6.0,1.0,1370,5080,1.5,0,0,3,83,1,0.18248175182481752,0,,none_recorded,Seattle,98106
2807,2014-06-18,ADDR_af64ddc1b45af099,535000.0,3.0,2.0,2120,4080,2.0,0,0,3,11,0,0.0,0,,none_recorded,Redmond,98053
2812,2014-06-18,ADDR_25da61fc647d379d,536751.0,3.0,1.75,1930,6360,1.0,0,0,3,1,0,0.0,0,,invalid_year,Snoqualmie,98065
2815,2014-06-18,ADDR_c13eb652d5407f6c,820000.0,4.0,2.5,3170,8523,2.0,0,0,3,6,0,0.0,0,,none_recorded,Kirkland,98033
2810,2014-06-18,ADDR_170050dff2390f31,580000.0,4.0,2.5,3250,5000,2.0,0,0,3,6,0,0.0,0,,none_recorded,Renton,98059
2908,2014-06-19,ADDR_77f262e821a0e373,232603.0,3.0,1.75,1750,11461,2.0,0,0,4,38,0,0.0,0,22.0,valid_year,Auburn,98002
2877,2014-06-19,ADDR_e5a02b1e9f755048,240000.0,4.0,2.0,1790,14690,1.0,0,1,4,54,1,0.0670391061452514,0,13.0,valid_year,Des Moines,98198
2884,2014-06-19,ADDR_27d7d84180bc8555,1240000.0,4.0,3.5,3820,13224,2.0,0,0,3,24,1,0.14136125654450263,0,5.0,valid_year,Bellevue,98004
2902,2014-06-19,ADDR_5a378000f735e76f,319950.0,2.0,1.0,920,8341,1.0,0,0,3,75,0,0.0,0,45.0,valid_year,Seattle,98146
2835,2014-06-19,ADDR_c79b622b6a445529,659500.0,4.0,3.0,2620,18362,1.0,0,0,4,58,1,0.2862595419847328,0,,none_recorded,Bellevue,98006
2911,2014-06-19,ADDR_d4dd4f434e569ecf,750000.0,3.0,3.5,3390,10078,2.0,0,0,3,2,1,0.10324483775811209,0,,invalid_year,Newcastle,98059
2824,2014-06-19,ADDR_7b3a238571e3b0f3,210000.0,3.0,2.0,1440,7210,1.0,0,0,3,31,0,0.0,0,5.0,valid_year,Auburn,98092
2860,2014-06-19,ADDR_65467eb1eb594e96,186000.0,3.0,2.0,1340,4320,1.0,0,0,3,102,1,0.31343283582089554,0,21.0,valid_year,Auburn,98002
4513,2014-06-19,ADDR_17d85db068ac6fc1,220083.33,3.0,1.75,1150,8079,1.0,0,0,4,31,0,0.0,0,,none_recorded,Kent,98030
2893,2014-06-19,ADDR_75b32ffb79b47541,507000.0,3.0,2.5,2120,7201,2.0,0,0,3,11,0,0.0,0,,none_recorded,Seattle,98133
4517,2014-06-19,ADDR_184f5dde0379e0f8,323833.33,4.0,1.0,1940,5753,1.5,0,0,3,67,0,0.0,0,2.0,valid_year,Seattle,98177
2829,2014-06-19,ADDR_502b124990ab0aec,450000.0,3.0,1.75,1610,11200,1.0,0,0,3,59,0,0.0,0,9.0,valid_year,Kirkland,98033
2843,2014-06-19,ADDR_7118f07fdf24fc11,350000.0,2.0,1.0,1620,9205,1.0,0,0,5,93,1,0.47530864197530864,0,,none_recorded,Kirkland,98034
2906,2014-06-19,ADDR_8f4408385d1b6cd1,585000.0,4.0,2.5,2840,11044,2.0,0,0,3,13,0,0.0,0,,none_recorded,Kirkland,98034
2852,2014-06-19,ADDR_69ee24080da76c96,506000.0,2.0,1.0,1570,8210,1.0,0,0,4,62,1,0.267515923566879,0,,none_recorded,Seattle,98177
2900,2014-06-19,ADDR_fae5cacac2bcfce2,600000.0,4.0,2.25,3070,8400,2.0,0,0,4,44,0,0.0,0,,none_recorded,Kirkland,98034
2914,2014-06-19,ADDR_701809a038fd2179,330000.0,3.0,2.5,2238,7209,2.0,0,0,3,3,0,0.0,0,,none_recorded,Federal Way,98023
2863,2014-06-19,ADDR_1d87c6bc9e9b35df,287000.0,3.0,2.0,1300,11374,1.5,0,0,5,81,0,0.0,0,,none_recorded,SeaTac,98168
2823,2014-06-19,ADDR_06554be5a63c8614,269900.0,4.0,1.75,1530,8750,1.5,0,0,4,46,0,0.0,0,,none_recorded,Renton,98058
2880,2014-06-19,ADDR_4383a79fd3200fde,1068000.0,5.0,3.5,3990,9938,2.0,0,0,3,13,0,0.0,0,,none_recorded,Newcastle,98059
2825,2014-06-19,ADDR_ae27c8ef1434aa8f,429900.0,4.0,2.5,2640,8625,2.0,0,0,3,27,0,0.0,0,14.0,valid_year,Renton,98058
2836,2014-06-19,ADDR_bcdc9a293fcc954b,200000.0,3.0,1.5,1140,8340,1.0,0,0,3,54,0,0.0,0,2.0,valid_year,Tukwila,98168
2905,2014-06-19,ADDR_05d7fe3f30c50859,390000.0,3.0,2.25,1600,10240,1.0,0,0,3,35,1,0.31875,0,0.0,valid_year,Kirkland,98034
2876,2014-06-19,ADDR_57db31e99080d021,436000.0,2.0,1.0,790,6600,1.0,0,0,3,65,0,0.0,0,16.0,valid_year,Seattle,98122
2840,2014-06-19,ADDR_8c88556bd3e5119a,197500.0,3.0,1.0,1330,5412,2.0,0,0,5,109,0,0.0,0,,none_recorded,Enumclaw,98022
2910,2014-06-19,ADDR_7b9f62aa7e84279a,607500.0,3.0,3.25,1530,1612,3.0,0,0,3,8,0,0.0,0,,none_recorded,Seattle,98107
2867,2014-06-19,ADDR_267059b725208fa8,399888.0,4.0,2.25,1820,8255,1.5,0,0,4,84,1,0.27472527472527475,0,,none_recorded,Seattle,98133
2837,2014-06-19,ADDR_e78eefb709094c50,280000.0,3.0,2.0,1790,42399,1.0,0,0,4,24,0,0.0,0,,none_recorded,Auburn,98092
4515,2014-06-19,ADDR_278252ddda2863af,297857.14,4.0,2.5,3490,5000,2.0,0,0,3,11,0,0.0,0,,none_recorded,Covington,98042
2881,2014-06-19,ADDR_c9b02b74f2b74f68,352450.0,3.0,2.0,1430,6000,1.0,0,0,5,69,0,0.0,0,,none_recorded,Shoreline,98155
2845,2014-06-19,ADDR_545a12b935feacd2,519000.0,3.0,2.75,2020,10744,1.0,0,0,5,60,1,0.3712871287128713,0,,none_recorded,Normandy Park,98166
2866,2014-06-19,ADDR_8b7aea634b7c4ea3,340000.0,3.0,2.5,2480,6112,2.0,0,0,3,10,0,0.0,0,,invalid_year,Renton,98058
2851,2014-06-19,ADDR_e9fc2afe2c789e02,380000.0,4.0,2.25,2150,20181,1.0,0,0,3,51,1,0.4930232558139535,0,6.0,valid_year,Kenmore,98028
2858,2014-06-19,ADDR_d82ad050ac959935,120000.0,2.0,1.0,990,39964,1.0,0,0,2,69,0,0.0,0,,none_recorded,Kent,98042
2864,2014-06-19,ADDR_4d95317b3b03322e,510000.0,4.0,2.5,2610,8031,2.0,0,0,3,16,0,0.0,0,8.0,valid_year,Lake Forest Park,98155
2865,2014-06-19,ADDR_b1e01c48e57925e5,249000.0,3.0,1.0,1050,8498,1.0,0,0,4,55,0,0.0,0,,none_recorded,Kent,98031
2849,2014-06-19,ADDR_087c1b564e34033a,437000.0,2.0,1.75,1440,4225,1.0,0,0,3,9,0,0.0,0,,none_recorded,Redmond,98053
2856,2014-06-19,ADDR_c1cebcc6a2fd9911,520000.0,3.0,1.75,1940,219527,1.0,0,0,3,23,0,0.0,0,,none_recorded,Maple Valley,98038
2869,2014-06-19,ADDR_ef0164f8afba5c94,899000.0,4.0,2.25,2370,6000,1.0,0,2,3,55,1,0.3924050632911392,0,25.0,valid_year,Seattle,98177
2832,2014-06-19,ADDR_324617916ec0a0c6,580000.0,4.0,2.25,2160,9593,1.0,0,0,3,45,0,0.0,0,4.0,valid_year,Bellevue,98008
2912,2014-06-19,ADDR_bef839bd11ccd839,728050.0,3.0,2.5,2320,6775,1.0,0,0,3,6,0,0.0,0,,none_recorded,Redmond,98053
2889,2014-06-19,ADDR_41896d80656eb76e,505000.0,3.0,2.5,1610,4611,2.0,0,0,3,18,0,0.0,0,,none_recorded,Issaquah,98029
2887,2014-06-19,ADDR_e30e2481791e593d,850000.0,2.0,1.75,1590,5136,1.5,0,3,3,87,1,0.16981132075471697,0,3.0,valid_year,Seattle,98199
2839,2014-06-19,ADDR_2b00ebb89ef4cf7e,346150.0,3.0,2.0,2140,7200,1.0,0,0,4,48,1,0.308411214953271,0,,none_recorded,Renton,98056
2904,2014-06-19,ADDR_6cf445ff261d5966,775000.0,4.0,2.75,3010,15992,2.0,0,0,3,18,0,0.0,0,,none_recorded,Sammamish,98075
2903,2014-06-19,ADDR_db19993de59b3753,712000.0,3.0,2.75,3200,6699,2.0,0,0,3,10,0,0.0,0,,invalid_year,Sammamish,98075
2871,2014-06-19,ADDR_b53382ab51fdf610,385000.0,3.0,1.75,2310,11200,1.0,0,0,4,36,1,0.2943722943722944,0,14.0,valid_year,Kent,98030
2861,2014-06-19,ADDR_00b9a1d866ad206e,756000.0,4.0,2.25,2160,5600,1.0,0,0,5,67,1,0.5,0,,none_recorded,Seattle,98119
2898,2014-06-19,ADDR_0ee9ee31fb826d3f,265000.0,3.0,1.75,1840,7300,1.0,0,0,3,48,0,0.0,0,,invalid_year,Federal Way,98023
2859,2014-06-19,ADDR_6146f26ad5571ecb,1440000.0,3.0,3.5,3870,3819,2.0,0,0,3,12,1,0.2868217054263566,0,,none_recorded,Seattle,98102
2827,2014-06-19,ADDR_bf52adbd2f5bbcac,360000.0,4.0,2.5,2850,4650,2.0,0,0,3,10,0,0.0,0,,invalid_year,Maple Valley,98038
2882,2014-06-19,ADDR_a53a753c019fec01,335000.0,4.0,2.0,2030,103672,1.0,0,0,4,45,0,0.0,0,,none_recorded,Enumclaw,98022
4518,2014-06-19,ADDR_624eb7d356aa38fd,309000.0,3.0,2.5,1800,2700,2.0,0,0,3,3,0,0.0,0,,none_recorded,Seattle,98126
2888,2014-06-19,ADDR_9837e082b881adf9,930000.0,5.0,2.0,3530,9385,1.5,0,0,3,89,0,0.0,0,12.0,valid_year,Seattle,98144
2901,2014-06-19,ADDR_b029b8677e43fc5b,470000.0,3.0,2.0,1730,38884,1.0,0,0,3,17,0,0.0,0,,none_recorded,Maple Valley,98038
2891,2014-06-19,ADDR_87766b7d68b3b3c7,275000.0,3.0,1.75,1860,15681,1.0,0,0,4,43,0,0.0,0,,none_recorded,Federal Way,98023
2875,2014-06-19,ADDR_418a6773d0d1c729,232500.0,3.0,1.0,1320,8450,1.0,0,0,3,53,1,0.3333333333333333,0,10.0,valid_year,Federal Way,98023
2833,2014-06-19,ADDR_a8e317a633ca407d,464000.0,3.0,1.0,1320,3625,2.0,0,0,3,114,0,0.0,0,9.0,valid_year,Seattle,98122
4514,2014-06-19,ADDR_0b3947a32eac0186,280000.0,3.0,3.0,3910,19023,2.0,0,0,3,29,0,0.0,0,,none_recorded,Carnation,98014
2907,2014-06-19,ADDR_708de8dfed58ea2a,1027000.0,3.0,2.5,2430,10500,2.0,0,1,3,25,0,0.0,0,,none_recorded,Bellevue,98004
2834,2014-06-19,ADDR_e4d3c924248eecc0,945000.0,2.0,2.5,2540,7089,2.0,0,0,3,10,0,0.0,0,,invalid_year,Seattle,98116
2826,2014-06-19,ADDR_f0825d426815a429,1525000.0,4.0,3.25,3620,5131,2.0,0,3,4,87,1,0.35082872928176795,0,,none_recorded,Seattle,98119
2848,2014-06-19,ADDR_d24dc5ac25099ae4,410000.0,6.0,2.75,2520,9324,1.0,0,0,4,52,1,0.47619047619047616,0,,none_recorded,Lake Forest Park,98155
2909,2014-06-19,ADDR_c4229604746ad168,543000.0,3.0,2.25,1240,949,3.0,0,0,3,6,0,0.0,0,,none_recorded,Seattle,98103
2822,2014-06-19,ADDR_2dcb94fab149ad24,378750.0,3.0,2.5,2160,3000,1.5,0,0,3,105,1,0.4166666666666667,0,3.0,valid_year,Seattle,98118
2873,2014-06-19,ADDR_7658d4282325355b,600000.0,3.0,2.0,2540,237402,1.0,0,0,3,7,0,0.0,0,,none_recorded,Enumclaw,98022
2850,2014-06-19,ADDR_33ddee709e6e1e6d,221000.0,3.0,2.25,1640,7350,1.0,0,0,3,30,1,0.3048780487804878,0,,none_recorded,Federal Way,98003
2874,2014-06-19,ADDR_b4bfdcaee72db65b,450000.0,4.0,2.5,2400,7693,2.0,0,0,3,11,0,0.0,0,,none_recorded,Renton,98059
2838,2014-06-19,ADDR_65df4afd85d9f6a9,1325000.0,4.0,2.5,2440,3600,2.5,0,0,4,112,0,0.0,0,,none_recorded,Seattle,98119
2841,2014-06-19,ADDR_b825b4aa89a47bfc,799000.0,4.0,2.5,2590,7910,2.0,0,0,3,13,0,0.0,0,,none_recorded,Seattle,98115
2899,2014-06-19,ADDR_8c292cad10e967b1,475000.0,3.0,2.5,950,1110,2.0,0,0,3,11,0,0.0,0,,none_recorded,Seattle,98102
2896,2014-06-19,ADDR_fa0928097655d054,310000.0,4.0,1.5,1220,9600,1.0,0,0,3,34,0,0.0,0,,none_recorded,Carnation,98014
2830,2014-06-19,ADDR_7526c16a286316dc,703000.0,3.0,2.0,1360,5980,1.5,0,0,3,69,0,0.0,0,6.0,valid_year,Seattle,98116
2846,2014-06-19,ADDR_13647f57f4764191,590300.0,3.0,1.5,1470,7200,2.0,0,0,4,107,0,0.0,0,,none_recorded,Seattle,98118
2879,2014-06-19,ADDR_bd9756304d298870,680000.0,6.0,2.0,1670,3000,1.0,0,0,5,103,1,0.46107784431137727,0,30.0,valid_year,Seattle,98105
2853,2014-06-19,ADDR_029c39b913939c95,395000.0,4.0,1.0,1980,10350,1.0,0,0,4,46,1,0.2777777777777778,0,,none_recorded,Issaquah,98027
2894,2014-06-19,ADDR_40aff40b1145edfe,619850.0,4.0,2.5,2270,9247,1.0,0,0,5,42,1,0.3392070484581498,0,,none_recorded,Bellevue,98006
2870,2014-06-19,ADDR_32aec1ebfa17c5fb,540500.0,5.0,3.75,3090,7415,2.0,0,0,3,0,0,0.0,0,,none_recorded,Burien,98148
2847,2014-06-19,ADDR_a8c4b9b467247ceb,2200000.0,5.0,4.75,5990,10450,2.0,1,4,3,12,1,0.32387312186978295,0,,none_recorded,Issaquah,98027
2890,2014-06-19,ADDR_1cbfb46c1c643afe,925000.0,4.0,2.5,3280,209088,2.0,0,0,3,20,0,0.0,0,,none_recorded,Redmond,98053
4516,2014-06-19,ADDR_0fade041bfcbf70d,950833.33,5.0,3.0,3330,19126,2.0,0,0,4,37,1,0.21621621621621623,0,,none_recorded,Mercer Island,98040
2862,2014-06-19,ADDR_afc077b22702725e,248000.0,4.0,2.0,2080,13510,1.0,0,0,3,64,1,0.5,0,9.0,valid_year,Seattle,98178
2872,2014-06-19,ADDR_9ceabcb64d5a0ca0,558000.0,4.0,2.25,2060,10358,1.0,0,0,4,52,1,0.3592233009708738,0,,none_recorded,Bellevue,98006
2885,2014-06-19,ADDR_5d62f411d20a6a23,618250.0,4.0,3.25,2520,3360,1.5,0,0,4,83,1,0.38492063492063494,0,,none_recorded,Seattle,98115
2892,2014-06-19,ADDR_6f7e60b6f60ac0d0,499000.0,3.0,1.75,1840,5000,1.0,0,0,4,104,1,0.5,0,,none_recorded,Seattle,98117
4512,2014-06-19,ADDR_b1768003403e175d,592105.71,3.0,2.5,2650,40705,2.0,0,0,3,20,0,0.0,0,,none_recorded,Redmond,98053
2844,2014-06-19,ADDR_2c2ff337b91a677e,720000.0,4.0,2.5,2440,34290,2.0,0,0,3,27,0,0.0,0,14.0,valid_year,Redmond,98053
2883,2014-06-19,ADDR_34684ff8ce051355,549000.0,4.0,1.75,1290,3060,2.0,0,0,4,108,0,0.0,0,24.0,valid_year,Seattle,98103
2842,2014-06-19,ADDR_b77cccde443ff0b0,1309500.0,4.0,4.5,4750,13912,2.0,0,2,3,9,1,0.24210526315789474,0,,none_recorded,Seattle,98118
2854,2014-06-19,ADDR_30456cc350421670,285000.0,3.0,1.0,1210,4731,1.5,0,0,3,113,0,0.0,0,,none_recorded,Seattle,98117
2886,2014-06-19,ADDR_e44653613ff469d7,1815000.0,5.0,3.0,3880,13000,2.0,0,0,3,42,0,0.0,0,11.0,valid_year,Mercer Island,98040
2831,2014-06-19,ADDR_4122e28edc97a066,661000.0,4.0,2.5,2496,8058,2.0,0,0,3,16,0,0.0,0,8.0,valid_year,Redmond,98052
2855,2014-06-19,ADDR_b2abe7688e46da56,311000.0,3.0,1.75,1900,3000,1.5,0,0,5,111,1,0.4368421052631579,0,,none_recorded,Seattle,98118
2821,2014-06-19,ADDR_fd143f4a13bcf5aa,576000.0,3.0,2.5,1940,9000,1.0,0,0,4,66,1,0.5,0,,none_recorded,Seattle,98117
2897,2014-06-19,ADDR_8b5a5bf3dbf4229b,646000.0,4.0,2.5,2310,4079,2.0,0,0,3,6,0,0.0,0,,none_recorded,Seattle,98117
2878,2014-06-19,ADDR_117fd10490b59582,489950.0,3.0,2.25,1820,7326,2.0,0,0,3,31,0,0.0,0,5.0,valid_year,Kirkland,98034
2868,2014-06-19,ADDR_e6e3021ffe45b212,440000.0,3.0,1.75,1170,8740,1.0,0,0,4,46,0,0.0,0,,none_recorded,Redmond,98052
2895,2014-06-19,ADDR_926816eb38330cca,500000.0,3.0,2.5,2840,48716,1.0,0,3,3,20,1,0.3415492957746479,0,,none_recorded,Carnation,98014
2828,2014-06-19,ADDR_83d72a31b40aadd9,405000.0,2.0,1.0,1260,4377,1.0,0,0,4,67,0,0.0,0,26.0,valid_year,Seattle,98103
2857,2014-06-19,ADDR_b48c9f0f6173209e,435000.0,3.0,1.75,1310,8065,1.0,0,0,4,66,0,0.0,0,,none_recorded,Seattle,98117
2913,2014-06-19,ADDR_138b0e5dbb1dc51d,734990.0,4.0,2.5,2650,6884,2.0,0,0,3,2,0,0.0,0,,invalid_year,Redmond,98053
2959,2014-06-20,ADDR_88900e6233686d39,397000.0,4.0,2.5,2320,11717,2.0,0,0,3,17,0,0.0,0,,none_recorded,North Bend,98045
2938,2014-06-20,ADDR_3a81c7a525d7f499,665900.0,4.0,2.25,2870,5453,2.0,0,1,4,88,1,0.2264808362369338,0,21.0,valid_year,Seattle,98146
2966,2014-06-20,ADDR_96ace61685a7aea8,282000.0,4.0,2.0,1890,6302,2.0,0,0,3,17,0,0.0,0,,none_recorded,Kent,98030
2951,2014-06-20,ADDR_44ca17173005d785,332000.0,3.0,2.0,1510,7884,1.0,0,0,3,72,0,0.0,0,0.0,valid_year,Burien,98166
2986,2014-06-20,ADDR_44a1d2d35ade25f6,237000.0,3.0,1.0,1300,8160,1.0,0,0,4,54,0,0.0,0,13.0,valid_year,Renton,98056
3004,2014-06-20,ADDR_1e06cc0756cb0111,489000.0,4.0,2.0,2120,11479,1.0,0,0,4,74,1,0.5,0,13.0,valid_year,Seattle,98125
2997,2014-06-20,ADDR_31e105ca70eab292,800000.0,4.0,2.75,3150,7035,2.0,0,0,3,10,0,0.0,0,,invalid_year,Sammamish,98075
2926,2014-06-20,ADDR_cf2943819a76ed6d,210000.0,2.0,2.0,1680,5756,2.0,0,0,4,104,0,0.0,0,,none_recorded,Auburn,98002
2973,2014-06-20,ADDR_94ea7f123607c009,1462497.0,5.0,3.25,3840,4800,3.0,0,3,3,6,1,0.2838541666666667,0,,none_recorded,Seattle,98144
2937,2014-06-20,ADDR_f4414b4feb9836da,359950.0,3.0,2.25,1940,11612,1.0,0,0,4,33,1,0.4329896907216495,0,,none_recorded,Seattle,98178
2964,2014-06-20,ADDR_1b2f831598195399,329950.0,3.0,2.5,1820,8085,2.0,0,0,3,31,0,0.0,0,5.0,valid_year,Renton,98055
2993,2014-06-20,ADDR_3f89e7a269bf1cd1,355000.0,2.0,1.0,1240,27042,1.0,0,1,3,71,1,0.1935483870967742,0,12.0,valid_year,Vashon,98070
2975,2014-06-20,ADDR_a98083158f769273,355000.0,4.0,2.5,2040,8265,2.0,0,0,3,18,0,0.0,0,,none_recorded,Seattle,98146
2979,2014-06-20,ADDR_40e020933d9dc892,2110000.0,3.0,2.25,3230,17833,2.0,0,0,4,41,0,0.0,0,,none_recorded,Bellevue,98006
2984,2014-06-20,ADDR_9c6cc4f4d9afdb2e,482500.0,4.0,3.0,1630,7626,1.0,0,0,5,24,1,0.31901840490797545,0,,none_recorded,Seattle,98125
2924,2014-06-20,ADDR_d9fc8832b5792380,600000.0,2.0,1.0,1040,3600,1.0,0,0,4,95,0,0.0,0,34.0,valid_year,Seattle,98112
2981,2014-06-20,ADDR_c494869d972ee808,2400000.0,6.0,4.5,5480,10800,2.0,0,3,4,15,1,0.19160583941605838,0,,none_recorded,Seattle,98119
2957,2014-06-20,ADDR_cd81456b882980e6,400000.0,3.0,1.0,1430,10005,1.5,0,0,4,64,0,0.0,0,31.0,valid_year,Seattle,98133
2940,2014-06-20,ADDR_7c59c149bf5aeb32,203000.0,3.0,1.0,1150,7156,1.0,0,0,4,61,0,0.0,0,31.0,valid_year,Burien,98168
2967,2014-06-20,ADDR_5524ff64d1c7a141,250000.0,1.0,1.0,800,16306,1.0,0,0,2,83,1,0.15,0,,none_recorded,Seattle,98168
2971,2014-06-20,ADDR_cd32dedaca167a29,200000.0,2.0,1.0,860,6600,1.0,0,0,5,65,0,0.0,0,,none_recorded,Burien,98168
2988,2014-06-20,ADDR_c583b87f147a426a,623000.0,3.0,2.5,1850,7777,2.0,0,0,5,25,0,0.0,0,,none_recorded,Kirkland,98033
3007,2014-06-20,ADDR_156fc701a7176aea,359900.0,5.0,2.25,2290,7420,1.0,0,0,3,41,1,0.4366812227074236,0,1.0,valid_year,Renton,98058
2991,2014-06-20,ADDR_e2fb693cca76a6c5,405000.0,3.0,1.0,1460,10000,1.5,0,0,3,12,0,0.0,0,,none_recorded,Sammamish,98074
2920,2014-06-20,ADDR_867cb40e5c92f959,245000.0,1.0,0.75,380,15000,1.0,0,0,3,51,0,0.0,0,6.0,valid_year,Burien,98168
2998,2014-06-20,ADDR_fb2105681d1f112a,830000.0,5.0,2.25,2780,10192,2.0,0,0,4,36,0,0.0,0,14.0,valid_year,Bellevue,98007
2916,2014-06-20,ADDR_7555f97fec7771f6,441000.0,3.0,2.75,1910,7280,1.0,0,0,3,35,1,0.39267015706806285,0,0.0,valid_year,Kirkland,98034
2992,2014-06-20,ADDR_71fb0ed23374611b,337000.0,4.0,3.0,2240,8504,2.0,0,0,3,22,0,0.0,0,,none_recorded,Shoreline,98155
2945,2014-06-20,ADDR_37c9f55f9cd9f6b7,477000.0,3.0,1.75,1780,8085,1.0,0,0,3,38,1,0.3202247191011236,0,,none_recorded,Bothell,98011
4520,2014-06-20,ADDR_6a02f0987a6faf71,994500.0,4.0,2.25,2870,6280,1.5,0,0,4,109,1,0.31010452961672474,0,,none_recorded,Seattle,98112
2963,2014-06-20,ADDR_201f15f3160ea371,436500.0,5.0,3.0,3110,12429,1.0,0,0,3,37,1,0.42443729903536975,0,10.0,valid_year,Bothell,98011
2989,2014-06-20,ADDR_1b55e4a22d6acb36,565000.0,4.0,2.75,3260,4900,2.0,0,0,3,1,0,0.0,0,,invalid_year,Renton,98059
2946,2014-06-20,ADDR_8e690763ccd22a69,455000.0,4.0,2.25,2450,21000,1.0,0,2,4,60,1,0.32653061224489793,0,35.0,valid_year,Burien,98166
2977,2014-06-20,ADDR_b9fb8f66a5c57b8b,869000.0,4.0,3.0,3740,30884,2.0,0,0,3,26,1,0.18181818181818182,0,14.0,valid_year,Woodinville,98072
2976,2014-06-20,ADDR_fea9263a1a72b7a0,425000.0,3.0,2.25,1790,10209,1.0,0,0,3,47,1,0.27932960893854747,0,3.0,valid_year,Woodinville,98072
3005,2014-06-20,ADDR_4d8661ff008e0aa0,1240000.0,7.0,5.5,6630,13782,2.0,0,0,3,10,1,0.2564102564102564,0,,invalid_year,Bellevue,98006
2968,2014-06-20,ADDR_0779b77cb43ff564,1135000.0,6.0,4.25,6900,244716,2.0,0,0,4,12,1,0.30144927536231886,0,,none_recorded,Woodinville,98077
3012,2014-06-20,ADDR_6a5e8d8af7774c65,775950.0,4.0,2.5,2970,4400,2.0,0,0,3,0,0,0.0,0,,none_recorded,Redmond,98052
2934,2014-06-20,ADDR_169157ce96f3ab2d,725000.0,4.0,3.25,3940,27591,2.0,0,3,3,14,1,0.12690355329949238,0,,none_recorded,Renton,98059
2990,2014-06-20,ADDR_4b58843fc356bf61,400000.0,4.0,2.25,2420,7927,1.0,0,0,4,41,1,0.4214876033057851,0,,none_recorded,Shoreline,98133
2970,2014-06-20,ADDR_4250c1a0853c1610,681500.0,5.0,2.75,3260,11700,1.0,0,0,3,50,1,0.5,0,14.0,valid_year,Bellevue,98008
3014,2014-06-20,ADDR_4ad5502483c4e40f,654000.0,3.0,3.25,1530,1565,2.0,0,0,3,9,1,0.16339869281045752,0,,none_recorded,Seattle,98122
2953,2014-06-20,ADDR_37eafdeae1d4a247,279000.0,4.0,2.0,2200,7700,1.0,0,0,3,35,1,0.5,0,0.0,valid_year,Renton,98058
2939,2014-06-20,ADDR_82197ddd648d0e07,812000.0,3.0,3.25,3240,8338,2.0,0,0,3,13,0,0.0,0,,none_recorded,Sammamish,98074
3008,2014-06-20,ADDR_23959b5ce33652aa,1080000.0,3.0,3.0,4910,43560,2.0,0,0,4,25,1,0.18533604887983707,0,,none_recorded,Bellevue,98007
2928,2014-06-20,ADDR_9de1178151512d0e,175000.0,2.0,1.0,1020,5130,1.0,0,0,4,66,0,0.0,0,,none_recorded,Auburn,98002
2925,2014-06-20,ADDR_c1cc9e31284baf70,632500.0,4.0,2.5,2090,10306,2.0,0,0,3,28,0,0.0,0,,none_recorded,Sammamish,98074
2917,2014-06-20,ADDR_54b41970f9972772,650000.0,4.0,2.5,3040,6587,2.0,0,0,3,11,0,0.0,0,,none_recorded,Redmond,98053
2983,2014-06-20,ADDR_ad335c4d9821147a,330000.0,3.0,2.25,1860,11227,2.0,0,0,3,19,0,0.0,0,,none_recorded,Maple Valley,98038
2943,2014-06-20,ADDR_f1c1d3ff6fab9694,280000.0,3.0,2.0,1470,8089,1.0,0,0,3,27,0,0.0,0,14.0,valid_year,Des Moines,98198
2929,2014-06-20,ADDR_7603f2a34aa7f36e,455000.0,3.0,2.25,1470,4653,2.0,0,0,4,29,0,0.0,0,,none_recorded,Issaquah,98029
4519,2014-06-20,ADDR_638f428de0b1bcf2,248400.0,3.0,1.75,1880,11249,1.0,0,0,3,29,1,0.2925531914893617,0,,none_recorded,Auburn,98001
2922,2014-06-20,ADDR_f5442062b7e91c2d,660000.0,4.0,3.25,3030,9273,2.0,0,0,5,26,0,0.0,0,,none_recorded,Issaquah,98029
2952,2014-06-20,ADDR_5cafd8cfed23e436,291000.0,3.0,1.5,1860,60960,1.0,0,0,4,47,1,0.3870967741935484,0,,none_recorded,Covington,98042
2941,2014-06-20,ADDR_848232886c9305c6,456000.0,3.0,1.5,1440,28516,1.0,0,0,4,39,0,0.0,0,,none_recorded,Sammamish,98075
2972,2014-06-20,ADDR_89c76e7855b8fdce,1300000.0,5.0,4.0,3366,7800,2.5,0,2,3,77,1,0.11883541295306001,0,15.0,valid_year,Seattle,98199
2985,2014-06-20,ADDR_c5ec5a4452e9cb32,525000.0,3.0,2.25,1750,1879,3.0,0,0,3,13,0,0.0,0,,none_recorded,Seattle,98107
2996,2014-06-20,ADDR_4445a1849788bcd1,448000.0,4.0,2.5,2510,6853,2.0,0,2,3,8,0,0.0,0,,none_recorded,Maple Valley,98038
2961,2014-06-20,ADDR_b507ecf5ce324e4b,371000.0,4.0,2.5,2550,4770,2.0,0,0,3,9,0,0.0,0,,none_recorded,Maple Valley,98038
2950,2014-06-20,ADDR_ff57e8a62e9cc5a7,218000.0,2.0,2.0,1310,2841,2.0,0,0,3,10,0,0.0,0,,invalid_year,Maple Valley,98038
2978,2014-06-20,ADDR_ffd5b7eb7a905ca0,915000.0,3.0,3.25,2660,4000,2.0,0,0,3,11,1,0.18421052631578946,0,,none_recorded,Seattle,98122
3015,2014-06-20,ADDR_dc42d5f323aa0c45,725000.0,3.0,3.5,3690,8837,2.0,0,0,3,13,0,0.0,0,,none_recorded,Snoqualmie,98065
2944,2014-06-20,ADDR_66e0963879f9da96,640000.0,2.0,1.75,1760,4400,1.0,0,0,4,84,1,0.5,0,,none_recorded,Seattle,98103
3013,2014-06-20,ADDR_c5e384c6b974cd26,420000.0,5.0,3.0,2630,3149,2.0,0,0,3,1,1,0.3650190114068441,0,,invalid_year,Renton,98056
3006,2014-06-20,ADDR_bab1da825b1e9668,595000.0,3.0,2.75,3290,22649,2.0,0,0,4,21,0,0.0,0,,none_recorded,Newcastle,98056
2969,2014-06-20,ADDR_c9751fc952d50d2a,400000.0,4.0,1.75,2670,189486,2.0,0,4,3,42,0,0.0,0,12.0,valid_year,Auburn,98092
2931,2014-06-20,ADDR_91efda82ee8020ca,790000.0,4.0,1.75,2050,10920,1.0,0,3,3,40,1,0.2926829268292683,0,,none_recorded,Lake Forest Park,98155
2982,2014-06-20,ADDR_6b14f18ad72cfd1e,390000.0,3.0,1.0,1160,3750,1.5,0,0,3,104,0,0.0,0,8.0,valid_year,Seattle,98106
2923,2014-06-20,ADDR_384fbd67de85fb92,378000.0,4.0,2.5,1890,12236,1.0,0,0,3,36,1,0.3492063492063492,0,,none_recorded,North Bend,98045
2935,2014-06-20,ADDR_9955f69185a654b7,380000.0,3.0,1.5,1520,4288,1.0,0,0,3,65,1,0.32894736842105265,0,16.0,valid_year,Seattle,98136
4325,2014-06-20,ADDR_c537f2cc61472c41,443500.0,4.0,2.5,2040,21781,2.0,0,0,3,20,0,0.0,0,,none_recorded,Carnation,98014
2955,2014-06-20,ADDR_73df7955b74657b9,970500.0,3.0,2.75,2470,10125,2.0,0,0,3,54,0,0.0,0,2.0,valid_year,Mercer Island,98040
2999,2014-06-20,ADDR_6d2a577f315dee71,725000.0,6.0,1.75,2380,4080,2.0,0,0,3,97,0,0.0,0,5.0,valid_year,Seattle,98105
3010,2014-06-20,ADDR_f3c11bb2089b1a29,625000.0,3.0,2.5,2440,4800,2.0,0,0,3,0,0,0.0,0,,none_recorded,Seattle,98106
2954,2014-06-20,ADDR_030a03c84c65cb7e,950000.0,4.0,2.5,3360,11548,2.0,0,0,3,26,0,0.0,0,14.0,valid_year,Kirkland,98033
2995,2014-06-20,ADDR_9bf5215d43e4b8d8,420000.0,5.0,2.75,2280,10319,1.0,0,0,3,55,1,0.4298245614035088,0,25.0,valid_year,Shoreline,98177
3000,2014-06-20,ADDR_a5bebe410361248b,780000.0,3.0,2.25,2140,3000,2.0,0,0,3,109,0,0.0,0,8.0,valid_year,Seattle,98103
2965,2014-06-20,ADDR_e5101c74bdf599a1,950000.0,3.0,3.25,3050,18892,1.0,1,4,4,52,1,0.45901639344262296,0,,none_recorded,Des Moines,98198
2974,2014-06-20,ADDR_9d0bb88b5a43896e,995000.0,4.0,4.5,3850,13551,2.0,0,2,3,16,1,0.22077922077922077,0,8.0,valid_year,Bellevue,98006
3011,2014-06-20,ADDR_9ea258ae3abb8372,339990.0,3.0,2.5,2570,4600,2.0,0,0,3,0,0,0.0,0,,none_recorded,Auburn,98092
2987,2014-06-20,ADDR_bc6791f46c7c7403,205000.0,3.0,1.0,960,7314,1.0,0,0,5,54,0,0.0,0,,none_recorded,Auburn,98002
3003,2014-06-20,ADDR_8bd6cc0744e250a3,1320000.0,4.0,3.5,4410,36200,2.0,0,0,3,25,0,0.0,0,,none_recorded,Bellevue,98006
3009,2014-06-20,ADDR_ffa893725bfd0e76,925000.0,4.0,2.75,3730,8014,2.0,0,0,3,2,0,0.0,0,,invalid_year,Sammamish,98074
3002,2014-06-20,ADDR_371dd8b4148dcfed,488800.0,4.0,2.25,2170,9665,1.0,0,0,4,38,1,0.4009216589861751,0,22.0,valid_year,Bellevue,98006
4326,2014-06-20,ADDR_ff0204dd7f564c99,1234582.0,5.0,3.25,3240,6551,1.5,0,4,4,75,1,0.22839506172839505,0,25.0,valid_year,Seattle,98115
2994,2014-06-20,ADDR_48756ecfa0f67966,885000.0,3.0,2.25,2060,9552,1.0,0,0,4,39,1,0.21844660194174756,0,,none_recorded,Mercer Island,98040
2947,2014-06-20,ADDR_accea13e8d374010,587206.0,3.0,3.5,1890,1710,2.0,0,0,3,15,1,0.13227513227513227,0,,none_recorded,Seattle,98103
2933,2014-06-20,ADDR_f1053f929acecb94,850000.0,3.0,2.25,2870,8170,2.0,0,0,3,19,1,0.21602787456445993,0,,none_recorded,Seattle,98136
2932,2014-06-20,ADDR_475c0b7588cbb803,480000.0,4.0,1.0,2080,5500,1.0,0,0,3,73,1,0.5,0,20.0,valid_year,Seattle,98117
2949,2014-06-20,ADDR_e33786f77e72a8fb,511500.0,4.0,1.0,1360,6000,1.5,0,0,3,97,0,0.0,0,5.0,valid_year,Seattle,98115
3001,2014-06-20,ADDR_608e5e8de73156fa,325000.0,2.0,1.0,840,4239,1.0,0,0,3,66,0,0.0,0,20.0,valid_year,Seattle,98136
2942,2014-06-20,ADDR_a9eeab0d605dbc48,547000.0,5.0,2.5,2200,4080,1.5,0,0,5,98,1,0.35454545454545455,0,,none_recorded,Seattle,98103
2930,2014-06-20,ADDR_1c3fcbcafd0cf97f,450000.0,3.0,2.0,1430,3480,1.0,0,0,3,67,1,0.3146853146853147,0,2.0,valid_year,Seattle,98103
2958,2014-06-20,ADDR_231362d965bad7a8,200000.0,3.0,2.25,1230,7420,1.5,0,0,5,101,0,0.0,0,,none_recorded,Auburn,98002
2918,2014-06-20,ADDR_54066bb5269926d4,1950000.0,7.0,3.5,4640,15235,2.0,0,1,3,49,1,0.38362068965517243,0,11.0,valid_year,Mercer Island,98040
2915,2014-06-20,ADDR_1f97564cd9c44dc6,605000.0,4.0,2.5,2620,7553,2.0,0,0,3,18,0,0.0,0,,none_recorded,Newcastle,98056
2980,2014-06-20,ADDR_d7aa537b7f17d448,925000.0,4.0,2.0,3140,10437,1.0,0,0,4,55,1,0.3503184713375796,0,,none_recorded,Mercer Island,98040
2948,2014-06-20,ADDR_2f03a5ef51a96763,425000.0,3.0,2.5,2540,5612,2.0,0,0,3,15,0,0.0,0,,none_recorded,Renton,98059
2956,2014-06-20,ADDR_3ef0eaf28c464c3b,412000.0,2.0,1.0,1260,3960,1.0,0,0,3,89,1,0.4523809523809524,0,12.0,valid_year,Seattle,98117
2919,2014-06-20,ADDR_6d5b2098406275df,395000.0,3.0,1.0,1500,4000,1.0,0,0,3,89,1,0.4,0,12.0,valid_year,Seattle,98117
2962,2014-06-20,ADDR_eb54979b52c0971a,458000.0,3.0,2.5,1870,5013,2.0,0,0,3,11,0,0.0,0,,none_recorded,Bothell,98011
2936,2014-06-20,ADDR_e1ccdce4128bc7de,979000.0,3.0,1.5,1700,14133,1.0,0,1,4,60,0,0.0,0,35.0,valid_year,Bellevue,98004
2960,2014-06-20,ADDR_2aecfbbcc0f6bdc3,715000.0,4.0,2.5,3290,6628,2.0,0,0,3,11,0,0.0,0,,none_recorded,Sammamish,98075
2921,2014-06-20,ADDR_31874edb99c878cd,905000.0,4.0,3.5,2970,14486,2.0,0,0,3,17,1,0.21212121212121213,0,,none_recorded,Mercer Island,98040
2927,2014-06-20,ADDR_a1c5c48d9874938e,754800.0,2.0,2.5,2770,7781,2.0,0,0,3,8,0,0.0,0,,none_recorded,Redmond,98053
3020,2014-06-21,ADDR_ef5d2dde1826bfe4,418000.0,4.0,1.5,1550,9176,1.0,0,0,3,58,1,0.3548387096774194,0,13.0,valid_year,Bellevue,98008
3018,2014-06-21,ADDR_30832e3a481c0410,639500.0,4.0,2.25,2330,8994,2.0,0,0,3,28,0,0.0,0,,none_recorded,Redmond,98052
3023,2014-06-21,ADDR_69539faf40688c5e,930000.0,3.0,2.5,3290,6830,2.0,0,0,3,14,0,0.0,0,,none_recorded,Redmond,98052
3017,2014-06-21,ADDR_95882bd1d1c8d0ab,1100000.0,3.0,2.5,2200,20000,1.0,0,1,3,62,1,0.36363636363636365,0,6.0,valid_year,Bellevue,98004
3016,2014-06-21,ADDR_e607d85c4e0cc913,375000.0,2.0,1.0,1230,1820,2.0,0,0,4,66,1,0.3252032520325203,0,,none_recorded,Seattle,98107
3021,2014-06-21,ADDR_72b51a6b27bd935f,442900.0,4.0,1.75,1780,2788,1.0,0,0,4,71,1,0.5,0,,none_recorded,Seattle,98199
3019,2014-06-21,ADDR_2aa521da29c3c0d3,849000.0,4.0,2.0,2160,6300,1.5,0,1,4,86,0,0.0,0,,none_recorded,Seattle,98116
3022,2014-06-21,ADDR_f35f80bbbdd7f456,750000.0,3.0,1.75,2610,5544,1.5,0,0,3,80,1,0.3563218390804598,0,36.0,valid_year,Seattle,98117
3028,2014-06-22,ADDR_12bd331d7c4115c4,687000.0,4.0,2.5,2370,10083,2.0,0,0,5,48,0,0.0,0,,none_recorded,Kirkland,98033
3030,2014-06-22,ADDR_a389a9cb99f53099,439500.0,3.0,2.5,2050,40003,1.0,0,0,4,37,1,0.23414634146341465,0,,none_recorded,Issaquah,98027
3029,2014-06-22,ADDR_a6ed678071b90fdb,810000.0,4.0,2.5,2810,10613,2.0,0,0,3,25,0,0.0,0,,none_recorded,Bellevue,98006
3033,2014-06-22,ADDR_23a12205161e5c29,374000.0,4.0,2.5,2580,6260,2.0,0,0,3,10,0,0.0,0,,invalid_year,Renton,98056
3026,2014-06-22,ADDR_a99592e010e52ca4,545000.0,4.0,2.5,2090,6023,2.0,0,0,3,24,0,0.0,0,5.0,valid_year,Issaquah,98029
3031,2014-06-22,ADDR_041a724bfd70705a,802000.0,3.0,1.75,2870,5000,1.5,0,0,4,107,1,0.3588850174216028,0,,none_recorded,Seattle,98144
3024,2014-06-22,ADDR_dc33ae7d51e98ac4,565000.0,2.0,1.75,1330,6000,1.0,0,0,4,100,1,0.2781954887218045,0,69.0,valid_year,Seattle,98199
3034,2014-06-22,ADDR_b7365152a514c77a,330000.0,4.0,2.5,2380,13550,2.0,0,0,3,15,0,0.0,0,,none_recorded,SeaTac,98188
3032,2014-06-22,ADDR_2257d9c6ce5f542b,732600.0,4.0,2.5,2130,7300,1.0,0,0,4,51,1,0.4225352112676056,0,,none_recorded,Bellevue,98005
3027,2014-06-22,ADDR_f16598dc1f7a5c4e,500000.0,4.0,2.5,2040,8400,1.0,0,0,3,51,1,0.30392156862745096,0,6.0,valid_year,Bellevue,98006
3025,2014-06-22,ADDR_a634ddc2e393b7d4,874150.0,4.0,3.5,3530,14406,2.0,0,1,3,27,1,0.2719546742209632,0,14.0,valid_year,Kirkland,98034
3109,2014-06-23,ADDR_7c6025c50abff22b,265000.0,3.0,1.0,1620,9450,1.5,0,0,3,86,0,0.0,0,60.0,valid_year,Seattle,98168
3099,2014-06-23,ADDR_9c8f86f8d8d832fe,375000.0,4.0,2.5,1870,7471,2.0,0,0,3,24,0,0.0,0,5.0,valid_year,Renton,98055
3078,2014-06-23,ADDR_adef0acb50dc33bd,347000.0,3.0,1.0,1270,8400,1.0,0,0,3,59,0,0.0,0,9.0,valid_year,Bothell,98011
3065,2014-06-23,ADDR_b7be51d06e63028d,345100.0,3.0,3.75,1950,8625,1.0,0,0,3,55,1,0.30256410256410254,0,25.0,valid_year,Seattle,98178
3038,2014-06-23,ADDR_7a5c1a327e02eda0,280000.0,2.0,1.0,1010,3000,1.0,0,0,4,89,0,0.0,0,46.0,valid_year,North Bend,98045
3113,2014-06-23,ADDR_0468f574eedd3cfe,415000.0,4.0,2.5,2170,8518,1.0,0,3,3,59,1,0.3778801843317972,0,9.0,valid_year,Seattle,98178
3079,2014-06-23,ADDR_f35299602bc51fe8,725000.0,3.0,1.75,1610,8613,1.0,0,0,5,52,0,0.0,0,,none_recorded,Kirkland,98033
3094,2014-06-23,ADDR_42c94babd0d859e4,234000.0,2.0,1.0,870,11100,1.0,0,0,3,74,0,0.0,0,18.0,valid_year,Seattle,98146
3168,2014-06-23,ADDR_7dcaeaa3f135070d,362500.0,2.0,1.5,940,1768,2.0,0,0,3,5,0,0.0,0,,none_recorded,Seattle,98144
4334,2014-06-23,ADDR_a2527e8ab7b8035f,205425.0,2.0,1.75,880,6780,1.0,0,0,4,69,0,0.0,0,,none_recorded,Seattle,98178
3080,2014-06-23,ADDR_ebd918d02cee49cb,345000.0,3.0,1.0,1140,4200,2.0,0,0,4,110,0,0.0,0,,none_recorded,Seattle,98144
3132,2014-06-23,ADDR_67156e66711500a0,300000.0,4.0,2.5,1840,5550,2.0,0,0,3,10,0,0.0,0,,invalid_year,Kent,98031
3041,2014-06-23,ADDR_2addcc53d3768c43,299995.0,2.0,1.0,1060,7200,1.0,0,0,4,63,0,0.0,0,15.0,valid_year,Shoreline,98155
3085,2014-06-23,ADDR_d7b37cca02f8f271,494000.0,4.0,2.5,1830,7345,1.0,0,0,4,41,1,0.15846994535519127,0,,none_recorded,Shoreline,98177
3118,2014-06-23,ADDR_fcada8f78984dac4,1580000.0,4.0,2.5,4570,74487,2.0,0,4,5,66,0,0.0,0,29.0,valid_year,Seattle,98177
3056,2014-06-23,ADDR_407ab1065af28c01,603500.0,6.0,2.75,2660,8400,1.0,0,0,5,52,1,0.41729323308270677,0,,none_recorded,Bellevue,98006
3107,2014-06-23,ADDR_54a55e24f6804618,560000.0,3.0,2.5,1960,12476,2.0,0,0,4,25,0,0.0,0,,none_recorded,Newcastle,98056
3064,2014-06-23,ADDR_8c71d9a1dee7fc71,579000.0,3.0,2.5,1640,1269,3.0,0,0,3,5,0,0.0,0,,none_recorded,Seattle,98112
3066,2014-06-23,ADDR_33e37e5b5fa72f76,350000.0,3.0,1.75,1660,10150,1.5,0,0,3,57,0,0.0,0,14.0,valid_year,Shoreline,98133
3105,2014-06-23,ADDR_f58904ba653cf02d,396500.0,3.0,1.75,2390,7149,1.0,0,0,3,59,1,0.4351464435146444,0,9.0,valid_year,Seattle,98125
3124,2014-06-23,ADDR_c736d7be45344d96,780000.0,4.0,3.5,3910,59863,2.0,0,0,4,27,1,0.3631713554987212,0,,none_recorded,Issaquah,98027
3129,2014-06-23,ADDR_4a05b87283715ff1,326000.0,3.0,1.0,1030,9834,1.0,0,0,3,45,0,0.0,0,4.0,valid_year,Woodinville,98072
3048,2014-06-23,ADDR_5059863ce9a0caf2,334000.0,4.0,1.5,1150,9360,1.5,0,0,3,44,0,0.0,0,0.0,valid_year,Kirkland,98034
3036,2014-06-23,ADDR_2fc4274b8d21301e,290900.0,2.0,2.0,1610,17600,2.0,0,0,3,84,0,0.0,0,31.0,valid_year,Tukwila,98178
3151,2014-06-23,ADDR_afb76747b8217886,403500.0,3.0,1.0,1830,8004,1.0,0,0,3,54,1,0.3442622950819672,0,2.0,valid_year,Seattle,98125
3091,2014-06-23,ADDR_b8621b6c20530cbd,360000.0,4.0,1.5,1720,6417,1.0,0,0,3,61,0,0.0,0,,none_recorded,Seattle,98125
3082,2014-06-23,ADDR_b3adee0881f2a660,550000.0,3.0,1.75,1840,8086,1.0,0,0,4,50,0,0.0,0,,none_recorded,Redmond,98052
3087,2014-06-23,ADDR_8715fc007330ae5a,442500.0,3.0,1.75,1600,10280,1.0,0,0,3,37,1,0.34375,0,10.0,valid_year,Kirkland,98034
3149,2014-06-23,ADDR_20c04450c54db7c4,685000.0,2.0,1.5,1300,1676,1.0,0,2,3,71,0,0.0,0,12.0,valid_year,Seattle,98122
3081,2014-06-23,ADDR_462d8604795e55f1,345950.0,3.0,2.5,2110,4118,2.0,0,0,3,25,0,0.0,0,,none_recorded,Kent,98042
3111,2014-06-23,ADDR_0b2865896db588c4,430000.0,3.0,1.75,1300,12731,1.0,0,0,3,33,0,0.0,0,1.0,valid_year,Sammamish,98074
3139,2014-06-23,ADDR_60e1c5b57d03107b,165000.0,3.0,1.0,1200,13100,1.0,0,0,3,71,0,0.0,0,12.0,valid_year,Tukwila,98168
3145,2014-06-23,ADDR_0a1f092a2abe7978,337000.0,3.0,1.75,1310,12750,1.0,0,0,3,21,0,0.0,0,,none_recorded,Renton,98059
3126,2014-06-23,ADDR_9c2c3470fdbfe185,831500.0,5.0,2.5,4470,35124,2.5,0,0,3,30,0,0.0,0,,none_recorded,Woodinville,98072
4525,2014-06-23,ADDR_29769e39583d4a43,288500.0,5.0,2.5,3390,9760,1.0,0,0,5,36,1,0.4837758112094395,0,,none_recorded,Renton,98058
3150,2014-06-23,ADDR_66a420fd82b01d9c,905000.0,5.0,3.5,3500,10155,2.0,0,0,3,18,1,0.26571428571428574,0,,none_recorded,Bellevue,98006
3086,2014-06-23,ADDR_05da09f085e34814,453000.0,4.0,1.75,2120,7420,1.0,0,0,4,58,1,0.5,0,,none_recorded,Bellevue,98008
3140,2014-06-23,ADDR_42d7b39a80f0bd39,261350.0,3.0,1.75,1390,18200,1.0,0,0,4,52,0,0.0,0,,none_recorded,Federal Way,98023
3075,2014-06-23,ADDR_cea74da64fc5ab5d,479000.0,3.0,2.25,2110,11319,2.0,0,0,4,36,0,0.0,0,14.0,valid_year,Woodinville,98072
3093,2014-06-23,ADDR_41c7c6eaf00cc68a,290000.0,3.0,1.0,1150,8145,1.0,0,0,4,82,1,0.1391304347826087,0,56.0,valid_year,Shoreline,98155
3119,2014-06-23,ADDR_93a0871b8b887d01,905000.0,4.0,3.25,3440,7661,2.0,0,0,3,8,0,0.0,0,,none_recorded,Issaquah,98029
3052,2014-06-23,ADDR_62f5b3f0faa51c0b,275000.0,2.0,1.0,1180,6552,1.0,0,0,4,65,0,0.0,0,29.0,valid_year,Shoreline,98133
3135,2014-06-23,ADDR_4868f0069aa49c7e,590000.0,4.0,2.5,3220,7875,1.5,0,0,4,48,0,0.0,0,,none_recorded,Bellevue,98008
3059,2014-06-23,ADDR_d2de833510257754,2075000.0,4.0,3.5,4230,20377,2.0,0,0,3,17,0,0.0,0,,none_recorded,Bellevue,98004
3067,2014-06-23,ADDR_a4a1b08f5956bd41,291500.0,3.0,1.0,880,9238,1.5,0,0,5,68,0,0.0,0,,none_recorded,Shoreline,98155
3096,2014-06-23,ADDR_5d394e974eba90eb,349900.0,3.0,2.0,2420,38781,1.0,0,0,5,65,1,0.5,0,,none_recorded,Issaquah,98027
3116,2014-06-23,ADDR_829f7a3847e9c498,300000.0,4.0,2.5,2620,4469,2.0,0,0,3,6,0,0.0,0,,none_recorded,Covington,98042
3160,2014-06-23,ADDR_5108b2ba05cd5cf1,345000.0,3.0,1.5,1420,1192,2.0,0,0,3,6,1,0.19718309859154928,0,,none_recorded,Seattle,98144
3062,2014-06-23,ADDR_bd83c91fda33918b,200000.0,3.0,1.5,1090,9600,1.0,0,0,4,46,0,0.0,0,,none_recorded,Covington,98042
3072,2014-06-23,ADDR_2d294c22948815ec,324000.0,4.0,1.75,2110,7208,1.0,0,0,3,39,1,0.44549763033175355,0,,none_recorded,Renton,98058
3101,2014-06-23,ADDR_265f38c9b9f47953,470000.0,3.0,2.5,2150,8221,2.0,0,0,3,22,0,0.0,0,,none_recorded,Renton,98059
3098,2014-06-23,ADDR_7a00b838cbc4e578,725000.0,4.0,2.5,3420,30410,2.0,0,0,3,26,0,0.0,0,14.0,valid_year,Woodinville,98077
3153,2014-06-23,ADDR_2de0dead5ffea99b,385000.0,4.0,2.75,2700,37011,2.0,0,0,3,30,0,0.0,0,,none_recorded,Kent,98042
3164,2014-06-23,ADDR_3e484100e7901da7,515000.0,5.0,3.25,2910,5027,2.0,0,0,3,1,1,0.29896907216494845,0,,invalid_year,Seattle,98106
3156,2014-06-23,ADDR_3e4dfe35a263aa56,249900.0,3.0,2.0,1310,6738,1.0,0,0,4,24,0,0.0,0,,none_recorded,Covington,98042
3125,2014-06-23,ADDR_cc6c4126fb9c8d7b,400000.0,4.0,1.75,1700,20283,1.5,0,0,3,49,1,0.21176470588235294,0,21.0,valid_year,Duvall,98019
3165,2014-06-23,ADDR_dc60161959f22ca5,497000.0,3.0,2.25,1630,3817,2.0,0,0,3,9,0,0.0,0,,none_recorded,Issaquah,98029
3162,2014-06-23,ADDR_407235f2f2d4114c,562500.0,3.0,2.25,1300,907,2.0,0,0,3,8,1,0.23076923076923078,0,,none_recorded,Seattle,98102
3047,2014-06-23,ADDR_c7bb777df60e6bb5,350000.0,7.0,3.0,2800,9569,1.0,0,2,3,51,1,0.5,0,6.0,valid_year,Renton,98056
3114,2014-06-23,ADDR_b461dacde376436e,600000.0,3.0,2.5,2260,10153,2.0,0,0,3,27,0,0.0,0,14.0,valid_year,Sammamish,98074
3136,2014-06-23,ADDR_257f361039eca52b,750000.0,3.0,2.0,1820,5000,1.5,0,0,4,73,1,0.054945054945054944,0,16.0,valid_year,Seattle,98116
3159,2014-06-23,ADDR_f316a5fbecd0ac3f,310000.0,3.0,2.5,2540,4775,2.0,0,0,3,8,0,0.0,0,,none_recorded,Kent,98042
3039,2014-06-23,ADDR_7b01f2888a3b5fd8,675000.0,4.0,2.5,2810,11120,2.0,0,0,3,32,0,0.0,0,,none_recorded,Sammamish,98074
4527,2014-06-23,ADDR_d22070e910ae425f,180785.71,2.0,1.0,2550,21675,1.0,0,1,4,56,1,0.3686274509803922,0,42.0,valid_year,Des Moines,98198
3146,2014-06-23,ADDR_e1ffe3396bd29a34,560000.0,4.0,2.5,2300,7989,2.0,0,0,3,24,0,0.0,0,5.0,valid_year,Sammamish,98074
3089,2014-06-23,ADDR_b2863b7ada6370f8,389800.0,3.0,1.75,1880,12821,1.0,0,0,3,55,0,0.0,0,25.0,valid_year,Lake Forest Park,98155
3144,2014-06-23,ADDR_f968205c5e4ca57e,715000.0,4.0,2.5,2650,30500,1.0,0,0,4,54,1,0.3660377358490566,0,13.0,valid_year,Issaquah,98029
3084,2014-06-23,ADDR_fe0f2f8d02dd696b,269500.0,3.0,1.75,1840,7412,1.0,0,0,4,38,1,0.32608695652173914,0,22.0,valid_year,Kent,98031
3074,2014-06-23,ADDR_694c23de24d98409,233500.0,3.0,2.25,1650,2958,2.0,0,0,3,29,0,0.0,0,,none_recorded,Kent,98031
3120,2014-06-23,ADDR_00653db074fd59c3,199950.0,5.0,2.5,1740,8750,1.0,0,0,4,55,0,0.0,0,,none_recorded,Des Moines,98198
3097,2014-06-23,ADDR_b6bbd55ebce98e02,275000.0,3.0,1.0,1080,6000,1.0,0,0,4,62,0,0.0,0,,none_recorded,Shoreline,98133
3092,2014-06-23,ADDR_a179cae1cdca84d6,650000.0,4.0,2.5,2400,7351,2.0,0,0,3,24,0,0.0,0,5.0,valid_year,Issaquah,98029
3110,2014-06-23,ADDR_590667b339f9c6af,502000.0,6.0,2.5,2890,8122,1.0,0,0,3,37,1,0.4359861591695502,0,10.0,valid_year,Bellevue,98008
3073,2014-06-23,ADDR_74bcc061eb6ef2b2,495000.0,3.0,2.0,2950,12196,2.0,0,0,4,96,1,0.21694915254237288,0,40.0,valid_year,Burien,98166
3057,2014-06-23,ADDR_9a8fccfd56ecadf2,230000.0,3.0,1.0,1530,389126,1.5,0,0,4,95,0,0.0,0,29.0,valid_year,Enumclaw,98022
3117,2014-06-23,ADDR_c71cbe9ea87575b3,491234.0,4.0,2.5,1540,1860,2.0,0,0,3,0,0,0.0,0,,none_recorded,Issaquah,98029
3133,2014-06-23,ADDR_93d41170b611437e,269950.0,4.0,2.5,2540,8400,2.0,0,0,5,37,0,0.0,0,,none_recorded,Kent,98032
3076,2014-06-23,ADDR_38c05fc277b4c444,322200.0,4.0,2.25,2010,19000,2.0,0,0,4,39,0,0.0,0,,none_recorded,Covington,98042
3134,2014-06-23,ADDR_e2aa044d8e344981,1220000.0,4.0,3.75,3520,3944,1.5,0,0,5,101,1,0.375,0,,none_recorded,Seattle,98109
3137,2014-06-23,ADDR_20682cc269dd05ec,239950.0,3.0,1.75,1230,9600,1.0,0,0,4,30,0,0.0,0,,none_recorded,Covington,98042
3043,2014-06-23,ADDR_c14d6f8af3a5828d,249500.0,2.0,1.75,1500,8645,1.0,0,0,4,51,0,0.0,0,,none_recorded,Covington,98042
3054,2014-06-23,ADDR_1c7e0093e5ce20ca,550000.0,3.0,2.5,1900,3255,2.0,0,0,3,26,0,0.0,0,14.0,valid_year,Bellevue,98007
3051,2014-06-23,ADDR_3f258809f139f72e,264000.0,3.0,1.75,1760,7482,1.0,0,0,4,48,0,0.0,0,,none_recorded,Federal Way,98023
3138,2014-06-23,ADDR_f60b1e223912cf4c,215000.0,3.0,2.0,1340,8505,1.0,0,0,3,83,0,0.0,0,,none_recorded,SeaTac,98168
3142,2014-06-23,ADDR_66ec4adfba43932d,425000.0,3.0,2.25,1580,39189,1.0,0,0,3,22,1,0.25316455696202533,0,,none_recorded,Redmond,98053
3046,2014-06-23,ADDR_1b1a191e8dd40b82,320000.0,3.0,2.5,2280,7417,2.0,0,0,3,16,0,0.0,0,8.0,valid_year,Auburn,98001
3155,2014-06-23,ADDR_f5eebc31494ec57d,285000.0,3.0,2.5,1660,6263,2.0,0,0,3,11,0,0.0,0,,none_recorded,Kent,98042
3068,2014-06-23,ADDR_98c3834a1fc14576,649950.0,3.0,2.5,1500,1375,2.0,0,0,3,0,1,0.2,0,,none_recorded,Seattle,98119
3154,2014-06-23,ADDR_31858b2509e8b77a,1700000.0,3.0,2.75,2810,18731,2.0,1,4,4,40,0,0.0,0,,none_recorded,Redmond,98052
3095,2014-06-23,ADDR_178066bce5155992,260000.0,4.0,2.5,2000,37045,2.0,0,0,3,25,0,0.0,0,,none_recorded,Kent,98042
3123,2014-06-23,ADDR_e671f9dfe0ca8b93,649000.0,2.0,1.75,2260,280962,2.0,0,2,3,9,1,0.16371681415929204,0,,none_recorded,Carnation,98014
3143,2014-06-23,ADDR_77d39dca06bd0490,800000.0,4.0,3.0,3520,4895,1.0,0,0,3,60,1,0.4375,0,9.0,valid_year,Seattle,98107
3060,2014-06-23,ADDR_a3c8c16116c2c57f,420000.0,3.0,2.0,1200,5029,1.0,0,0,3,77,1,0.26666666666666666,0,15.0,valid_year,Seattle,98115
3131,2014-06-23,ADDR_01c5a110aa088f3c,320000.0,4.0,1.5,1890,43560,1.0,0,0,4,40,0,0.0,0,,none_recorded,Auburn,98092
3115,2014-06-23,ADDR_afb7e3eb27690ce3,225000.0,3.0,1.75,1580,8820,1.0,0,0,4,47,0,0.0,0,,none_recorded,Federal Way,98003
3104,2014-06-23,ADDR_25f540c7915d0b1c,249000.0,3.0,1.0,1000,19204,1.0,0,0,3,46,0,0.0,0,4.0,valid_year,Kent,98042
3103,2014-06-23,ADDR_1196b405eae2a499,615000.0,5.0,2.0,2130,4180,1.5,0,0,5,88,1,0.40375586854460094,0,,none_recorded,Seattle,98116
3049,2014-06-23,ADDR_dd64146986ba84dd,235000.0,6.0,3.0,2180,7956,2.0,0,0,3,34,0,0.0,0,,none_recorded,Federal Way,98003
3166,2014-06-23,ADDR_ec622956c2131180,312891.0,5.0,3.0,2300,8214,2.0,0,0,3,1,0,0.0,0,,invalid_year,Federal Way,98001
3157,2014-06-23,ADDR_f473ed240161bb1d,633634.0,4.0,3.5,2960,6000,2.0,0,0,3,0,0,0.0,0,,none_recorded,Snoqualmie,98065
4526,2014-06-23,ADDR_b567d5b50c7cde58,379509.17,2.0,1.0,880,6413,1.0,0,0,3,64,0,0.0,0,9.0,valid_year,Seattle,98116
3128,2014-06-23,ADDR_fb6c146c41212d53,385000.0,3.0,3.25,1630,1677,3.0,0,0,3,7,0,0.0,0,,none_recorded,Seattle,98133
3061,2014-06-23,ADDR_cb5eed5a9d5de610,735000.0,4.0,2.25,2270,5102,1.0,0,0,5,60,1,0.40969162995594716,0,,none_recorded,Seattle,98199
3083,2014-06-23,ADDR_a9f704feb308608b,399950.0,3.0,1.75,1560,5223,1.0,0,0,4,74,1,0.4807692307692308,0,13.0,valid_year,Seattle,98125
3070,2014-06-23,ADDR_27b8e425afc10511,500000.0,3.0,1.0,1150,5100,2.0,0,0,3,103,0,0.0,0,9.0,valid_year,Seattle,98136
3044,2014-06-23,ADDR_21a83954b5474e4a,690000.0,2.0,1.0,970,4560,1.0,0,0,4,107,0,0.0,0,,none_recorded,Seattle,98103
3161,2014-06-23,ADDR_a8799fdfde27239b,160797.0,3.0,1.5,1270,2356,2.0,0,0,3,2,0,0.0,0,,invalid_year,Seattle,98108
3037,2014-06-23,ADDR_eef3d2d0345d6aae,577000.0,3.0,2.5,2060,5750,1.0,0,0,3,38,1,0.35436893203883496,0,,none_recorded,Seattle,98116
3035,2014-06-23,ADDR_3ab4f30d5078dcd2,365000.0,4.0,2.0,1940,25600,1.0,0,0,1,52,0,0.0,0,,none_recorded,Bellevue,98006
3148,2014-06-23,ADDR_7465e3eeb3f88334,660000.0,3.0,3.25,1980,2850,3.0,0,0,3,27,0,0.0,0,14.0,valid_year,Seattle,98103
3088,2014-06-23,ADDR_f5312eb3f55447cb,235000.0,4.0,1.75,1450,8891,1.5,0,0,3,52,1,0.18620689655172415,0,11.0,valid_year,Tukwila,98168
3122,2014-06-23,ADDR_c579ff48f08858d9,899000.0,3.0,1.0,1480,6978,2.0,0,0,4,65,0,0.0,0,29.0,valid_year,Yarrow Point,98004
3050,2014-06-23,ADDR_083b7561710d61b7,442000.0,4.0,2.5,2520,7253,2.0,0,0,3,24,0,0.0,0,5.0,valid_year,Renton,98059
3063,2014-06-23,ADDR_e425dadecfd2b390,286000.0,3.0,2.75,1100,750,2.0,0,0,3,6,1,0.2909090909090909,0,,none_recorded,Seattle,98106
3112,2014-06-23,ADDR_947421fbe25c60fb,525000.0,2.0,1.0,1080,3500,1.0,0,3,3,90,0,0.0,0,3.0,valid_year,Seattle,98103
3077,2014-06-23,ADDR_d41745eb9b7b6958,835000.0,4.0,2.5,3030,29163,2.0,0,0,3,16,0,0.0,0,8.0,valid_year,Redmond,98053
4347,2014-06-23,ADDR_ddc592cf40cc0826,12899000.0,3.0,2.5,2190,11394,1.0,0,0,3,58,1,0.2922374429223744,0,13.0,valid_year,Seattle,98199
4528,2014-06-23,ADDR_072881c44b37cfb9,950100.0,4.0,2.5,3160,13194,2.0,0,0,5,49,0,0.0,0,,none_recorded,Mercer Island,98040
3106,2014-06-23,ADDR_9d2a935a8ea534c4,405000.0,2.0,1.0,860,2599,1.0,0,0,4,113,0,0.0,0,,none_recorded,Seattle,98107
3102,2014-06-23,ADDR_43dcc75bede1cb10,490000.0,3.0,2.25,1470,2500,2.0,0,0,3,30,1,0.2653061224489796,0,,none_recorded,Seattle,98117
3090,2014-06-23,ADDR_77596d357ae2069f,346000.0,3.0,1.75,1270,8100,1.0,0,0,3,64,1,0.30708661417322836,0,9.0,valid_year,Burien,98146
3069,2014-06-23,ADDR_da2f5624a9e4bc1a,458500.0,3.0,2.0,1890,1599,2.0,0,0,3,2,1,0.24338624338624337,0,,invalid_year,Seattle,98136
3058,2014-06-23,ADDR_85821f4d42bb2bd1,449000.0,4.0,2.5,1850,5040,1.0,0,0,3,84,1,0.33513513513513515,0,1.0,valid_year,Seattle,98126
3127,2014-06-23,ADDR_a618b1b746f98abd,471001.0,3.0,1.75,1800,6000,1.0,0,0,5,109,1,0.5,0,,none_recorded,Seattle,98103
3141,2014-06-23,ADDR_086cff892e4c0f9e,569000.0,4.0,2.0,1730,3884,1.0,0,0,5,90,1,0.3872832369942196,0,58.0,valid_year,Seattle,98103
3040,2014-06-23,ADDR_a24c0f2aed2c9264,800000.0,3.0,2.25,2380,11824,1.0,0,0,4,42,1,0.3907563025210084,0,,none_recorded,Mercer Island,98040
3130,2014-06-23,ADDR_a808258c3fecefef,335000.0,1.0,1.0,720,5100,1.0,0,0,3,107,0,0.0,0,31.0,valid_year,Seattle,98117
3163,2014-06-23,ADDR_6e804b4e4d4451df,664950.0,5.0,3.0,3190,7081,1.0,0,2,3,1,1,0.40752351097178685,0,,invalid_year,Seattle,98178
3045,2014-06-23,ADDR_20a05dbc77229dbb,235000.0,3.0,1.0,1170,11100,1.0,0,0,4,46,0,0.0,0,,none_recorded,Renton,98059
3121,2014-06-23,ADDR_f5f65b01a963f2fa,450000.0,4.0,1.75,2160,4333,1.0,0,0,4,72,1,0.4166666666666667,0,32.0,valid_year,Seattle,98117
3152,2014-06-23,ADDR_17d02c1ea143d293,405000.0,3.0,2.25,1520,1245,3.0,0,0,3,10,0,0.0,0,,invalid_year,Seattle,98103
3100,2014-06-23,ADDR_c9ca9bfb588d7665,806000.0,4.0,2.5,2500,206474,1.0,0,0,3,17,0,0.0,0,,none_recorded,Redmond,98053
3053,2014-06-23,ADDR_174b01cbcecd12c2,430000.0,2.0,1.5,950,4625,1.0,0,0,4,65,0,0.0,0,29.0,valid_year,Seattle,98103
3042,2014-06-23,ADDR_0d3b9fa5fa689185,440000.0,3.0,1.75,1560,7207,1.0,0,0,3,31,1,0.1987179487179487,0,5.0,valid_year,Kirkland,98034
3108,2014-06-23,ADDR_9423c20ecd49e2cb,459950.0,4.0,2.5,2000,6107,2.0,0,0,3,11,0,0.0,0,,none_recorded,Bothell,98011
3055,2014-06-23,ADDR_f8fa59a605492883,775000.0,4.0,2.5,2300,6158,2.0,0,0,3,15,0,0.0,0,,none_recorded,Seattle,98115
3169,2014-06-23,ADDR_8d7f237c076af447,402101.0,2.0,0.75,1020,1350,2.0,0,0,3,5,0,0.0,0,,none_recorded,Seattle,98144
3071,2014-06-23,ADDR_e9a9d768f30d421d,362300.0,3.0,2.5,2430,15264,2.0,0,0,3,17,0,0.0,0,,none_recorded,Kent,98030
3167,2014-06-23,ADDR_bdd09b231b956563,670000.0,3.0,2.5,3310,5300,2.0,0,2,3,6,1,0.2628398791540785,0,,none_recorded,Seattle,98136
3147,2014-06-23,ADDR_fb0e27e44cc10c3b,449500.0,3.0,2.25,1780,7280,1.0,0,2,3,42,1,0.24719101123595505,0,12.0,valid_year,Kirkland,98034
3158,2014-06-23,ADDR_057430f72bf299ea,329900.0,3.0,2.5,2242,4995,2.0,0,0,3,3,0,0.0,0,,none_recorded,Auburn,98092
3263,2014-06-24,ADDR_b27101365d8774a8,329950.0,2.0,1.0,900,5220,1.0,0,0,4,58,0,0.0,0,,none_recorded,Seattle,98146
4536,2014-06-24,ADDR_9d561bb63aaa85a7,198995.0,3.0,1.0,1410,8053,1.0,0,0,4,63,0,0.0,0,15.0,valid_year,Seattle,98177
4534,2014-06-24,ADDR_1d5256186dbebdf6,391400.0,4.0,1.75,1250,7400,1.0,0,0,5,55,0,0.0,0,,none_recorded,Bellevue,98008
3176,2014-06-24,ADDR_e6a0b7d6e2c5eac1,585000.0,3.0,2.5,2270,100545,2.0,0,0,3,16,0,0.0,0,8.0,valid_year,Vashon,98070
3173,2014-06-24,ADDR_20b5f588b1762fec,415000.0,3.0,1.75,1070,8000,1.0,0,0,3,37,0,0.0,0,10.0,valid_year,Redmond,98052
3177,2014-06-24,ADDR_d79f77b40098bf42,640000.0,4.0,2.5,2341,9594,2.0,0,0,3,17,0,0.0,0,,none_recorded,Redmond,98052
3237,2014-06-24,ADDR_b53a9b0aada99194,343500.0,4.0,1.75,1760,6204,1.0,0,2,4,64,1,0.32954545454545453,0,31.0,valid_year,Seattle,98178
3275,2014-06-24,ADDR_09a794e823920d8a,790000.0,4.0,3.5,3190,31450,2.0,0,0,3,4,0,0.0,0,,none_recorded,Issaquah,98027
3254,2014-06-24,ADDR_a912b01a4ef35176,218000.0,3.0,1.0,880,18205,1.0,0,0,4,69,0,0.0,0,,none_recorded,Seattle,98178
3273,2014-06-24,ADDR_3c804757206e6ce3,745641.0,4.0,2.5,2440,4850,2.0,0,0,3,1,0,0.0,0,,invalid_year,Redmond,98052
3206,2014-06-24,ADDR_3c78f29037286552,751000.0,4.0,3.25,3090,9571,2.0,0,0,3,10,1,0.23300970873786409,0,,invalid_year,Redmond,98052
3193,2014-06-24,ADDR_8da58c800fb69f85,348500.0,3.0,1.5,1360,10726,1.0,0,0,4,48,0,0.0,0,,none_recorded,Renton,98059
3245,2014-06-24,ADDR_83aae1f43f52f577,252000.0,3.0,2.25,1670,7881,1.0,0,0,4,37,1,0.2874251497005988,0,,none_recorded,Kent,98031
3225,2014-06-24,ADDR_b2cb17ea9c4a553f,464500.0,3.0,1.75,1150,10466,1.0,0,0,5,55,0,0.0,0,,none_recorded,Bellevue,98006
3259,2014-06-24,ADDR_c935fbc69e1672c3,350000.0,4.0,3.0,2560,5606,2.0,0,0,3,10,0,0.0,0,,invalid_year,Auburn,98092
3201,2014-06-24,ADDR_ad9a9e243103c378,1157400.0,3.0,2.5,2740,5925,2.0,0,2,3,101,0,0.0,0,22.0,valid_year,Seattle,98112
3203,2014-06-24,ADDR_1f0d5a45c9c1d986,2466350.0,5.0,4.75,6390,13180,2.0,0,0,3,74,1,0.2863849765258216,0,18.0,valid_year,Seattle,98112
4539,2014-06-24,ADDR_8ce75638c66619fe,325187.5,3.0,1.75,2000,7560,1.0,0,0,4,46,1,0.35,0,,none_recorded,Renton,98058
3207,2014-06-24,ADDR_205a809b0ef938e3,941000.0,4.0,1.75,2320,3825,1.5,0,0,5,88,1,0.21551724137931033,0,,none_recorded,Seattle,98105
3235,2014-06-24,ADDR_ad6ba44cc6c804b6,1250000.0,4.0,2.5,3220,15600,1.0,0,0,5,41,1,0.4782608695652174,0,,none_recorded,Bellevue,98006
3196,2014-06-24,ADDR_567d902caaf08a36,549000.0,2.0,1.0,2034,13392,1.0,1,4,5,67,1,0.4301868239921337,0,,none_recorded,Vashon,98070
3221,2014-06-24,ADDR_f9ddd0da8e5a2b04,1010000.0,2.0,2.0,1460,9052,1.0,0,2,5,114,0,0.0,0,,none_recorded,Kirkland,98033
4537,2014-06-24,ADDR_ba380798f5a16f1e,278900.0,3.0,1.0,990,9798,1.0,0,0,3,46,0,0.0,0,17.0,valid_year,Woodinville,98072
3242,2014-06-24,ADDR_61ab3b828e54c9d4,257500.0,2.0,2.0,1180,9265,1.0,0,0,3,74,0,0.0,0,18.0,valid_year,Seattle,98125
3230,2014-06-24,ADDR_2d0cc3948224737c,457500.0,3.0,2.25,1430,2003,2.0,0,0,3,18,1,0.3146853146853147,0,,none_recorded,Seattle,98144
3222,2014-06-24,ADDR_3561f665607fa42c,875000.0,4.0,2.5,3220,22588,2.0,0,0,3,18,0,0.0,0,,none_recorded,Woodinville,98077
3200,2014-06-24,ADDR_a7d4b52a8f212968,1215000.0,4.0,3.75,3820,53574,1.0,0,0,3,20,0,0.0,0,,none_recorded,Woodinville,98072
3271,2014-06-24,ADDR_241c310bc11c5428,639888.0,4.0,2.5,2050,2772,2.0,0,0,3,2,0,0.0,0,,invalid_year,Issaquah,98029
3183,2014-06-24,ADDR_d854240efa4e6eb8,625000.0,3.0,2.5,2410,64073,1.0,0,0,4,38,1,0.24481327800829875,0,22.0,valid_year,Woodinville,98072
3231,2014-06-24,ADDR_111ba4c628d817de,366000.0,3.0,1.75,1840,11440,1.0,0,0,4,37,1,0.2717391304347826,0,,none_recorded,Renton,98059
4531,2014-06-24,ADDR_38c41875dec19556,362750.0,2.0,1.75,1240,3000,1.5,0,0,3,108,0,0.0,0,0.0,valid_year,Seattle,98105
3217,2014-06-24,ADDR_18ceb47b38a70351,689000.0,3.0,1.75,2200,9840,1.0,0,0,5,36,1,0.3181818181818182,0,,none_recorded,Bellevue,98006
4324,2014-06-24,ADDR_25bb074ebda88d78,400000.0,3.0,2.5,2970,23100,1.0,0,0,3,47,1,0.49158249158249157,0,3.0,valid_year,Woodinville,98072
3238,2014-06-24,ADDR_e7cb4877bf29b744,325000.0,3.0,1.0,850,6906,1.0,0,0,3,66,0,0.0,0,20.0,valid_year,Shoreline,98155
3270,2014-06-24,ADDR_de0f71a525a9273a,859000.0,4.0,2.25,3550,13900,1.0,0,0,3,4,1,0.48450704225352115,0,,none_recorded,Bellevue,98006
3179,2014-06-24,ADDR_9c106ad930cf7347,520000.0,3.0,1.75,2300,35722,1.0,0,0,3,30,0,0.0,0,,none_recorded,Woodinville,98072
3190,2014-06-24,ADDR_69b045de752d1a42,324950.0,3.0,1.5,1460,8710,1.0,0,0,3,59,0,0.0,0,9.0,valid_year,Burien,98166
3223,2014-06-24,ADDR_0fc8f3446ea8ff20,304000.0,4.0,2.0,1310,8454,1.0,0,0,4,61,0,0.0,0,31.0,valid_year,Shoreline,98155
3180,2014-06-24,ADDR_72e83473ed1239d5,367500.0,3.0,1.0,1660,11783,1.0,0,0,4,36,1,0.30120481927710846,0,14.0,valid_year,Woodinville,98077
3220,2014-06-24,ADDR_127e0e8186b4ae2a,440000.0,3.0,1.75,2000,9900,1.0,0,2,4,57,1,0.26,0,13.0,valid_year,Normandy Park,98166
3195,2014-06-24,ADDR_c409e5fc0fa31c9c,925000.0,4.0,3.0,3580,35261,1.5,0,0,3,29,0,0.0,0,,none_recorded,Woodinville,98072
3208,2014-06-24,ADDR_f1e2f75086494255,600000.0,4.0,1.75,1740,7700,1.0,0,0,5,46,0,0.0,0,,none_recorded,Bellevue,98008
3267,2014-06-24,ADDR_2635d70bef9e4037,295000.0,2.0,1.0,650,5400,1.0,0,0,3,64,0,0.0,0,9.0,valid_year,Seattle,98122
3261,2014-06-24,ADDR_7425ac4d56f41d57,839000.0,3.0,2.5,3200,203425,1.0,0,0,3,14,0,0.0,0,,none_recorded,Woodinville,98077
3202,2014-06-24,ADDR_4e91937860799310,349950.0,4.0,2.5,2090,5289,2.0,0,0,3,25,0,0.0,0,,none_recorded,Renton,98058
3239,2014-06-24,ADDR_b34474c6b584cf7d,600000.0,4.0,3.25,4690,14930,2.0,0,2,3,19,1,0.21535181236673773,0,,none_recorded,Lake Forest Park,98155
3257,2014-06-24,ADDR_f7087ac456c4ce99,360000.0,3.0,1.75,1500,7200,1.0,0,0,3,57,0,0.0,0,14.0,valid_year,Shoreline,98133
3210,2014-06-24,ADDR_9b82b53ddab5067b,1295648.0,,,4810,28008,2.0,0,0,3,24,0,0.0,1,5.0,valid_year,Redmond,98053
3248,2014-06-24,ADDR_c3cc1da072cbaee7,355000.0,2.0,2.25,930,747,2.0,0,0,3,7,1,0.3225806451612903,0,,none_recorded,Seattle,98144
3194,2014-06-24,ADDR_27e8dc13ea7b9508,725000.0,4.0,2.5,2650,18295,2.0,0,0,3,28,0,0.0,0,,none_recorded,Bellevue,98005
3172,2014-06-24,ADDR_3f983789274cabb8,160000.0,3.0,1.5,1010,9600,1.0,0,0,4,52,0,0.0,0,,none_recorded,Des Moines,98198
3253,2014-06-24,ADDR_b5d5ae029ff2ff42,599000.0,5.0,2.75,2730,22572,1.0,0,0,3,46,1,0.23809523809523808,0,22.0,valid_year,Sammamish,98075
3197,2014-06-24,ADDR_d72f5068957263b4,400000.0,3.0,2.0,1230,11413,1.0,0,0,3,30,1,0.1951219512195122,0,,none_recorded,Sammamish,98074
3272,2014-06-24,ADDR_4305d49be8bf98db,329445.0,2.0,1.5,830,1119,2.0,0,0,3,9,0,0.0,0,,none_recorded,Seattle,98144
3170,2014-06-24,ADDR_fb4d14bf43251ba9,438000.0,3.0,1.75,1520,6380,1.0,0,0,3,66,1,0.48026315789473684,0,20.0,valid_year,Seattle,98115
3249,2014-06-24,ADDR_0023cffcbfedd110,675000.0,3.0,3.5,2300,5611,1.0,0,0,3,10,0,0.0,0,,invalid_year,Redmond,98053
3250,2014-06-24,ADDR_8a4af9d85a1fc81d,396500.0,3.0,2.5,2590,18980,1.0,0,0,4,38,0,0.0,0,22.0,valid_year,Kent,98042
3240,2014-06-24,ADDR_8933aacba6cb1e27,850000.0,4.0,3.5,3920,37122,2.0,0,0,3,18,0,0.0,0,,none_recorded,Redmond,98053
3228,2014-06-24,ADDR_9c52c37825589acb,425000.0,3.0,2.5,1930,4500,2.0,0,0,3,24,0,0.0,0,5.0,valid_year,Issaquah,98029
3256,2014-06-24,ADDR_a4b2aa42eb938455,218000.0,3.0,1.5,1330,7600,1.0,0,0,4,46,0,0.0,0,,none_recorded,Federal Way,98023
3198,2014-06-24,ADDR_694212f2005cb0e3,620000.0,4.0,2.5,2450,55387,2.0,0,0,3,20,0,0.0,0,,none_recorded,Redmond,98053
3214,2014-06-24,ADDR_bb6e73a0ae73bdd4,258000.0,3.0,1.0,1490,7435,1.0,0,0,3,45,1,0.2483221476510067,0,4.0,valid_year,Des Moines,98198
3266,2014-06-24,ADDR_2736ab26582693c8,631500.0,2.0,1.0,1130,2640,1.0,0,0,4,87,0,0.0,0,,none_recorded,Seattle,98109
4332,2014-06-24,ADDR_f901f0807e90bc9a,236000.0,4.0,2.75,2000,5827,2.0,0,0,3,17,0,0.0,0,,none_recorded,Maple Valley,98038
3244,2014-06-24,ADDR_677e6ff9caa20c8c,970000.0,3.0,2.25,3060,9950,1.5,0,2,4,84,1,0.4084967320261438,0,,none_recorded,Seattle,98144
3255,2014-06-24,ADDR_f9b2284e85cf8423,589950.0,4.0,2.5,3190,8195,2.0,0,0,3,8,0,0.0,0,,none_recorded,Maple Valley,98038
3269,2014-06-24,ADDR_7d7376d8fc39d199,415000.0,3.0,2.5,2280,6031,2.0,0,0,3,3,0,0.0,0,,none_recorded,Duvall,98019
3247,2014-06-24,ADDR_d5138565f50e4cd3,289000.0,3.0,2.5,1970,9607,2.0,0,0,3,26,1,0.4467005076142132,0,14.0,valid_year,Auburn,98001
4532,2014-06-24,ADDR_ad4c76c6adbf09e6,234975.0,4.0,2.75,2520,14021,2.0,0,0,3,15,0,0.0,0,,none_recorded,Duvall,98019
3174,2014-06-24,ADDR_17c62db8d14381d2,405000.0,3.0,2.5,3170,12750,2.0,0,0,3,19,1,0.2555205047318612,0,,none_recorded,Federal Way,98023
3241,2014-06-24,ADDR_1504c27b51148829,420000.0,3.0,2.5,2140,3821,2.0,0,0,3,9,0,0.0,0,,none_recorded,Issaquah,98029
3215,2014-06-24,ADDR_1c27d7b1ed11edf9,455000.0,2.0,1.5,1200,1259,2.0,0,0,3,1,1,0.16666666666666666,0,,invalid_year,Seattle,98144
3184,2014-06-24,ADDR_f2b87e5ce4170e42,530000.0,2.0,1.5,1580,3680,1.0,0,2,3,73,1,0.189873417721519,0,20.0,valid_year,Seattle,98126
3182,2014-06-24,ADDR_6571b590cc70ea0c,300000.0,3.0,1.0,2150,7007,1.0,0,0,3,60,0,0.0,0,9.0,valid_year,Shoreline,98177
3178,2014-06-24,ADDR_ab97dbf6983ed9ff,819000.0,3.0,3.5,2130,6150,2.0,0,2,5,106,1,0.28169014084507044,0,,none_recorded,Seattle,98199
3205,2014-06-24,ADDR_e6901bb4cb07f945,615000.0,3.0,1.75,1720,4080,1.0,0,0,4,90,1,0.4418604651162791,0,,none_recorded,Seattle,98144
4538,2014-06-24,ADDR_1616903dedcd729b,171758.33,3.0,1.0,1000,8512,1.0,0,0,3,23,0,0.0,0,,none_recorded,Enumclaw,98022
3233,2014-06-24,ADDR_701f1f29c04e431d,194000.0,3.0,1.0,1050,7577,1.0,0,0,3,31,0,0.0,0,5.0,valid_year,Federal Way,98023
3189,2014-06-24,ADDR_7f042d50b25af6f7,314900.0,4.0,1.75,2700,27072,1.0,0,0,3,56,1,0.4888888888888889,0,10.0,valid_year,Federal Way,98003
3218,2014-06-24,ADDR_2373fb7be5204314,319000.0,4.0,2.5,2510,7992,1.0,0,0,3,36,1,0.35856573705179284,0,,none_recorded,Kent,98032
3219,2014-06-24,ADDR_ef327bc15fee78c3,510000.0,3.0,2.25,1420,1309,3.0,0,0,3,8,0,0.0,0,,none_recorded,Seattle,98103
3264,2014-06-24,ADDR_594be10580f14bb2,425000.0,4.0,1.5,1600,6180,1.5,0,0,3,68,0,0.0,0,,none_recorded,Seattle,98118
3262,2014-06-24,ADDR_2aa7dd1bd5311b55,850000.0,4.0,3.0,3330,4000,1.0,0,0,3,56,1,0.4624624624624625,0,10.0,valid_year,Seattle,98103
3232,2014-06-24,ADDR_b5bf16c6fdf14ad6,502000.0,3.0,2.0,1300,14350,1.0,0,0,3,59,0,0.0,0,1.0,valid_year,Bellevue,98006
3234,2014-06-24,ADDR_9ad629c4f67b938f,305000.0,4.0,2.25,2210,9371,2.0,0,0,4,46,0,0.0,0,,none_recorded,Kent,98032
3251,2014-06-24,ADDR_7403eafd38c7e5fd,362500.0,4.0,1.75,1450,8450,1.0,0,0,3,54,0,0.0,0,2.0,valid_year,Issaquah,98027
3212,2014-06-24,ADDR_1ca3603d52e48aff,358000.0,3.0,1.5,1810,100188,1.0,0,0,5,45,0,0.0,0,,none_recorded,Enumclaw,98022
3274,2014-06-24,ADDR_1a152ebf551da62a,395000.0,3.0,2.5,1600,1936,2.0,0,0,3,7,0,0.0,0,,none_recorded,Seattle,98108
3192,2014-06-24,ADDR_4375e2aab0e7445f,535000.0,3.0,2.5,2070,4132,2.0,0,0,3,15,0,0.0,0,,none_recorded,Sammamish,98074
3185,2014-06-24,ADDR_fd33ea4bde789470,379000.0,3.0,2.5,1740,30886,2.0,0,0,3,22,0,0.0,0,,none_recorded,North Bend,98045
3236,2014-06-24,ADDR_a32ac2d2b38b1702,575000.0,4.0,2.5,4620,20793,2.0,0,0,4,23,0,0.0,0,,none_recorded,Federal Way,98023
3265,2014-06-24,ADDR_11b3b806aabaef87,210000.0,2.0,1.0,970,5500,1.0,0,0,3,58,0,0.0,0,13.0,valid_year,Seattle,98118
3209,2014-06-24,ADDR_d749a3a15c199e66,455000.0,4.0,2.5,2950,4502,2.0,0,0,3,9,0,0.0,0,,none_recorded,Renton,98059
3188,2014-06-24,ADDR_686d89ba760c992e,380000.0,3.0,2.25,1860,15559,2.0,0,0,4,51,0,0.0,0,,none_recorded,Enumclaw,98022
3199,2014-06-24,ADDR_0caeb1319aed62dd,665000.0,6.0,2.75,2840,8346,1.0,0,0,5,53,1,0.5,0,,none_recorded,Seattle,98118
3211,2014-06-24,ADDR_22e5331129b6067c,485000.0,3.0,2.5,1500,5412,1.0,0,0,5,94,1,0.4,0,,none_recorded,Seattle,98136
3187,2014-06-24,ADDR_43580d2aa2d6e5b3,660000.0,2.0,2.25,2550,6000,2.0,0,0,5,112,1,0.27058823529411763,0,,none_recorded,Seattle,98115
3226,2014-06-24,ADDR_eedbf1649a93cf24,336500.0,3.0,1.0,1480,7284,1.0,0,0,3,51,1,0.34459459459459457,0,6.0,valid_year,Shoreline,98133
4530,2014-06-24,ADDR_0ced153eb2fe92b1,542500.0,5.0,2.75,3831,13800,2.0,1,4,3,55,0,0.0,0,34.0,valid_year,Mercer Island,98040
3243,2014-06-24,ADDR_db2892da049c0f4c,317000.0,5.0,2.5,2360,11375,1.0,0,0,4,52,1,0.5,0,,none_recorded,Seattle,98178
3175,2014-06-24,ADDR_9958f8dedc44c610,880000.0,4.0,2.5,3030,3841,3.0,0,0,3,9,0,0.0,0,,none_recorded,Seattle,98117
3227,2014-06-24,ADDR_3f47ee9abdec62a8,230000.0,4.0,1.75,1850,6000,1.0,0,0,4,70,1,0.31351351351351353,0,,none_recorded,Seattle,98178
3246,2014-06-24,ADDR_4dbaf211925be302,683500.0,3.0,1.5,1820,5756,1.5,0,0,3,68,1,0.0989010989010989,0,,none_recorded,Seattle,98119
3171,2014-06-24,ADDR_4c2513a20f1cd773,687500.0,4.0,1.75,2330,5000,1.5,0,0,4,85,1,0.351931330472103,0,,none_recorded,Seattle,98117
3252,2014-06-24,ADDR_e6514ac57633c6b4,395000.0,4.0,1.75,1540,5120,1.0,0,0,5,71,1,0.5,0,,none_recorded,Seattle,98126
3186,2014-06-24,ADDR_d31009dbc21c8c90,615000.0,2.0,1.0,1270,5000,1.0,0,0,3,65,1,0.14173228346456693,0,16.0,valid_year,Seattle,98117
3260,2014-06-24,ADDR_ab54a9a8daed730b,845000.0,3.0,2.0,2540,4750,1.5,0,0,5,84,1,0.2755905511811024,0,,none_recorded,Seattle,98117
3224,2014-06-24,ADDR_3bf7773f6b0e9c07,139000.0,2.0,1.0,690,5280,1.0,0,0,4,72,0,0.0,0,32.0,valid_year,Renton,98056
3229,2014-06-24,ADDR_5e0e28f718eb5323,300000.0,2.0,1.0,750,5120,1.0,0,0,4,73,0,0.0,0,16.0,valid_year,Seattle,98126
3204,2014-06-24,ADDR_a56200840fb2fa19,339000.0,4.0,2.0,2470,5080,1.5,0,0,3,66,1,0.20242914979757085,0,26.0,valid_year,Seattle,98106
4319,2014-06-24,ADDR_f535c9ba08cfec3d,342500.0,2.0,1.75,1210,7507,1.0,0,0,3,32,0,0.0,0,,none_recorded,Kirkland,98034
3213,2014-06-24,ADDR_950aca41c1ca428e,339000.0,3.0,1.0,1100,4128,1.0,0,0,4,72,1,0.34545454545454546,0,32.0,valid_year,Seattle,98126
3181,2014-06-24,ADDR_54539e4995a31e72,762500.0,4.0,2.75,2610,8760,1.0,0,0,4,36,1,0.32567049808429116,0,14.0,valid_year,Mercer Island,98040
3268,2014-06-24,ADDR_e4aa06217fb713dc,575000.0,3.0,2.25,2400,5000,1.5,0,0,4,88,1,0.4,0,21.0,valid_year,Seattle,98117
4533,2014-06-24,ADDR_1659dbedee0580d7,672500.0,4.0,2.25,2420,10200,2.0,0,0,4,41,0,0.0,0,,none_recorded,Mercer Island,98040
3216,2014-06-24,ADDR_7ae27e12b7a138a3,437000.0,4.0,2.5,1890,8505,1.0,0,0,3,34,1,0.31746031746031744,0,,none_recorded,Redmond,98052
3258,2014-06-24,ADDR_ed985b7c0bc952c1,350000.0,2.0,1.0,740,7680,1.0,0,0,4,92,0,0.0,0,,none_recorded,Seattle,98126
3191,2014-06-24,ADDR_c288e2e44ebb2ef6,225000.0,3.0,1.75,1330,13102,1.0,0,0,3,46,0,0.0,0,17.0,valid_year,Federal Way,98003
3397,2014-06-25,ADDR_12da25afb8382e63,309620.0,3.0,2.5,1860,3730,2.0,0,0,3,2,0,0.0,0,,invalid_year,Duvall,98019
3396,2014-06-25,ADDR_f4d40d8517f5b2b9,425000.0,3.0,2.5,2320,2267,3.0,0,0,3,5,0,0.0,0,,none_recorded,Seattle,98177
3326,2014-06-25,ADDR_9d003a7de5b9ee54,315000.0,4.0,2.0,1780,5336,1.5,0,0,5,96,1,0.47752808988764045,0,,none_recorded,Seattle,98178
3351,2014-06-25,ADDR_cd1d615c738e5e36,270000.0,2.0,1.0,2060,8398,1.0,0,0,3,52,1,0.3883495145631068,0,11.0,valid_year,Seattle,98168
4544,2014-06-25,ADDR_d784f71d38e412a6,360500.0,3.0,2.5,1150,887,3.0,0,0,3,7,0,0.0,0,,none_recorded,Seattle,98133
4542,2014-06-25,ADDR_67abbb8ca662e02b,216000.0,3.0,2.75,2210,4000,2.0,0,0,3,6,0,0.0,0,,none_recorded,Redmond,98053
3305,2014-06-25,ADDR_8dd9872484c79d51,276000.0,4.0,2.25,2460,11250,1.0,0,0,4,55,0,0.0,0,,none_recorded,Auburn,98002
3343,2014-06-25,ADDR_a2e6a65c2addf9e7,283000.0,3.0,1.0,890,8400,1.0,0,0,4,60,0,0.0,0,35.0,valid_year,Renton,98056
3299,2014-06-25,ADDR_8aa1db6f4b91795c,308000.0,3.0,1.0,1640,18144,1.5,0,0,3,72,0,0.0,0,15.0,valid_year,Seattle,98168
3387,2014-06-25,ADDR_dd6d5a40e3a320d0,519000.0,4.0,2.5,1950,2617,1.5,0,0,4,104,1,0.358974358974359,0,,none_recorded,Seattle,98107
3394,2014-06-25,ADDR_e8add6c3b28a4e7c,328423.0,3.0,2.5,1730,3600,2.0,0,0,3,0,0,0.0,0,,none_recorded,Seattle,98146
3377,2014-06-25,ADDR_914fb4a9ec608bd9,255950.0,3.0,2.5,1720,3676,2.0,0,0,3,22,0,0.0,0,,none_recorded,Kent,98031
3280,2014-06-25,ADDR_5e8e4d127b67465e,390000.0,4.0,2.5,2340,8548,2.0,0,0,3,21,0,0.0,0,,none_recorded,Kent,98031
3385,2014-06-25,ADDR_f75c181568f4a687,585000.0,4.0,2.75,2890,6825,1.0,0,0,3,41,1,0.4602076124567474,0,1.0,valid_year,Kirkland,98034
3325,2014-06-25,ADDR_2e99937938a0c631,152000.0,3.0,1.0,1090,3264,1.0,0,0,4,45,0,0.0,0,,none_recorded,Auburn,98092
3294,2014-06-25,ADDR_b58d3d17621aa188,739900.0,5.0,2.5,2980,5377,2.0,0,0,3,8,0,0.0,0,,none_recorded,Redmond,98052
3398,2014-06-25,ADDR_a1b10322322d4975,260000.0,5.0,2.5,2025,7760,2.0,0,0,3,7,0,0.0,0,,none_recorded,Pacific,98047
3369,2014-06-25,ADDR_d0079e225d54dbe8,1330000.0,3.0,1.5,1940,2885,1.5,0,2,3,114,0,0.0,0,9.0,valid_year,Seattle,98119
3371,2014-06-25,ADDR_1b3514ab97514d8a,280000.0,7.0,2.5,1940,5458,2.0,0,0,3,20,0,0.0,0,,none_recorded,Auburn,98092
3366,2014-06-25,ADDR_f380d47f0702e9cc,280000.0,3.0,1.75,1230,8250,1.0,0,0,3,48,0,0.0,0,,invalid_year,Renton,98058
3293,2014-06-25,ADDR_332ab5582711df29,409900.0,2.0,2.5,1590,1845,2.0,0,0,3,17,0,0.0,0,,none_recorded,Kirkland,98033
3380,2014-06-25,ADDR_6599181b8b2acc1b,595888.0,3.0,1.75,1870,9000,1.0,0,0,5,56,0,0.0,0,,none_recorded,Seattle,98177
3337,2014-06-25,ADDR_bd47bcca59164ce2,505000.0,3.0,1.75,1640,10695,1.0,0,2,3,39,0,0.0,0,,none_recorded,Kirkland,98034
3376,2014-06-25,ADDR_8cc77c12663df558,150000.0,2.0,1.0,890,8100,1.0,0,0,3,72,0,0.0,0,15.0,valid_year,Burien,98146
3322,2014-06-25,ADDR_e8fa8489442387e7,725000.0,4.0,2.5,2490,5170,2.0,0,0,4,14,0,0.0,0,,none_recorded,Redmond,98052
3374,2014-06-25,ADDR_5d2bf939617107ce,625000.0,5.0,2.5,2700,21208,1.0,0,0,4,59,1,0.2777777777777778,0,5.0,valid_year,Bellevue,98005
3287,2014-06-25,ADDR_c0401443782c4913,1229000.0,4.0,3.5,3770,37034,2.0,0,0,3,25,1,0.2493368700265252,0,,none_recorded,Bellevue,98007
3363,2014-06-25,ADDR_3e63234b2f092d58,913888.0,5.0,2.25,2370,15512,2.0,0,0,4,33,0,0.0,0,,none_recorded,Bellevue,98006
3284,2014-06-25,ADDR_bb38f74d995257e1,995000.0,3.0,4.5,4380,47044,2.0,1,3,3,46,1,0.1506849315068493,0,24.0,valid_year,Burien,98166
3306,2014-06-25,ADDR_3c3ccc5292677a79,725000.0,3.0,2.5,2610,7510,2.0,0,0,3,18,0,0.0,0,,none_recorded,Redmond,98052
3354,2014-06-25,ADDR_8ea319fedf762b9a,1140000.0,4.0,2.25,3310,127631,2.0,0,0,5,90,0,0.0,0,58.0,valid_year,Woodinville,98072
3353,2014-06-25,ADDR_94d7f80ad2cf6ded,349000.0,3.0,1.0,1010,8184,1.0,0,0,4,67,0,0.0,0,26.0,valid_year,Shoreline,98155
3282,2014-06-25,ADDR_80b3589334f083d6,1200000.0,4.0,1.75,3990,13470,2.0,0,0,3,8,0,0.0,0,,none_recorded,Newcastle,98059
3338,2014-06-25,ADDR_ce80c6c2ecbed7ed,1355000.0,3.0,1.5,2680,4775,2.0,0,2,5,101,1,0.29850746268656714,0,,none_recorded,Seattle,98109
3320,2014-06-25,ADDR_9e1b5ee97e1e001b,450000.0,3.0,1.5,2330,11740,1.0,0,0,3,60,1,0.4291845493562232,0,9.0,valid_year,Lake Forest Park,98155
3390,2014-06-25,ADDR_fda3911d29abbbf3,1280000.0,4.0,3.5,4660,17398,2.0,0,2,3,11,0,0.0,0,,none_recorded,Bellevue,98006
3283,2014-06-25,ADDR_d3af5277ca11b8ce,276900.0,3.0,1.0,1270,7566,1.0,0,0,4,56,0,0.0,0,42.0,valid_year,Renton,98056
3382,2014-06-25,ADDR_acaf51404ff08da4,299900.0,3.0,1.0,1110,8593,1.0,0,0,3,35,0,0.0,0,0.0,valid_year,Shoreline,98155
3277,2014-06-25,ADDR_c7d58fc65df3799e,400000.0,3.0,2.5,2180,7508,1.0,0,0,4,52,1,0.3486238532110092,0,,none_recorded,Shoreline,98133
3278,2014-06-25,ADDR_5d9fe5cc53561a95,365500.0,3.0,2.0,1410,9600,1.0,0,0,4,31,0,0.0,0,,none_recorded,Woodinville,98072
3276,2014-06-25,ADDR_f4f53bf2221409ce,890000.0,4.0,1.0,2550,4000,2.0,0,0,3,109,1,0.07058823529411765,0,4.0,valid_year,Seattle,98109
4541,2014-06-25,ADDR_812e5f73861150f1,375000.0,5.0,3.25,3370,7947,2.0,0,0,3,13,0,0.0,0,,none_recorded,Kirkland,98033
3312,2014-06-25,ADDR_af9e10a6d34075f0,589950.0,5.0,3.0,2790,19439,1.0,0,3,5,41,1,0.46236559139784944,0,,none_recorded,Renton,98058
3386,2014-06-25,ADDR_0cd96ef68dcba2d0,383000.0,3.0,1.75,1500,13430,1.0,0,0,3,37,0,0.0,0,10.0,valid_year,Woodinville,98072
3291,2014-06-25,ADDR_f05c3e97a081d4c5,270000.0,3.0,2.5,1670,8364,1.0,0,0,4,24,1,0.2215568862275449,0,,none_recorded,Covington,98042
3368,2014-06-25,ADDR_dc28967512d0edbe,260000.0,3.0,1.5,1580,8184,1.0,0,0,3,60,1,0.27848101265822783,0,9.0,valid_year,Des Moines,98148
3319,2014-06-25,ADDR_2e2ef710b7ce6627,286000.0,2.0,1.0,780,3475,1.0,0,0,4,84,0,0.0,0,,none_recorded,North Bend,98045
3321,2014-06-25,ADDR_1e3a0f93b74c5774,870000.0,4.0,2.75,2840,4000,1.5,0,0,5,102,1,0.30985915492957744,0,,none_recorded,Seattle,98144
3334,2014-06-25,ADDR_d5a61fe26bd7c250,200000.0,3.0,1.0,1150,4800,1.5,0,0,4,76,0,0.0,0,,none_recorded,Auburn,98002
3316,2014-06-25,ADDR_f7a14669f76a6029,565000.0,2.0,1.75,1670,4008,1.0,0,0,3,9,0,0.0,0,,none_recorded,Issaquah,98029
3378,2014-06-25,ADDR_fe44808ea6159652,246500.0,3.0,2.5,1620,7686,2.0,0,0,3,25,0,0.0,0,,none_recorded,Maple Valley,98038
3308,2014-06-25,ADDR_934900852821d65d,205000.0,3.0,1.0,1050,8498,1.0,0,0,3,56,0,0.0,0,10.0,valid_year,Kent,98031
3317,2014-06-25,ADDR_b96a24cef8ecc92f,500000.0,3.0,1.5,1190,4750,1.0,0,0,3,74,1,0.18487394957983194,0,18.0,valid_year,Seattle,98107
3358,2014-06-25,ADDR_c806491878550ffc,531500.0,4.0,2.75,3110,49765,1.0,0,0,4,56,0,0.0,0,42.0,valid_year,Black Diamond,98010
3311,2014-06-25,ADDR_d7bd1fb474dd18ce,386000.0,4.0,2.25,2050,9583,2.0,0,2,3,49,1,0.13658536585365855,0,21.0,valid_year,Des Moines,98198
3345,2014-06-25,ADDR_787b36d2ae8e0fb6,530000.0,5.0,2.25,2140,7910,1.0,0,0,3,52,1,0.5,0,11.0,valid_year,Bellevue,98007
3341,2014-06-25,ADDR_f116e21752369150,770000.0,4.0,2.5,3920,12415,2.0,0,0,3,17,0,0.0,0,,none_recorded,Sammamish,98075
3355,2014-06-25,ADDR_9202c91b4352b67a,320000.0,4.0,2.5,2000,10051,2.0,0,0,3,17,0,0.0,0,,none_recorded,Maple Valley,98038
3347,2014-06-25,ADDR_37141a8a0b532778,1005000.0,4.0,4.5,4225,284011,2.0,0,0,4,29,0,0.0,0,,none_recorded,Sammamish,98074
3315,2014-06-25,ADDR_49666c49cb455dcd,690500.0,5.0,2.0,2000,4211,1.5,0,2,4,106,1,0.36,0,,none_recorded,Seattle,98112
3307,2014-06-25,ADDR_e5771ec7c5390683,285000.0,3.0,2.0,1460,6377,1.0,0,0,3,19,0,0.0,0,,none_recorded,Maple Valley,98038
3346,2014-06-25,ADDR_5f7cf70ce131f52c,440000.0,3.0,1.75,2030,17100,1.0,0,0,4,61,0,0.0,0,31.0,valid_year,Burien,98166
3389,2014-06-25,ADDR_da770a7f508fd1c5,578000.0,4.0,2.5,2070,5415,2.0,0,0,3,18,0,0.0,0,,none_recorded,Issaquah,98029
3342,2014-06-25,ADDR_004b5818b4e3ff33,245700.0,3.0,2.25,1640,8400,1.0,0,0,3,46,1,0.2804878048780488,0,17.0,valid_year,Kent,98032
3279,2014-06-25,ADDR_28e5f307ec5a73fc,245000.0,3.0,2.0,1410,5760,1.0,0,0,3,29,0,0.0,0,,none_recorded,Kent,98030
3330,2014-06-25,ADDR_8594d091d4828f5b,249000.0,4.0,2.25,1830,6136,2.0,0,0,3,24,0,0.0,0,5.0,valid_year,Kent,98030
3336,2014-06-25,ADDR_43e4ca6687d83313,305000.0,6.0,2.0,1900,8240,1.0,0,0,2,50,1,0.3684210526315789,0,,none_recorded,Seattle,98125
3281,2014-06-25,ADDR_a06ab1348f96ae5e,196500.0,3.0,1.0,1320,9000,1.0,0,0,3,48,0,0.0,0,,invalid_year,Auburn,98001
3359,2014-06-25,ADDR_efe788eee32149f4,1150000.0,3.0,2.0,2110,18815,2.0,0,0,5,35,0,0.0,0,,none_recorded,Sammamish,98075
3392,2014-06-25,ADDR_7e87ae796f365594,364000.0,3.0,2.5,1800,2790,2.0,0,0,3,3,0,0.0,0,,none_recorded,Seattle,98126
3372,2014-06-25,ADDR_702bcce8f70c5c49,205000.0,3.0,1.0,1230,8750,1.0,0,0,3,49,0,0.0,0,21.0,valid_year,Federal Way,98003
3340,2014-06-25,ADDR_de1a789ab727c10c,299950.0,3.0,1.75,1790,7650,1.0,0,3,3,36,0,0.0,0,,none_recorded,Federal Way,98023
3383,2014-06-25,ADDR_078a1ead435d6135,200000.0,3.0,2.0,1190,6833,1.0,0,0,3,19,0,0.0,0,,none_recorded,Auburn,98092
3292,2014-06-25,ADDR_cc5a6bea5b3a396b,235000.0,4.0,2.0,1570,9415,2.0,0,0,4,30,0,0.0,0,,none_recorded,Auburn,98092
3329,2014-06-25,ADDR_883c126ba2554ed2,233000.0,3.0,1.0,1250,6180,1.5,0,0,3,59,0,0.0,0,9.0,valid_year,Shoreline,98155
3303,2014-06-25,ADDR_1f18883fe95bdf39,750000.0,3.0,1.5,1840,5000,1.5,0,0,5,99,1,0.2717391304347826,0,,none_recorded,Seattle,98107
3301,2014-06-25,ADDR_51ffbe8bce67a261,762000.0,4.0,3.5,4000,15253,2.0,0,0,3,7,0,0.0,0,,none_recorded,Snoqualmie,98065
3367,2014-06-25,ADDR_aa41097740c07455,557500.0,3.0,1.75,1900,11165,1.0,0,0,4,55,0,0.0,0,,none_recorded,Bellevue,98008
3399,2014-06-25,ADDR_be8ee8be127ea680,563500.0,3.0,2.5,1400,1312,3.5,0,0,3,7,0,0.0,0,,none_recorded,Seattle,98103
3400,2014-06-25,ADDR_2cc4b77b17ed1794,975000.0,5.0,3.0,2620,5477,2.0,0,0,3,5,0,0.0,0,,none_recorded,Seattle,98115
3373,2014-06-25,ADDR_91e90387ee2750c6,957000.0,5.0,3.25,3160,5000,2.0,0,2,3,9,1,0.310126582278481,0,,none_recorded,Seattle,98199
3375,2014-06-25,ADDR_dd5939ac664ce065,680000.0,4.0,1.5,1880,6200,1.0,0,2,5,60,1,0.23404255319148937,0,,none_recorded,Seattle,98146
3300,2014-06-25,ADDR_f5570e79031616ce,905000.0,5.0,3.5,3100,10200,1.0,0,4,3,44,1,0.4645161290322581,0,0.0,valid_year,Bellevue,98008
3393,2014-06-25,ADDR_891dd260752b90b7,240000.0,3.0,2.25,1481,2820,2.0,0,0,3,2,0,0.0,0,,invalid_year,Auburn,98002
3352,2014-06-25,ADDR_918e82cb134ab050,435000.0,2.0,1.0,1060,3036,1.5,0,0,4,71,0,0.0,0,,none_recorded,Seattle,98105
3333,2014-06-25,ADDR_3b57adc575db814b,860000.0,5.0,3.25,4500,9648,2.0,0,4,4,46,1,0.3333333333333333,0,,none_recorded,Seattle,98125
3348,2014-06-25,ADDR_5f3a7e9f3119716f,599990.0,3.0,2.25,2680,9162,1.0,0,0,3,36,1,0.4141791044776119,0,,none_recorded,Issaquah,98027
3349,2014-06-25,ADDR_cd92279d1c07dba5,544000.0,4.0,2.5,2030,3974,2.0,0,0,3,20,0,0.0,0,,none_recorded,Issaquah,98029
3362,2014-06-25,ADDR_5c590782dbcf808f,744500.0,5.0,2.5,2700,16570,1.0,0,0,4,47,1,0.35185185185185186,0,,none_recorded,Bellevue,98005
4320,2014-06-25,ADDR_6051d1340d6c1617,299950.0,3.0,2.5,1870,7942,2.0,0,0,3,24,0,0.0,0,5.0,valid_year,Auburn,98001
3391,2014-06-25,ADDR_2d08fb3b35a69241,395000.0,2.0,2.25,1350,1493,2.0,0,0,3,7,1,0.2222222222222222,0,,none_recorded,Seattle,98136
3286,2014-06-25,ADDR_1bdf187856772fb1,505000.0,3.0,2.5,1860,8060,2.0,0,0,4,27,0,0.0,0,,none_recorded,Issaquah,98029
3302,2014-06-25,ADDR_92f431b1b82c9081,356000.0,4.0,2.0,2020,48693,1.5,0,0,3,65,0,0.0,0,16.0,valid_year,North Bend,98045
3384,2014-06-25,ADDR_f9a7bd5de95dfac3,346500.0,3.0,1.0,1150,11802,1.0,0,0,4,82,0,0.0,0,56.0,valid_year,Seattle,98106
3357,2014-06-25,ADDR_0727070f9739e386,594000.0,3.0,2.25,1270,1406,2.0,0,0,3,0,1,0.16535433070866143,0,,none_recorded,Seattle,98105
3285,2014-06-25,ADDR_52d2bc2a442c4634,2300000.0,4.0,3.25,4250,8570,2.0,0,0,3,10,0,0.0,0,,invalid_year,Bellevue,98004
3296,2014-06-25,ADDR_a43e29185249b7b7,381500.0,2.0,1.0,900,2910,1.0,0,0,5,90,0,0.0,0,58.0,valid_year,Seattle,98115
3365,2014-06-25,ADDR_9bb4a3a513167863,346500.0,2.0,1.75,1610,6300,1.0,0,0,3,73,1,0.37267080745341613,0,20.0,valid_year,Seattle,98108
3323,2014-06-25,ADDR_394845fb01ffe7e4,275000.0,2.0,1.0,770,4840,1.0,0,0,4,87,0,0.0,0,,none_recorded,Seattle,98126
3297,2014-06-25,ADDR_9a00c5aaa346f79c,562100.0,2.0,0.75,1440,3700,1.0,0,0,3,100,1,0.16666666666666666,0,18.0,valid_year,Seattle,98107
3290,2014-06-25,ADDR_a392db30037f27c5,800000.0,2.0,1.0,1740,5719,1.0,0,0,3,59,0,0.0,0,9.0,valid_year,Seattle,98103
3318,2014-06-25,ADDR_27a2c4ffb0019cbf,330000.0,6.0,2.25,3040,28535,1.0,0,0,3,63,1,0.3782894736842105,0,20.0,valid_year,Kent,98030
3324,2014-06-25,ADDR_3257c90b2eb2ca4b,645000.0,3.0,2.75,1850,16960,1.0,0,2,4,61,0,0.0,0,31.0,valid_year,Seattle,98177
3335,2014-06-25,ADDR_80166fdd44c0b443,402000.0,4.0,2.25,2000,3672,2.0,0,0,5,88,1,0.175,0,,none_recorded,Seattle,98117
3313,2014-06-25,ADDR_b958ab8ea0fa41df,575000.0,3.0,2.25,1700,3333,1.5,0,0,3,90,1,0.35294117647058826,0,3.0,valid_year,Seattle,98117
3356,2014-06-25,ADDR_0e979fd40eb8adb7,804100.0,4.0,2.5,3070,8086,2.0,0,0,3,9,0,0.0,0,,none_recorded,Newcastle,98059
3314,2014-06-25,ADDR_328c5690bf5fb631,574000.0,3.0,2.5,2380,6832,2.0,0,0,3,12,0,0.0,0,,none_recorded,Snoqualmie,98065
3388,2014-06-25,ADDR_a5cd352039f176e2,410000.0,3.0,1.5,1250,7700,1.0,0,0,5,46,0,0.0,0,,none_recorded,Newcastle,98056
3339,2014-06-25,ADDR_03a49f84ec5b8759,482000.0,3.0,2.5,2420,7307,2.0,0,0,3,16,0,0.0,0,8.0,valid_year,Snoqualmie,98065
4540,2014-06-25,ADDR_773d684d718917e2,190368.75,2.0,1.0,1120,5650,1.0,0,0,3,70,0,0.0,0,,none_recorded,Seattle,98178
3304,2014-06-25,ADDR_fa4061946b1ec21d,418800.0,4.0,2.25,2100,9984,1.0,0,0,4,41,1,0.38571428571428573,0,,none_recorded,Kenmore,98028
3310,2014-06-25,ADDR_620f0ce12d7d99aa,657000.0,4.0,2.5,2180,3375,1.5,0,0,4,88,1,0.3486238532110092,0,21.0,valid_year,Seattle,98117
3327,2014-06-25,ADDR_738083e5a760faab,190000.0,1.0,0.75,930,29258,1.0,0,0,3,73,0,0.0,0,20.0,valid_year,Seattle,98178
3288,2014-06-25,ADDR_4d6ab34cc5f8f9ca,352000.0,4.0,1.0,1530,8890,1.0,0,0,3,89,1,0.35947712418300654,0,12.0,valid_year,Seattle,98106
3370,2014-06-25,ADDR_3c29aed111807b50,640000.0,3.0,1.75,1620,6000,1.0,0,0,5,67,1,0.35802469135802467,0,,none_recorded,Seattle,98103
3364,2014-06-25,ADDR_b442177f6e3a5135,760000.0,4.0,2.5,2760,6000,2.0,0,0,5,72,1,0.19202898550724637,0,,none_recorded,Seattle,98115
3360,2014-06-25,ADDR_7179cb7579c23290,374500.0,3.0,2.25,1400,11400,2.0,0,0,3,30,0,0.0,0,,none_recorded,Kenmore,98028
3289,2014-06-25,ADDR_9d49e2886f480e2e,597326.0,4.0,4.0,3570,8250,2.0,0,0,3,1,1,0.19887955182072828,0,,invalid_year,Mercer Island,98040
3381,2014-06-25,ADDR_05b3b8ac0955703f,454000.0,3.0,1.0,1970,22144,1.0,0,0,4,44,0,0.0,0,,none_recorded,Snoqualmie,98065
3332,2014-06-25,ADDR_c0b01405c2a0f868,265950.0,3.0,1.5,1150,8450,1.0,0,0,4,63,0,0.0,0,15.0,valid_year,Seattle,98178
3298,2014-06-25,ADDR_791cfed0f2fa07a3,740000.0,4.0,2.5,3000,10392,2.0,0,0,3,19,0,0.0,0,,none_recorded,Issaquah,98027
3395,2014-06-25,ADDR_6c8e51b36b6aae04,594000.0,4.0,2.75,2720,4613,2.0,0,0,3,9,0,0.0,0,,none_recorded,Kenmore,98028
3379,2014-06-25,ADDR_ebbcf0bed8d9c8ad,450000.0,2.0,1.0,1380,4390,1.0,0,0,4,83,1,0.36231884057971014,0,,none_recorded,Seattle,98115
3344,2014-06-25,ADDR_d1972f2859cfd834,650000.0,4.0,2.75,1910,16532,1.0,0,0,4,74,1,0.25654450261780104,0,13.0,valid_year,Seattle,98117
3309,2014-06-25,ADDR_df4a1bf5588a78ad,583000.0,3.0,2.5,1790,8144,2.0,0,0,3,25,0,0.0,0,,none_recorded,Sammamish,98074
3328,2014-06-25,ADDR_3bdbb93138350ddf,700000.0,4.0,2.5,2770,5686,2.0,0,0,3,10,0,0.0,0,,invalid_year,Sammamish,98075
3331,2014-06-25,ADDR_9683b60a8db677c2,310000.0,2.0,1.0,870,5400,1.0,0,0,3,64,0,0.0,0,7.0,valid_year,Seattle,98126
3350,2014-06-25,ADDR_ac7b87e31d3fd105,1700000.0,5.0,3.5,5850,22885,2.0,0,2,4,36,1,0.20170940170940171,0,14.0,valid_year,Bellevue,98004
3295,2014-06-25,ADDR_4c02c87754cb95c4,608000.0,4.0,2.5,2690,4736,2.0,0,0,3,13,0,0.0,0,,none_recorded,Redmond,98053
3361,2014-06-25,ADDR_f582ac0497b4f5d5,450000.0,4.0,2.75,2310,5650,1.0,0,2,3,62,1,0.42424242424242425,0,2.0,valid_year,Seattle,98118
