meta_source_row_id,meta_sale_date,price,isolation_score,robust_mahalanobis_sq,isolation_top_1pct,robust_distance_top_1pct,consensus_anomaly
24,2014-05-02,612500.0,0.13885509961689707,2.397027049205662,False,False,False
28,2014-05-02,698000.0,0.026995766926382614,12.621407070464802,False,False,False
18,2014-05-02,367500.0,0.1281354737089228,3.5216732483911426,False,False,False
4310,2014-05-02,436110.0,-0.009924566541098967,31.980093635081225,False,False,False
43,2014-05-02,308500.0,0.09097638416532933,4.910560802517872,False,False,False
4340,2014-05-02,440000.0,0.08529155026233415,11.472051871527388,False,False,False
20,2014-05-02,275000.0,0.11414340518131383,4.3992946733360165,False,False,False
62,2014-05-02,459990.0,0.12421543692132558,5.177563658360612,False,False,False
16,2014-05-02,242500.0,0.11356849183112422,3.241897137565794,False,False,False
31,2014-05-02,382500.0,0.10567778203673639,5.315312709849757,False,False,False
17,2014-05-02,419000.0,0.11308228520618552,4.13654986349545,False,False,False
50,2014-05-02,838000.0,0.12254397455499688,8.49945446766016,False,False,False
46,2014-05-02,315000.0,0.11609287491905257,4.676170127923136,False,False,False
19,2014-05-02,257950.0,0.11592433038726235,4.857682217549411,False,False,False
34,2014-05-02,625000.0,0.12207757975455952,3.6704988311773725,False,False,False
39,2014-05-02,403000.0,0.012696324516901891,22.178276819615373,False,False,False
13,2014-05-02,588500.0,0.09219444515383468,19.15192598481924,False,False,False
1,2014-05-02,313000.0,0.10156946741222134,2.326379790721978,False,False,False
55,2014-05-02,470000.0,0.07907516554031757,9.028044402974313,False,False,False
32,2014-05-02,499950.0,0.07896098644284,10.418184352597454,False,False,False
42,2014-05-02,260000.0,0.09987669341973887,6.15674188219007,False,False,False
25,2014-05-02,495000.0,0.1021981321294882,6.441000850160325,False,False,False
38,2014-05-02,287200.0,0.05433798192431366,16.199177038682357,False,False,False
29,2014-05-02,675000.0,0.05435914266324099,16.257450056423014,False,False,False
8,2014-05-02,482000.0,0.12808643085886295,7.233394129760795,False,False,False
14,2014-05-02,365000.0,0.10687877063259399,4.335980838701854,False,False,False
47,2014-05-02,437500.0,0.09429090813459856,11.55295172049471,False,False,False
7,2014-05-02,335000.0,0.0699044012913227,11.566023020077074,False,False,False
3,2014-05-02,342000.0,0.10902836901758256,4.563823393240551,False,False,False
49,2014-05-02,445700.0,0.057822668412697176,15.062296844862255,False,False,False
51,2014-05-02,630000.0,0.12350453835522718,7.598561993960685,False,False,False
26,2014-05-02,285000.0,0.09581640988839835,5.868601808650172,False,False,False
64,2014-05-02,300000.0,0.139292408241332,4.10623939591551,False,False,False
36,2014-05-02,604000.0,0.0635389914716214,9.614648017553447,False,False,False
23,2014-05-02,626000.0,0.024299299851685274,19.324972283486705,False,False,False
21,2014-05-02,750000.0,0.015481902028165573,21.60730281290142,False,False,False
54,2014-05-02,284000.0,0.10751523613263858,4.403982585779048,False,False,False
30,2014-05-02,790000.0,0.09097600871662365,8.43337355080491,False,False,False
59,2014-05-02,385000.0,0.054251090744924846,18.8455855247036,False,False,False
61,2014-05-02,555000.0,0.12241981594445617,6.18971652011748,False,False,False
15,2014-05-02,1200000.0,0.04315312557448425,15.068174589471633,False,False,False
40,2014-05-02,750000.0,0.06135706297336574,6.228443445772171,False,False,False
57,2014-05-02,491500.0,-0.03372961984839129,15.444629841255791,False,False,False
12,2014-05-02,1400000.0,0.012890445160207098,17.189570721996724,False,False,False
22,2014-05-02,435000.0,0.08749414895075491,8.1754742663235,False,False,False
52,2014-05-02,550000.0,0.08486424350040078,10.137428656400145,False,False,False
56,2014-05-02,430000.0,0.08687995563009882,7.151964090391301,False,False,False
48,2014-05-02,407500.0,0.14125012014621324,2.958802718806672,False,False,False
44,2014-05-02,439950.0,0.12524899066744172,3.0660550337556587,False,False,False
41,2014-05-02,335000.0,0.09428084249350616,5.635801807091999,False,False,False
9,2014-05-02,452500.0,0.04419493157597659,19.372425531611594,False,False,False
37,2014-05-02,440000.0,0.08612595542984491,5.269591210668367,False,False,False
35,2014-05-02,400000.0,0.046905011821434306,11.193431315007407,False,False,False
4353,2014-05-02,237227.86,0.13898282162411874,2.1632540356211205,False,False,False
6,2014-05-02,490000.0,0.09611282435108875,5.706812768760256,False,False,False
60,2014-05-02,295000.0,0.04726248892992241,14.521926350154192,False,False,False
53,2014-05-02,805000.0,0.06594138333555699,11.459109564372962,False,False,False
10,2014-05-02,640000.0,0.09314215089534134,6.387739042401713,False,False,False
2,2014-05-02,2384000.0,-0.09630254927443438,54.16967288904573,False,True,False
33,2014-05-02,650000.0,0.01987689633253914,27.18376483360579,False,False,False
58,2014-05-02,785000.0,0.01728346260701652,6.137443293148343,False,False,False
45,2014-05-02,235000.0,0.05459438951503082,11.43501950505848,False,False,False
27,2014-05-02,615000.0,0.09664538199820455,6.609147362065928,False,False,False
4,2014-05-02,420000.0,0.08393869273552301,11.058921595723039,False,False,False
5,2014-05-02,550000.0,0.10089680639785487,6.045677729360335,False,False,False
63,2014-05-02,625000.0,0.0262853158485305,20.33472566873686,False,False,False
11,2014-05-02,463000.0,0.11247559614154223,5.5958229992725625,False,False,False
67,2014-05-03,379880.0,0.08972554747211092,8.153235691241006,False,False,False
65,2014-05-03,625000.0,0.12311915658648365,3.41332974712271,False,False,False
68,2014-05-03,310000.0,0.09529688778232354,6.427397241295691,False,False,False
66,2014-05-03,553000.0,0.09729526521836068,5.2117509698380635,False,False,False
69,2014-05-04,775000.0,0.06069246953229135,20.623226608910134,False,False,False
70,2014-05-04,365000.0,0.052124300298003357,13.810976303333662,False,False,False
72,2014-05-04,783500.0,0.08103025634194444,7.849145319308777,False,False,False
73,2014-05-04,628000.0,0.013298163205005709,19.838739897281656,False,False,False
71,2014-05-04,331950.0,0.04795053727673165,11.478016617444375,False,False,False
115,2014-05-05,740000.0,0.022837472085032173,19.197042765629963,False,False,False
102,2014-05-05,570000.0,0.10876891386728871,4.483611478723677,False,False,False
88,2014-05-05,620000.0,0.05971431322895021,9.002629038658203,False,False,False
98,2014-05-05,384900.0,0.06411364478468806,9.137472339551593,False,False,False
91,2014-05-05,800866.0,0.0649401457985917,7.863792942931675,False,False,False
77,2014-05-05,831000.0,0.06650459672619724,9.118527982061645,False,False,False
143,2014-05-05,830000.0,0.1324757569149314,5.115112286247295,False,False,False
93,2014-05-05,823000.0,-0.07629629169725993,80.25196384494804,False,True,False
104,2014-05-05,328000.0,0.14382262004281243,2.007685380759346,False,False,False
79,2014-05-05,755000.0,0.09329946794966248,9.065102915737928,False,False,False
150,2014-05-05,419190.0,0.06646909651257094,10.735199150906077,False,False,False
118,2014-05-05,206000.0,0.053282092232730394,10.524597137301376,False,False,False
92,2014-05-05,650000.0,0.060413042964273356,5.598361914279847,False,False,False
114,2014-05-05,525888.0,-0.00429217982388308,23.64661027371813,False,False,False
142,2014-05-05,340000.0,0.05731048668200367,9.132988335195252,False,False,False
138,2014-05-05,487585.0,0.10769299147772826,7.657759200145736,False,False,False
75,2014-05-05,900000.0,0.03423000077599536,17.789520122831817,False,False,False
105,2014-05-05,435000.0,0.056044163979081074,24.37926083513984,False,False,False
128,2014-05-05,329950.0,0.06658944547922835,5.309950665129943,False,False,False
76,2014-05-05,531000.0,0.022288172285077734,25.573736046128133,False,False,False
116,2014-05-05,340000.0,0.03585690355547977,20.973419862794678,False,False,False
85,2014-05-05,485000.0,0.08019797958369601,8.45584097304881,False,False,False
145,2014-05-05,366750.0,0.048947277269886236,13.477437763410714,False,False,False
130,2014-05-05,549000.0,0.13821383397896103,4.007416034037512,False,False,False
121,2014-05-05,379950.0,0.06945205361719803,9.478213444384085,False,False,False
151,2014-05-05,712198.0,0.12303413463749008,4.247395329223218,False,False,False
101,2014-05-05,736500.0,0.03327918043025602,4.712933444299118,False,False,False
82,2014-05-05,865000.0,0.12420035569310817,4.699708746818313,False,False,False
124,2014-05-05,309950.0,0.14092920910959877,2.29112956600179,False,False,False
4354,2014-05-05,117833.33,0.025427609370274662,36.71498541043365,False,False,False
132,2014-05-05,249950.0,0.11060500252291944,3.983083635443516,False,False,False
120,2014-05-05,600000.0,0.08787766733356861,7.014715542711407,False,False,False
136,2014-05-05,615000.0,0.07892220891992907,21.730449853736197,False,False,False
134,2014-05-05,1425000.0,0.09474239249805433,8.477352434203976,False,False,False
81,2014-05-05,627000.0,0.10535311598142677,4.9320480200642995,False,False,False
4349,2014-05-05,2199900.0,0.09592839887749405,8.8045648200635,False,False,False
90,2014-05-05,232000.0,0.09249199644095524,5.414474773006233,False,False,False
148,2014-05-05,478000.0,0.12989707702089076,7.739066160893503,False,False,False
87,2014-05-05,549000.0,0.024454636484034564,12.045152280608763,False,False,False
133,2014-05-05,210000.0,0.08162196618898937,10.953825172540014,False,False,False
86,2014-05-05,400000.0,0.03009095054596672,18.99847511743341,False,False,False
94,2014-05-05,770000.0,0.07222768172467992,11.939007934779779,False,False,False
103,2014-05-05,787000.0,0.11796074706526244,3.755683170391174,False,False,False
74,2014-05-05,560000.0,0.1382148528683655,2.588103320570679,False,False,False
131,2014-05-05,800000.0,0.12858132924472937,6.710718613049084,False,False,False
112,2014-05-05,309950.0,0.13461676491318292,2.780706863157414,False,False,False
78,2014-05-05,780000.0,0.07585651107812819,2.26281766269426,False,False,False
84,2014-05-05,410000.0,0.08039701638413643,13.786073000029756,False,False,False
107,2014-05-05,501000.0,0.07785583332474683,14.870725224442921,False,False,False
117,2014-05-05,398750.0,0.10334591468506976,6.669105450855658,False,False,False
123,2014-05-05,2280000.0,-0.25371114230021674,147.49032535392305,True,True,True
113,2014-05-05,300000.0,0.11066220887206185,8.14565911500981,False,False,False
137,2014-05-05,618500.0,0.10246823915781378,4.109484016371707,False,False,False
129,2014-05-05,245000.0,0.08505164827012285,12.584641183336489,False,False,False
80,2014-05-05,705380.0,0.13757208302894242,4.149332112488425,False,False,False
106,2014-05-05,499000.0,0.13838404104003055,3.7967249203342126,False,False,False
95,2014-05-05,524000.0,0.07100032610418505,10.179200526096169,False,False,False
97,2014-05-05,670000.0,-0.035560036508932136,32.06311358523817,False,False,False
135,2014-05-05,585000.0,0.038206476848109794,27.020729166912666,False,False,False
100,2014-05-05,1395000.0,-0.021142935761887305,16.84059013839812,False,False,False
111,2014-05-05,657100.0,0.03803808177334583,16.46342234583104,False,False,False
141,2014-05-05,555000.0,0.13262044689047797,3.5316805134040505,False,False,False
109,2014-05-05,400000.0,0.0970694642853765,5.272397239217135,False,False,False
119,2014-05-05,1030000.0,0.0065806460028733915,11.611982659792742,False,False,False
139,2014-05-05,509900.0,0.12752568254081287,4.055977939953431,False,False,False
110,2014-05-05,220000.0,0.10435197357550419,7.0314530239404425,False,False,False
127,2014-05-05,449250.0,0.025967977182754953,13.34900237834324,False,False,False
96,2014-05-05,541125.0,0.06090271462042368,12.347620737029478,False,False,False
4356,2014-05-05,744312.5,0.09510114251455137,7.0923555239777984,False,False,False
147,2014-05-05,416286.0,0.05880797042123809,13.860687857122434,False,False,False
149,2014-05-05,890000.0,0.03366411769906047,9.239222291232005,False,False,False
125,2014-05-05,600000.0,0.09560245547481716,5.759758998344438,False,False,False
144,2014-05-05,890000.0,0.0289357249234955,17.575592650363127,False,False,False
99,2014-05-05,406100.0,0.06587944008227126,13.699519225264773,False,False,False
83,2014-05-05,580000.0,-0.014657375343246404,29.513233082261777,False,False,False
122,2014-05-05,287000.0,0.10692784785204978,6.162118140807202,False,False,False
108,2014-05-05,1090000.0,0.022713624756057094,29.29774997626622,False,False,False
126,2014-05-05,418000.0,0.08558385269213065,5.868511214672812,False,False,False
89,2014-05-05,405000.0,0.033152207091473374,18.78710225322886,False,False,False
140,2014-05-05,631625.0,0.1288628961381862,3.1368374525719496,False,False,False
146,2014-05-05,415000.0,0.01930337326634468,35.28438974506245,False,False,False
182,2014-05-06,460000.0,0.03413685101183822,18.29048461851735,False,False,False
222,2014-05-06,191000.0,0.08618170974217232,8.924369544255146,False,False,False
152,2014-05-06,397000.0,0.08123034181463096,16.508915725561167,False,False,False
154,2014-05-06,353000.0,0.07462125626279775,6.285925538142482,False,False,False
183,2014-05-06,345000.0,0.13539157795292828,3.834260940429437,False,False,False
209,2014-05-06,387000.0,0.07110179120890453,10.601293082728391,False,False,False
195,2014-05-06,280000.0,0.11227850011818735,3.38417573078071,False,False,False
184,2014-05-06,455000.0,0.08270476879500205,9.641292640905267,False,False,False
223,2014-05-06,500000.0,0.06910255753020644,12.971632813514878,False,False,False
200,2014-05-06,365000.0,0.11870831098908058,3.6090572924034916,False,False,False
170,2014-05-06,390000.0,0.11227238718254001,3.8510359317684606,False,False,False
228,2014-05-06,1800000.0,-0.06477982209458832,39.402246831082486,False,False,False
207,2014-05-06,725126.0,0.1359291636036491,3.6593373810532075,False,False,False
167,2014-05-06,425000.0,0.07220166622251722,11.350070386648632,False,False,False
179,2014-05-06,379900.0,0.09420575734077735,5.862402437202022,False,False,False
210,2014-05-06,483500.0,0.12836661529497956,9.10902522436951,False,False,False
185,2014-05-06,610000.0,0.05829817275192839,10.746203303021176,False,False,False
189,2014-05-06,404000.0,0.08482419926112278,10.911181381222331,False,False,False
198,2014-05-06,599000.0,0.045577275211517665,19.516295707526314,False,False,False
161,2014-05-06,279900.0,0.07972372680354745,3.6574183219526826,False,False,False
229,2014-05-06,776000.0,0.13706752195188238,4.527704344298231,False,False,False
211,2014-05-06,655500.0,0.11229610568716569,6.491125802460899,False,False,False
187,2014-05-06,612500.0,0.07565485848792303,11.983459492762597,False,False,False
175,2014-05-06,362000.0,0.09871215251824134,6.000479671634307,False,False,False
172,2014-05-06,736000.0,0.11421553729146688,3.7684132717322236,False,False,False
203,2014-05-06,562000.0,0.0941344125940391,8.228363100854883,False,False,False
178,2014-05-06,367500.0,0.11949507060502884,2.9929866750721397,False,False,False
155,2014-05-06,609000.0,0.1251965826169119,10.27904334490321,False,False,False
169,2014-05-06,250000.0,0.11400911782981016,4.545617540871109,False,False,False
4361,2014-05-06,280000.0,0.10908942558972867,4.883346208954218,False,False,False
171,2014-05-06,475000.0,-0.06607473872257397,36.80278513462956,False,False,False
181,2014-05-06,175000.0,0.11229061891095393,4.734771428108144,False,False,False
220,2014-05-06,499000.0,-0.011516173881428449,12.862489604322784,False,False,False
205,2014-05-06,525000.0,0.07686877536863879,9.934913784051423,False,False,False
193,2014-05-06,575000.0,0.05552371039508558,8.49119102362537,False,False,False
201,2014-05-06,762300.0,0.1212674561931778,6.60331186882965,False,False,False
173,2014-05-06,407000.0,0.06103395309285248,6.697470559402349,False,False,False
199,2014-05-06,685000.0,0.13680084790515135,3.4576185140590963,False,False,False
190,2014-05-06,860000.0,0.10538807775568243,12.417032392716058,False,False,False
221,2014-05-06,1050000.0,0.08357757607240562,8.675222898351727,False,False,False
4330,2014-05-06,518000.0,0.11440578237263882,2.975791404032488,False,False,False
156,2014-05-06,234000.0,0.09890118005393722,4.548494807498245,False,False,False
177,2014-05-06,284000.0,0.1404313680251757,2.6578829140818687,False,False,False
194,2014-05-06,1225000.0,0.03198958893481324,14.178286804519358,False,False,False
162,2014-05-06,606000.0,0.1362475378607812,3.5281546265561055,False,False,False
163,2014-05-06,312000.0,0.10256540889344495,9.422992113273034,False,False,False
216,2014-05-06,197000.0,0.10392260081735344,4.585504070985762,False,False,False
158,2014-05-06,469000.0,0.08407700498690346,7.4970043584294075,False,False,False
208,2014-05-06,360000.0,0.056637683308082276,12.59516489339079,False,False,False
219,2014-05-06,295000.0,0.09290925675227435,10.166400613373511,False,False,False
174,2014-05-06,272000.0,0.13078266373968478,5.985152136279089,False,False,False
212,2014-05-06,345000.0,0.11497266149054752,4.527913949753872,False,False,False
204,2014-05-06,530000.0,0.07761298392096083,7.1122426376809305,False,False,False
191,2014-05-06,136500.0,0.12052494551508564,3.0976845249486384,False,False,False
188,2014-05-06,218000.0,0.11316916837853902,5.497793039786232,False,False,False
4360,2014-05-06,439333.33,0.04637578039207385,16.66726738857219,False,False,False
224,2014-05-06,390000.0,-0.011169384219766876,31.26670307480068,False,False,False
165,2014-05-06,1135000.0,0.03308655446205466,8.496158698941942,False,False,False
153,2014-05-06,450000.0,0.027123928781353834,16.854774740103238,False,False,False
192,2014-05-06,313950.0,0.07185646317735378,7.896799481105363,False,False,False
215,2014-05-06,675000.0,-0.011315392208984365,13.89209470824247,False,False,False
4352,2014-05-06,7800.0,-0.022306899851504025,30.610549580974542,False,False,False
206,2014-05-06,484000.0,0.08270779733757117,8.772519159696914,False,False,False
214,2014-05-06,385000.0,0.10813699925233605,5.508184679186274,False,False,False
180,2014-05-06,520000.0,0.08206397503501156,14.76611644032685,False,False,False
166,2014-05-06,325000.0,0.0803135364192874,12.245343759234473,False,False,False
202,2014-05-06,1580000.0,0.011938047261964013,13.201105342962407,False,False,False
164,2014-05-06,650000.0,0.06722020021111513,6.057953313412039,False,False,False
157,2014-05-06,561000.0,0.0764659445345901,13.301359038009316,False,False,False
225,2014-05-06,979000.0,0.03850580641580581,11.962158503238003,False,False,False
226,2014-05-06,580000.0,0.0947304081986084,5.148497185448916,False,False,False
217,2014-05-06,485000.0,0.04955362091857829,15.56250621076644,False,False,False
186,2014-05-06,563000.0,0.08143128916660825,10.721065489144229,False,False,False
213,2014-05-06,533000.0,0.03801819277587254,27.0348541311504,False,False,False
218,2014-05-06,1870000.0,0.0331664845421345,18.302277078788638,False,False,False
176,2014-05-06,535000.0,0.1385923627474971,3.11804515107499,False,False,False
168,2014-05-06,219000.0,0.09924056272047271,4.931375767702531,False,False,False
227,2014-05-06,369950.0,0.05786662888353444,16.074166214221417,False,False,False
160,2014-05-06,488000.0,0.049237440656161924,12.728843588070276,False,False,False
197,2014-05-06,513000.0,0.14224080080361884,2.3640411690041674,False,False,False
196,2014-05-06,515000.0,0.1373609784199289,2.435114089233612,False,False,False
159,2014-05-06,329350.0,0.0884137401348683,7.733331809024565,False,False,False
297,2014-05-07,560000.0,0.1156780281074854,4.468864781401644,False,False,False
233,2014-05-07,510000.0,0.1402021445392172,2.730681952324687,False,False,False
231,2014-05-07,255000.0,0.06830649941813743,16.120262418425824,False,False,False
243,2014-05-07,758000.0,0.09008115964776342,8.81677570026735,False,False,False
311,2014-05-07,1040000.0,0.10420784891340451,7.302014913961966,False,False,False
310,2014-05-07,1532500.0,-0.00866850680335507,22.278299757343564,False,False,False
262,2014-05-07,581000.0,0.08252758913445157,8.81738030397735,False,False,False
309,2014-05-07,245000.0,0.05467047394218855,21.080606104343726,False,False,False
288,2014-05-07,239900.0,0.1174644428493869,4.706274274074445,False,False,False
280,2014-05-07,640000.0,0.07337367974574666,27.416663471912287,False,False,False
272,2014-05-07,630000.0,0.030659126081988564,17.519686899132484,False,False,False
253,2014-05-07,3200000.0,-0.15180967182680793,65.75940464163682,True,True,True
315,2014-05-07,417250.0,0.05921269255401829,12.790809973659611,False,False,False
277,2014-05-07,940000.0,0.06293133496667802,10.575438110924393,False,False,False
4364,2014-05-07,176225.0,0.11378474012801282,4.821025030221129,False,False,False
273,2014-05-07,900000.0,-0.03212956696484481,44.54901834789493,False,False,False
268,2014-05-07,420000.0,0.12598348079121008,2.419406092331436,False,False,False
308,2014-05-07,185000.0,0.08822923135103306,10.111752943621864,False,False,False
291,2014-05-07,100000.0,0.07747378582934689,9.69912964232015,False,False,False
238,2014-05-07,249000.0,0.11746165068069236,4.303533824978529,False,False,False
292,2014-05-07,540000.0,-0.0987206383932111,94.47086704651474,False,True,False
250,2014-05-07,415000.0,0.12076511967746195,7.051369032248069,False,False,False
244,2014-05-07,248500.0,0.07150234494508839,10.183795587703377,False,False,False
254,2014-05-07,420000.0,0.016881331951742684,11.853539098190337,False,False,False
271,2014-05-07,492000.0,0.019251189563398385,15.107496641714016,False,False,False
230,2014-05-07,519950.0,0.03607550895294731,17.179929535762874,False,False,False
282,2014-05-07,300000.0,0.0449323971197067,10.934584499946482,False,False,False
289,2014-05-07,314950.0,0.08885489086947568,6.999425473020443,False,False,False
263,2014-05-07,651000.0,0.05196021601694811,22.2401392717928,False,False,False
293,2014-05-07,480500.0,0.08276465247097886,7.133351830577191,False,False,False
276,2014-05-07,705000.0,0.012140308300010727,18.553378567284202,False,False,False
303,2014-05-07,409500.0,0.09936470421971921,7.552100202263918,False,False,False
239,2014-05-07,310000.0,0.10781132021901563,4.568701879506708,False,False,False
284,2014-05-07,339950.0,0.10269103677080738,5.795438703095585,False,False,False
245,2014-05-07,310000.0,0.09001783874587949,10.834512020515263,False,False,False
259,2014-05-07,230000.0,0.14081461620033597,2.6365207575496385,False,False,False
287,2014-05-07,500000.0,0.06821625214699928,9.70272223386602,False,False,False
237,2014-05-07,275000.0,0.09988777536374616,5.015264685420951,False,False,False
304,2014-05-07,690000.0,0.09210334736256304,5.7883131368223575,False,False,False
261,2014-05-07,250000.0,-0.026182305699049002,20.34726912377082,False,False,False
269,2014-05-07,428000.0,0.0734086823203185,11.097406491090213,False,False,False
257,2014-05-07,515000.0,0.06895245897070101,7.521597940526706,False,False,False
241,2014-05-07,630000.0,0.06015417100824216,40.82729343375821,False,False,False
306,2014-05-07,375000.0,0.13511101793170377,4.343064091414095,False,False,False
235,2014-05-07,253000.0,0.11767751973457663,5.27023171888692,False,False,False
264,2014-05-07,600000.0,0.03138435901605208,23.541549749249892,False,False,False
234,2014-05-07,1150000.0,0.04503226671678995,23.620384899134585,False,False,False
301,2014-05-07,226500.0,0.10268067375570061,5.974041069568377,False,False,False
240,2014-05-07,750000.0,0.0646053996489584,12.124438724345842,False,False,False
4366,2014-05-07,444845.0,0.11867049255113493,3.930969387863817,False,False,False
252,2014-05-07,314500.0,0.11309802385864298,4.031967166044587,False,False,False
313,2014-05-07,495000.0,0.11299080759017538,4.691734257008045,False,False,False
300,2014-05-07,209950.0,0.11876813119346807,3.0031371923810517,False,False,False
249,2014-05-07,560000.0,0.009155718806596325,25.988468546589086,False,False,False
307,2014-05-07,794154.0,0.06490713809920617,5.412006480543428,False,False,False
278,2014-05-07,313000.0,0.10162114515339743,8.07819873193548,False,False,False
283,2014-05-07,379500.0,0.00736910284153236,25.309336628766783,False,False,False
265,2014-05-07,500000.0,0.030270344726061826,9.55626138654684,False,False,False
255,2014-05-07,535000.0,0.052598769565399606,21.987504723340322,False,False,False
286,2014-05-07,1340000.0,0.004145362936307517,25.180568749174917,False,False,False
312,2014-05-07,425000.0,0.01133712982323043,18.029790290409057,False,False,False
267,2014-05-07,352000.0,0.04307520101070572,8.6924380545395,False,False,False
295,2014-05-07,440000.0,0.09587806870685217,3.849003180740633,False,False,False
248,2014-05-07,526000.0,-0.016765652743029213,20.117892310373783,False,False,False
247,2014-05-07,675000.0,0.11385924529573443,3.3400900221039773,False,False,False
4367,2014-05-07,330000.0,0.02379858312626404,12.385378361143463,False,False,False
258,2014-05-07,749950.0,0.04136290629217848,17.132250605037346,False,False,False
281,2014-05-07,485000.0,0.05556283208607904,6.9600258692999235,False,False,False
279,2014-05-07,618080.0,0.1404441677399788,1.9550449679171285,False,False,False
266,2014-05-07,475000.0,0.06067970969070857,9.3341110937366,False,False,False
296,2014-05-07,530000.0,0.028257349420400923,19.125892890268517,False,False,False
246,2014-05-07,460000.0,0.10493664253733287,4.225519587162496,False,False,False
316,2014-05-07,339950.0,-0.041223614803308495,30.280315753773397,False,False,False
294,2014-05-07,280000.0,0.13187243155711603,2.894625558194298,False,False,False
298,2014-05-07,775000.0,-0.022033539140674963,13.281597325446814,False,False,False
260,2014-05-07,568000.0,0.0735207870940563,13.64912579601916,False,False,False
232,2014-05-07,495000.0,0.10288982446052225,5.250750109479643,False,False,False
4365,2014-05-07,500324.0,0.08166515385720263,14.243743352625593,False,False,False
290,2014-05-07,361280.0,0.08841662069407086,5.13223631321854,False,False,False
305,2014-05-07,405000.0,0.10440783206421261,5.742254336693033,False,False,False
251,2014-05-07,246000.0,0.10780493016066373,5.375434435042704,False,False,False
270,2014-05-07,599000.0,0.07007575330377741,7.907719789297942,False,False,False
275,2014-05-07,575000.0,0.09967806158209819,8.835397125739316,False,False,False
299,2014-05-07,160000.0,0.020930902485859104,11.43002697031786,False,False,False
314,2014-05-07,365000.0,0.04968002131913246,13.83906678375813,False,False,False
302,2014-05-07,380000.0,0.011945024241588553,20.633603546811212,False,False,False
242,2014-05-07,599999.0,-0.13085687088353315,90.85214521200656,True,True,True
285,2014-05-07,1500000.0,-0.063536839161355,32.90879695524307,False,False,False
236,2014-05-07,503000.0,0.0441160313253906,19.580786749613534,False,False,False
256,2014-05-07,350000.0,0.10061403546042885,6.675275224627907,False,False,False
274,2014-05-07,1110000.0,0.07508913543505463,18.626507419149082,False,False,False
361,2014-05-08,868500.0,0.05017101604671437,12.497440195914416,False,False,False
352,2014-05-08,716500.0,0.13304366583924626,5.3637048038406565,False,False,False
368,2014-05-08,595000.0,0.10013438394443547,4.508234870857876,False,False,False
341,2014-05-08,246000.0,0.11174380716034898,3.9356340313682727,False,False,False
328,2014-05-08,402000.0,0.10389421436071367,4.911164443902337,False,False,False
365,2014-05-08,229000.0,0.11997456538658607,7.031297895848336,False,False,False
364,2014-05-08,230000.0,0.06989916468095947,19.22711049093507,False,False,False
343,2014-05-08,207000.0,0.10782608867874843,5.280312258125229,False,False,False
354,2014-05-08,405000.0,0.09488023898003145,4.380092638047135,False,False,False
363,2014-05-08,450000.0,0.0902958560868794,10.651855674812062,False,False,False
345,2014-05-08,489990.0,0.03941378816160235,7.528021162352061,False,False,False
359,2014-05-08,535000.0,0.10899457117440492,15.346674108721194,False,False,False
4348,2014-05-08,2110000.0,0.0569996292649253,18.960938943325754,False,False,False
384,2014-05-08,499000.0,0.008490969484891309,22.444810449349113,False,False,False
4372,2014-05-08,232333.33,0.06313788836285955,12.145589447955315,False,False,False
348,2014-05-08,385000.0,0.1076121962218447,4.9353315507635855,False,False,False
4368,2014-05-08,292285.71,0.08046769401090276,9.960676672651442,False,False,False
333,2014-05-08,270000.0,0.13781993286160282,3.15283100758477,False,False,False
337,2014-05-08,325900.0,0.14243477867430032,2.2770786759591433,False,False,False
373,2014-05-08,543200.0,-0.03086947010402763,23.801044580316308,False,False,False
377,2014-05-08,424500.0,0.11794269455501305,3.6886933049430857,False,False,False
326,2014-05-08,753888.0,0.07058085602194641,3.1797943464252323,False,False,False
372,2014-05-08,245000.0,0.11503615427385355,2.8375600332367172,False,False,False
371,2014-05-08,297950.0,0.12004644352991906,5.5526832021439265,False,False,False
366,2014-05-08,437000.0,0.11314463162707511,3.8493226436472434,False,False,False
338,2014-05-08,647500.0,0.07626161899522105,8.705593101398213,False,False,False
351,2014-05-08,358000.0,0.04737025334469264,7.820359344997073,False,False,False
322,2014-05-08,537500.0,0.1396995956826338,3.5321570672316027,False,False,False
346,2014-05-08,335000.0,-0.02081071621533881,33.88541321801518,False,False,False
347,2014-05-08,295000.0,0.14271994395362997,2.067490588650997,False,False,False
388,2014-05-08,438000.0,0.022445971467723702,15.890982958922967,False,False,False
385,2014-05-08,321950.0,0.03128000435574879,12.786767332282913,False,False,False
369,2014-05-08,660000.0,0.03938594615351565,10.950658565373038,False,False,False
4311,2014-05-08,589900.0,0.044777205995591374,25.488565571057322,False,False,False
327,2014-05-08,134000.0,0.03447601698941222,14.203078075960986,False,False,False
331,2014-05-08,559950.0,0.07869018329936384,14.332949773349494,False,False,False
332,2014-05-08,260000.0,0.08213155427095109,12.08750074879877,False,False,False
339,2014-05-08,1039000.0,-0.03178368231813511,38.557528281459724,False,False,False
358,2014-05-08,636000.0,0.011440963125714632,12.922498305229988,False,False,False
4342,2014-05-08,375000.0,0.0415484712892179,20.579048266279894,False,False,False
334,2014-05-08,295000.0,0.00763775736311384,38.02993473392691,False,False,False
318,2014-05-08,403000.0,0.12685583666477634,3.5136754821110032,False,False,False
4369,2014-05-08,160000.0,-0.00812406265853427,32.23649879366533,False,False,False
336,2014-05-08,266000.0,0.09789675028419575,7.997521490696456,False,False,False
317,2014-05-08,615000.0,0.03790878619296284,14.271162726889088,False,False,False
4373,2014-05-08,237333.33,0.0940969065157925,13.526330505685971,False,False,False
382,2014-05-08,988500.0,-0.11395275614067235,6.188032816475913,True,False,False
344,2014-05-08,780000.0,0.09080218202635792,8.022571341483319,False,False,False
320,2014-05-08,258000.0,0.103923445008343,6.6605877968236955,False,False,False
378,2014-05-08,230000.0,0.09960805199432987,5.047477724702789,False,False,False
356,2014-05-08,530000.0,0.10690860598231461,7.317831260533645,False,False,False
370,2014-05-08,347500.0,0.1391736536751797,1.9264042304136968,False,False,False
324,2014-05-08,712000.0,-0.016564765192826902,38.86892224772667,False,False,False
367,2014-05-08,1307000.0,-0.0030303383164660413,21.425768654663983,False,False,False
376,2014-05-08,330000.0,-0.048173603276996046,60.81794834989563,False,True,False
383,2014-05-08,500000.0,0.030173297551376044,18.069876410531776,False,False,False
335,2014-05-08,719000.0,0.01951046554578617,11.040990145424992,False,False,False
350,2014-05-08,235000.0,-0.016093802657909828,14.36731239245373,False,False,False
325,2014-05-08,262000.0,0.1407144376447339,2.464636478911471,False,False,False
4370,2014-05-08,274333.33,0.01362601648684253,38.308119722673425,False,False,False
349,2014-05-08,350000.0,0.059795257747349895,41.408535973642174,False,False,False
379,2014-05-08,930000.0,0.01802398248277276,28.055593094873515,False,False,False
380,2014-05-08,349000.0,0.11889368116005994,4.1658270772031605,False,False,False
323,2014-05-08,830000.0,0.03188282435697537,12.68077142552132,False,False,False
321,2014-05-08,533000.0,0.08541094694077705,10.838619085201625,False,False,False
355,2014-05-08,538000.0,0.10800338554189204,5.072724719902105,False,False,False
353,2014-05-08,228000.0,0.09877569266569763,8.245594910905094,False,False,False
330,2014-05-08,553650.0,0.039295644647767025,13.275328417187223,False,False,False
4371,2014-05-08,537500.0,-0.046967592089933397,18.995718553695998,False,False,False
340,2014-05-08,569000.0,0.11713424490322977,10.520879490040892,False,False,False
319,2014-05-08,980000.0,0.062316246622265314,7.806194699196513,False,False,False
387,2014-05-08,441750.0,-0.011473208584465211,22.35787718119344,False,False,False
381,2014-05-08,835000.0,0.05212115284375968,9.79435539340933,False,False,False
386,2014-05-08,494000.0,0.1315541944367713,3.6456822939753706,False,False,False
362,2014-05-08,530000.0,0.053538726401078096,10.871611283807061,False,False,False
357,2014-05-08,1750000.0,-0.08715486837017672,37.05608227726772,False,False,False
342,2014-05-08,515000.0,0.08506660707793862,7.0509148726942446,False,False,False
329,2014-05-08,205000.0,0.08316286471906492,6.8644601743767835,False,False,False
374,2014-05-08,1250000.0,0.014055638592446684,25.03454526527293,False,False,False
375,2014-05-08,413450.0,-0.011165821238184437,39.87390395307832,False,False,False
360,2014-05-08,1500000.0,0.055249548083152356,8.182580914175086,False,False,False
460,2014-05-09,212000.0,0.05154631950870303,9.369852167761174,False,False,False
406,2014-05-09,195000.0,0.07305244268996708,12.61654093201518,False,False,False
452,2014-05-09,270000.0,0.11005308521567864,4.0896004830087795,False,False,False
442,2014-05-09,782000.0,0.07888929648982035,10.982333371179804,False,False,False
457,2014-05-09,320000.0,0.1287940498192358,2.3945055349077387,False,False,False
434,2014-05-09,325000.0,0.059279641426220275,14.318561732460095,False,False,False
403,2014-05-09,255000.0,-0.020715243895191526,28.911113802716248,False,False,False
412,2014-05-09,270000.0,0.08035581692917676,9.37762406548686,False,False,False
415,2014-05-09,1370000.0,-0.05385572452681653,14.342096307357089,False,False,False
419,2014-05-09,1157200.0,-0.040420152913829166,34.36339328459324,False,False,False
411,2014-05-09,303500.0,0.09779311054875373,5.0057449902502835,False,False,False
390,2014-05-09,352000.0,0.09885259436870891,5.139355542853887,False,False,False
423,2014-05-09,580000.0,0.14127642166167875,3.227302940315203,False,False,False
395,2014-05-09,254000.0,0.13969620733268895,2.3041482404780207,False,False,False
455,2014-05-09,585000.0,0.08591587428228392,12.074552424486953,False,False,False
425,2014-05-09,742500.0,0.033916910079172025,17.593045137449884,False,False,False
4374,2014-05-09,346750.0,0.03159215004376331,14.035017156665427,False,False,False
438,2014-05-09,330000.0,0.13202157734495135,3.4592292586847697,False,False,False
456,2014-05-09,445000.0,0.05880175487951905,12.843432537994586,False,False,False
413,2014-05-09,323000.0,0.10100557591755843,8.202263885617127,False,False,False
427,2014-05-09,590000.0,0.08319430336493605,6.817464655884546,False,False,False
437,2014-05-09,360000.0,0.009821924919664382,35.49486493554382,False,False,False
4376,2014-05-09,1020000.0,0.05485116690363756,14.354922850145273,False,False,False
459,2014-05-09,557000.0,0.12661713607718084,5.376779011118966,False,False,False
392,2014-05-09,765000.0,0.13684784796546862,2.192312570000965,False,False,False
389,2014-05-09,985000.0,0.10573758160358276,12.022626081126699,False,False,False
397,2014-05-09,610000.0,0.06017059745901765,15.406700584756663,False,False,False
408,2014-05-09,387000.0,0.07713249180442988,22.757512926221704,False,False,False
444,2014-05-09,542500.0,0.10896931935891063,4.157666968397182,False,False,False
451,2014-05-09,225000.0,0.11507841022778853,4.130600123086191,False,False,False
428,2014-05-09,312000.0,0.09797937650413352,7.1765193172621515,False,False,False
440,2014-05-09,234950.0,0.10713023686698031,5.790320402662862,False,False,False
445,2014-05-09,851000.0,0.07999447132340987,21.23984360935517,False,False,False
404,2014-05-09,445000.0,0.07260489714097812,8.814882393626029,False,False,False
422,2014-05-09,532000.0,0.024622110801333363,12.164925504930562,False,False,False
391,2014-05-09,839900.0,0.0035372114553337553,12.69181370074496,False,False,False
418,2014-05-09,201500.0,0.10994917480095978,4.2818013901182015,False,False,False
458,2014-05-09,769900.0,0.07315884868749417,21.720934876491615,False,False,False
430,2014-05-09,511555.0,0.11314650757245992,4.3730243770164385,False,False,False
443,2014-05-09,833000.0,0.12210496730653447,5.282805014550227,False,False,False
446,2014-05-09,325000.0,0.044659513664563055,14.855971813125908,False,False,False
449,2014-05-09,465000.0,0.08899525265334957,7.414561455348304,False,False,False
396,2014-05-09,255000.0,0.04311460006419948,14.079105351357416,False,False,False
398,2014-05-09,920000.0,0.10822635203161157,6.512300023897764,False,False,False
432,2014-05-09,290000.0,0.10293734918471775,5.443300309459144,False,False,False
447,2014-05-09,415000.0,0.11932211451238017,10.246738808240572,False,False,False
394,2014-05-09,224500.0,0.055604847977501815,11.760280859818732,False,False,False
417,2014-05-09,260000.0,0.09688489616577611,9.691019737191425,False,False,False
462,2014-05-09,800000.0,0.06585778192187258,23.265563102169132,False,False,False
450,2014-05-09,336900.0,0.05137238375687181,16.87235584728377,False,False,False
399,2014-05-09,402500.0,0.138861305008951,2.276996095280923,False,False,False
426,2014-05-09,260000.0,0.08011718069022589,10.899742810964389,False,False,False
416,2014-05-09,280000.0,0.0879505059574891,8.40954430260244,False,False,False
433,2014-05-09,311100.0,0.10381072750942505,3.6811696010767476,False,False,False
401,2014-05-09,604000.0,0.14064869970879285,1.869361561001175,False,False,False
4331,2014-05-09,525000.0,0.11491981734844908,3.7100284044774425,False,False,False
435,2014-05-09,491300.0,0.06540163177676506,8.612564225023025,False,False,False
424,2014-05-09,463000.0,0.05002230434036875,9.64161485830571,False,False,False
420,2014-05-09,536500.0,0.04176169742706959,15.177991202212631,False,False,False
402,2014-05-09,565000.0,0.13349765216984283,2.577053031104516,False,False,False
421,2014-05-09,248000.0,0.1283639584298234,3.7721362966688976,False,False,False
436,2014-05-09,315000.0,0.061531759388384955,13.917090597689448,False,False,False
441,2014-05-09,251000.0,0.11777374735608376,4.161054342505746,False,False,False
407,2014-05-09,275000.0,0.0528590686003233,14.448995481587199,False,False,False
409,2014-05-09,490000.0,-0.015546073444309583,17.789339931569845,False,False,False
400,2014-05-09,280950.0,-0.03396119312037271,8.12426287498413,False,False,False
393,2014-05-09,460000.0,0.04076704650848306,11.62128492494069,False,False,False
463,2014-05-09,2238888.0,-0.14650001046894945,95.3534643562863,True,True,True
410,2014-05-09,505000.0,0.06764385836150055,2.0431267749534894,False,False,False
439,2014-05-09,481450.0,0.10238306042846074,8.69863030548678,False,False,False
448,2014-05-09,252500.0,0.0651047420424577,19.50512736896387,False,False,False
464,2014-05-09,324000.0,0.03898963969699093,18.848725436373652,False,False,False
453,2014-05-09,1702500.0,-0.041460314749049765,20.489855934709777,False,False,False
461,2014-05-09,376000.0,0.05583906334682348,15.605211556208694,False,False,False
414,2014-05-09,382000.0,0.04131337919231459,17.799802551270986,False,False,False
454,2014-05-09,536000.0,0.08638089815861683,7.52547196113159,False,False,False
429,2014-05-09,566000.0,0.08865867333728006,13.786899539530499,False,False,False
431,2014-05-09,583000.0,0.13585158326053043,4.343863406408832,False,False,False
405,2014-05-09,2400000.0,-0.1285206222902815,7.648228188636454,True,False,False
465,2014-05-10,549900.0,0.019171166978604937,15.85230748154948,False,False,False
469,2014-05-10,394950.0,-0.010818699380719665,39.01568572999251,False,False,False
467,2014-05-10,875000.0,0.05691994271865697,11.869695749005832,False,False,False
468,2014-05-10,265000.0,0.07586769668928972,14.419157741072684,False,False,False
466,2014-05-10,320000.0,0.14159568440334358,2.220729487292719,False,False,False
471,2014-05-11,368000.0,0.07079855365115628,10.858815901422723,False,False,False
470,2014-05-11,842500.0,-0.01656938306004707,24.614468988642116,False,False,False
538,2014-05-12,1264000.0,0.09662716077374911,8.309651320802578,False,False,False
504,2014-05-12,330000.0,0.03221945268942272,15.93742122750503,False,False,False
476,2014-05-12,490000.0,0.036138504530682625,13.374692260442174,False,False,False
542,2014-05-12,1033888.0,0.04846971051310839,32.10204150704163,False,False,False
503,2014-05-12,751000.0,0.13486673231789187,4.737635705629601,False,False,False
516,2014-05-12,315275.0,0.10415102320175657,4.563449176536013,False,False,False
505,2014-05-12,465000.0,0.09569082357842268,6.144354309635268,False,False,False
500,2014-05-12,522000.0,0.09744537382231655,8.403027449521893,False,False,False
483,2014-05-12,1575000.0,0.05322812608039951,7.401478605458186,False,False,False
524,2014-05-12,910000.0,0.08124455602651187,13.338481646810264,False,False,False
523,2014-05-12,192000.0,0.07950270833421114,9.605105992055602,False,False,False
4380,2014-05-12,268971.88,0.11405384929285711,3.8693102739051066,False,False,False
544,2014-05-12,1050000.0,0.06820708047214041,9.792419776831405,False,False,False
518,2014-05-12,368000.0,0.11574887844617676,4.729289783859144,False,False,False
528,2014-05-12,300000.0,0.07364238879026219,8.659540450818579,False,False,False
4381,2014-05-12,642000.0,0.08116752982175862,11.087618673856674,False,False,False
4379,2014-05-12,238750.0,0.10113232176794651,9.161352882579436,False,False,False
501,2014-05-12,770000.0,0.11188163968019049,6.807132739262461,False,False,False
532,2014-05-12,211000.0,0.07320609048168297,8.003019836717991,False,False,False
494,2014-05-12,225000.0,0.09751136219741119,5.504367593334427,False,False,False
487,2014-05-12,750000.0,0.07067097963240893,37.7056152935545,False,False,False
531,2014-05-12,746000.0,0.14114675380899233,3.300320527324974,False,False,False
4378,2014-05-12,254000.0,0.09498494551867104,6.6581592269016445,False,False,False
477,2014-05-12,341000.0,0.08886263914548043,3.1088176851699316,False,False,False
540,2014-05-12,369000.0,-0.005371827597142831,18.5827803152053,False,False,False
498,2014-05-12,335000.0,0.1413590611755784,2.263372269324371,False,False,False
502,2014-05-12,499950.0,0.061158776517010405,12.636625288912022,False,False,False
480,2014-05-12,560000.0,0.044808875684727745,22.861838501170375,False,False,False
530,2014-05-12,110000.0,0.024008458035142177,16.226189546717496,False,False,False
513,2014-05-12,339000.0,0.10536503689539467,4.141686273736706,False,False,False
496,2014-05-12,950000.0,-0.05846397481986565,31.666887193821392,False,False,False
495,2014-05-12,647000.0,0.13677194516076963,3.8154439775983877,False,False,False
491,2014-05-12,410000.0,0.12679431611914643,4.3278375258126776,False,False,False
4382,2014-05-12,571986.11,0.11449915584878523,9.587474126712424,False,False,False
543,2014-05-12,383000.0,0.14028665008237273,2.7555827927416585,False,False,False
536,2014-05-12,615000.0,-0.15733140218524433,16.32720917428811,True,False,False
489,2014-05-12,1315000.0,0.06945299636126817,8.633197907737516,False,False,False
511,2014-05-12,265000.0,0.04474678519842401,14.175570696346306,False,False,False
514,2014-05-12,690000.0,0.11228121391845675,3.9714867281974446,False,False,False
497,2014-05-12,185000.0,0.11611968664377931,2.8667068001122535,False,False,False
527,2014-05-12,840000.0,0.04917795656442253,11.602388137086685,False,False,False
474,2014-05-12,453246.0,0.0595520429156004,7.947524471295874,False,False,False
472,2014-05-12,1225000.0,-0.07106239536170389,36.24737374177289,False,False,False
508,2014-05-12,302000.0,0.09556356497298107,7.718083302550961,False,False,False
4312,2014-05-12,620000.0,0.09390833960182732,10.226670450816911,False,False,False
520,2014-05-12,156000.0,0.10966134359203622,5.205873660586021,False,False,False
482,2014-05-12,255000.0,-0.007540976937709831,12.086702126061835,False,False,False
510,2014-05-12,201000.0,0.10349183512781268,6.249402994438238,False,False,False
485,2014-05-12,540000.0,0.004320060900187328,34.567644913986676,False,False,False
537,2014-05-12,630000.0,0.01880474763840051,17.51853327506897,False,False,False
473,2014-05-12,885000.0,0.137756871154796,3.8935369020080675,False,False,False
479,2014-05-12,1200000.0,-0.14444779765606852,4.77811031707728,True,False,False
481,2014-05-12,900000.0,0.042257844127041755,16.675479095050463,False,False,False
517,2014-05-12,505000.0,0.04282492524984732,11.212382159757974,False,False,False
512,2014-05-12,870300.0,0.03912340121437935,16.4440325606922,False,False,False
486,2014-05-12,350000.0,0.026303234288519717,9.854566081330125,False,False,False
484,2014-05-12,876650.0,0.012163058284060002,27.167250126161797,False,False,False
499,2014-05-12,210000.0,0.053792535186346024,16.98804055644844,False,False,False
493,2014-05-12,1015000.0,-0.01717966781346081,10.542493017996758,False,False,False
490,2014-05-12,372500.0,0.039278898285056985,16.74848372240103,False,False,False
539,2014-05-12,301500.0,0.04184738949227507,11.491469292699918,False,False,False
515,2014-05-12,788000.0,0.07464973009381093,9.623734507428532,False,False,False
509,2014-05-12,500000.0,0.019561003310491043,16.192592803882825,False,False,False
533,2014-05-12,675000.0,0.04701653818899376,15.464212231423465,False,False,False
525,2014-05-12,1300000.0,-0.0390586077055346,25.643327053374218,False,False,False
541,2014-05-12,635000.0,0.0635062436966069,12.239747419642516,False,False,False
492,2014-05-12,360000.0,0.06596253903576899,8.406222604030647,False,False,False
522,2014-05-12,420000.0,0.017726201490186277,15.174518261296004,False,False,False
506,2014-05-12,850000.0,0.09252673125732913,7.194620514439484,False,False,False
535,2014-05-12,1225000.0,0.026333797000745562,6.126726178152387,False,False,False
475,2014-05-12,927000.0,0.09506617251830668,8.320415695010654,False,False,False
507,2014-05-12,947500.0,0.07372904209835274,7.321587167694745,False,False,False
488,2014-05-12,582000.0,0.04714925219320493,8.261862084389557,False,False,False
529,2014-05-12,505000.0,0.09725308035065022,7.367456847988314,False,False,False
521,2014-05-12,610000.0,0.009390039068879863,18.54077675610167,False,False,False
478,2014-05-12,235000.0,-0.04472380217698246,16.34856202373756,False,False,False
534,2014-05-12,734200.0,0.04005233479362791,11.301347456814701,False,False,False
526,2014-05-12,1346400.0,0.031385254398660134,16.12880767144225,False,False,False
519,2014-05-12,947500.0,-0.13380161914869093,25.296879107289914,True,False,False
560,2014-05-13,523000.0,0.11535236479828281,2.923262485422896,False,False,False
563,2014-05-13,245000.0,0.0870655992413994,11.020018501869979,False,False,False
580,2014-05-13,350000.0,0.1285418573410973,4.715748516083256,False,False,False
591,2014-05-13,675000.0,0.13607594333543244,4.7176311001021585,False,False,False
586,2014-05-13,345000.0,0.1123965640330758,5.071247195365406,False,False,False
585,2014-05-13,225000.0,0.11010735321987919,4.746566461984222,False,False,False
620,2014-05-13,525000.0,0.07308417302423226,15.629484212979124,False,False,False
587,2014-05-13,230000.0,0.042649480840682874,7.677059307730464,False,False,False
566,2014-05-13,225000.0,0.1195924339191406,3.2766324442912023,False,False,False
615,2014-05-13,322500.0,0.11589445336669657,5.434388304153225,False,False,False
578,2014-05-13,464000.0,0.045848360421061385,11.853673761171793,False,False,False
589,2014-05-13,90000.0,0.06427713134815471,7.802066919657437,False,False,False
602,2014-05-13,635000.0,0.10323820292571984,6.024023665151336,False,False,False
551,2014-05-13,460000.0,0.10477564980800963,6.624335994262342,False,False,False
614,2014-05-13,319000.0,0.10619161378140957,5.6025107269881795,False,False,False
570,2014-05-13,591000.0,0.0041542447691568785,14.159052443069342,False,False,False
605,2014-05-13,285000.0,0.09906976684564256,5.914305007377045,False,False,False
603,2014-05-13,580000.0,0.073769665768391,13.694685252943973,False,False,False
572,2014-05-13,475000.0,0.057696919762033005,11.66674614723689,False,False,False
609,2014-05-13,405000.0,0.0765974618768579,12.587291242465481,False,False,False
577,2014-05-13,645000.0,0.10102017869811092,6.648543036566087,False,False,False
598,2014-05-13,1105000.0,-0.0027777363845459258,28.4297306622986,False,False,False
600,2014-05-13,450000.0,0.06807578263176778,8.83713783729422,False,False,False
574,2014-05-13,771000.0,0.0651347499830583,13.277438317139547,False,False,False
594,2014-05-13,370000.0,0.06941554103864722,7.343870199466894,False,False,False
549,2014-05-13,480000.0,-0.029523064551726486,42.3773788897427,False,False,False
571,2014-05-13,700000.0,0.1063788261365391,3.888235019388584,False,False,False
545,2014-05-13,455000.0,0.1333282700856085,5.107879633181107,False,False,False
558,2014-05-13,777000.0,0.03175251394245299,24.190742658856983,False,False,False
554,2014-05-13,449500.0,0.09131240541024865,6.566105480469197,False,False,False
581,2014-05-13,591000.0,0.09219878316291119,9.379607963724112,False,False,False
550,2014-05-13,757000.0,0.10796371878389627,8.504779068636388,False,False,False
621,2014-05-13,525000.0,0.04715752367406323,10.908867432064326,False,False,False
606,2014-05-13,375000.0,0.10892197267711379,3.8759154950156067,False,False,False
607,2014-05-13,1400000.0,0.054287037258942517,17.368052397050516,False,False,False
599,2014-05-13,450000.0,0.05430345881425391,19.69441517084828,False,False,False
553,2014-05-13,530000.0,0.08226127539877748,12.53726121940483,False,False,False
559,2014-05-13,550000.0,0.05193993713480394,10.362881483308664,False,False,False
548,2014-05-13,651000.0,0.14212625153240105,2.5147408191069522,False,False,False
556,2014-05-13,373000.0,0.09759452877470554,8.187403246468898,False,False,False
567,2014-05-13,287000.0,0.08197462863347454,11.008357776962079,False,False,False
4385,2014-05-13,554250.0,0.06439702078801524,12.54648260384543,False,False,False
601,2014-05-13,530000.0,0.11257461921352202,3.9397839729722173,False,False,False
579,2014-05-13,1050000.0,0.10032258399103755,7.011340236576891,False,False,False
596,2014-05-13,675000.0,0.04932452978817087,9.739425853764443,False,False,False
552,2014-05-13,267345.0,0.10181740152610402,3.82090943816733,False,False,False
613,2014-05-13,225000.0,0.09444775673898564,8.611609876243953,False,False,False
595,2014-05-13,665000.0,0.04494522332936912,10.053926087126532,False,False,False
617,2014-05-13,465000.0,0.1183814388377768,4.602287811267644,False,False,False
569,2014-05-13,239950.0,0.060209588835532235,11.999467865250958,False,False,False
590,2014-05-13,860000.0,0.03818981917872044,7.827988728514161,False,False,False
555,2014-05-13,289000.0,0.04344834059524705,14.369422793054035,False,False,False
584,2014-05-13,225000.0,0.08543709462516164,6.851068241808354,False,False,False
588,2014-05-13,385000.0,0.012796290664174148,14.685162003371264,False,False,False
610,2014-05-13,413000.0,0.038651679970554076,12.79793983177155,False,False,False
568,2014-05-13,799200.0,-0.08498202987734271,51.00952239956976,False,True,False
611,2014-05-13,287600.0,0.1406909769826517,2.2696390617959725,False,False,False
582,2014-05-13,2555000.0,-0.14642330073207432,51.87801864229102,True,True,True
575,2014-05-13,155000.0,0.09930604627270401,5.162905959104948,False,False,False
592,2014-05-13,975000.0,0.03855090386140769,5.837484123391694,False,False,False
564,2014-05-13,415000.0,0.012427438210352248,14.65628097627557,False,False,False
547,2014-05-13,625000.0,0.027490143510811194,19.174095302027073,False,False,False
625,2014-05-13,505000.0,0.1382225544655898,3.999855636214011,False,False,False
573,2014-05-13,575000.0,0.09546166839239456,6.526294894020934,False,False,False
597,2014-05-13,620000.0,0.056112415252052295,14.199724417163297,False,False,False
624,2014-05-13,650000.0,0.12698991342218813,3.4258511244267122,False,False,False
608,2014-05-13,560000.0,0.053348773257197446,14.949004818176174,False,False,False
626,2014-05-13,330000.0,0.06326641796523208,13.435456786181906,False,False,False
618,2014-05-13,435000.0,0.13183983067681,2.7788256280704595,False,False,False
576,2014-05-13,550000.0,-0.013372569947252333,37.288940628396304,False,False,False
583,2014-05-13,717000.0,0.07503841026391828,14.402565232335476,False,False,False
557,2014-05-13,525000.0,0.08892300746306964,8.12049033723982,False,False,False
562,2014-05-13,581000.0,0.08196149813217363,9.321756730683388,False,False,False
619,2014-05-13,502000.0,0.13216821942303525,3.2098178363953567,False,False,False
616,2014-05-13,570000.0,0.10173740062023656,7.22859279845868,False,False,False
623,2014-05-13,870000.0,0.01683920056391508,15.45402132872578,False,False,False
561,2014-05-13,628000.0,0.10557265452667974,5.055422486724205,False,False,False
546,2014-05-13,819900.0,0.07528982930258593,7.008949060034468,False,False,False
604,2014-05-13,1550000.0,-0.019216936592787337,13.655637335892717,False,False,False
593,2014-05-13,780000.0,0.10243126107920414,8.285386027601962,False,False,False
565,2014-05-13,1895000.0,0.05298568681357996,9.402332190961236,False,False,False
612,2014-05-13,1680000.0,-0.019496612253389833,17.728605215537765,False,False,False
622,2014-05-13,660000.0,0.09734657745212455,7.548657258914749,False,False,False
627,2014-05-14,385000.0,0.07587092595794065,8.195888814791005,False,False,False
693,2014-05-14,1058000.0,0.09372061070078958,6.554030564586785,False,False,False
686,2014-05-14,234000.0,0.09808503132755819,5.19153937338988,False,False,False
632,2014-05-14,800000.0,0.04513849075997406,12.762612135010423,False,False,False
680,2014-05-14,543000.0,-0.014996286517375279,47.93087664248365,False,True,False
642,2014-05-14,265000.0,0.11166455044318696,6.66948301977435,False,False,False
658,2014-05-14,325000.0,0.11294479612061642,4.000438770665786,False,False,False
699,2014-05-14,498000.0,0.0903165076656739,6.646696576373376,False,False,False
654,2014-05-14,565000.0,0.11436075356111719,4.4848079978304165,False,False,False
687,2014-05-14,740000.0,0.13137489761814858,4.799366162704978,False,False,False
670,2014-05-14,299000.0,0.06673793924396682,11.47229715033452,False,False,False
676,2014-05-14,1120000.0,0.08565963559104584,15.592253184109673,False,False,False
679,2014-05-14,305495.0,0.09440047270814161,5.786019509936458,False,False,False
636,2014-05-14,345000.0,0.12972874913333415,3.8108077003254666,False,False,False
667,2014-05-14,930000.0,0.06629427329832621,14.249075496381508,False,False,False
704,2014-05-14,773000.0,0.1305152284545218,4.98177309714365,False,False,False
671,2014-05-14,511000.0,0.13840064833246557,2.406814564766709,False,False,False
659,2014-05-14,543000.0,0.10657807018628895,5.882917253216345,False,False,False
674,2014-05-14,470000.0,0.13991510143260233,2.832672305548818,False,False,False
673,2014-05-14,356000.0,0.105537269297093,14.6248380676717,False,False,False
663,2014-05-14,316000.0,0.14223594601880574,2.3162617872312348,False,False,False
4350,2014-05-14,188000.0,0.0777575826697165,5.918240909098549,False,False,False
656,2014-05-14,766950.0,0.06013280519482744,8.770283307210107,False,False,False
695,2014-05-14,625000.0,0.07506531372778136,10.761866569701432,False,False,False
689,2014-05-14,223000.0,0.11147061765570648,3.790990859074713,False,False,False
661,2014-05-14,364000.0,0.10731338315829148,4.053522845343415,False,False,False
685,2014-05-14,267800.0,0.07589638870966536,7.036893553002836,False,False,False
664,2014-05-14,339950.0,0.05229939874410022,9.401494461064424,False,False,False
649,2014-05-14,310000.0,0.11290549292170221,4.691423838270351,False,False,False
683,2014-05-14,310000.0,0.11137847362256192,5.563347231432418,False,False,False
641,2014-05-14,257200.0,0.10732182923636752,3.090194627840242,False,False,False
677,2014-05-14,458000.0,0.08128755423723444,6.766667510901539,False,False,False
678,2014-05-14,966000.0,0.022470849237857193,20.48979478383981,False,False,False
653,2014-05-14,702500.0,0.019737399300439773,32.40835034406975,False,False,False
652,2014-05-14,317000.0,0.13228385510395135,2.913900302193989,False,False,False
655,2014-05-14,723000.0,0.13546451573831064,4.6684433493321595,False,False,False
4388,2014-05-14,107500.0,-0.08384418019115658,19.431942922350878,False,False,False
692,2014-05-14,253000.0,0.13987238430158316,3.0102394470767586,False,False,False
648,2014-05-14,372977.0,0.04983401640381785,9.193810756597024,False,False,False
694,2014-05-14,300000.0,0.11167196745289293,4.469642671815373,False,False,False
682,2014-05-14,633100.0,0.13402925665359594,7.218731447522596,False,False,False
696,2014-05-14,707000.0,0.11789120044463697,4.6053166420097655,False,False,False
640,2014-05-14,266000.0,0.08794852017345878,11.095889202501464,False,False,False
666,2014-05-14,160000.0,0.09426206957217753,7.6730069228335935,False,False,False
635,2014-05-14,740000.0,-0.09696810223267716,46.78130842817778,False,False,False
647,2014-05-14,405100.0,0.08826741832317847,5.895442590411533,False,False,False
672,2014-05-14,499000.0,0.09105230881785398,8.667336196652585,False,False,False
688,2014-05-14,607500.0,0.046864659199210346,15.7185761467267,False,False,False
651,2014-05-14,1400000.0,0.06556917848597416,3.435542535237038,False,False,False
657,2014-05-14,682000.0,-0.03588742048631843,15.702883763285492,False,False,False
675,2014-05-14,715000.0,0.06479781080314506,8.529628230888811,False,False,False
668,2014-05-14,139000.0,0.09416794776818765,7.25949797096074,False,False,False
630,2014-05-14,925000.0,-0.006064306398272712,15.65837608287295,False,False,False
628,2014-05-14,306000.0,0.03278848568604098,21.275193353768515,False,False,False
700,2014-05-14,450000.0,0.12535009792966195,5.522937537578739,False,False,False
684,2014-05-14,349950.0,0.04664992181337552,13.354803684725837,False,False,False
631,2014-05-14,542000.0,0.07822208531116998,9.999602984853759,False,False,False
702,2014-05-14,215000.0,0.09978161809918834,5.876624982805643,False,False,False
638,2014-05-14,530000.0,0.03469689048080116,13.73210720895326,False,False,False
645,2014-05-14,582500.0,0.09821325036697448,6.1342357303200785,False,False,False
705,2014-05-14,1222500.0,0.014053871189243228,10.575287918124111,False,False,False
643,2014-05-14,372220.0,0.07643748233128195,10.051668307257573,False,False,False
698,2014-05-14,420000.0,0.13195796474010052,4.826840115913579,False,False,False
639,2014-05-14,155000.0,0.03962330806682329,12.45623703152336,False,False,False
681,2014-05-14,340000.0,0.1282656678794623,2.5130020807266162,False,False,False
665,2014-05-14,486000.0,0.09061638446963277,10.921372902147507,False,False,False
697,2014-05-14,950000.0,0.1354901993160691,4.750576725276753,False,False,False
644,2014-05-14,337500.0,0.08037912464750796,12.745499164021428,False,False,False
691,2014-05-14,802000.0,0.13544609274134872,3.8475822075311688,False,False,False
690,2014-05-14,400000.0,-0.015427730265982098,25.633211792319347,False,False,False
650,2014-05-14,538000.0,0.01770984673185605,17.713840799576083,False,False,False
637,2014-05-14,510000.0,0.09180156960457203,9.556745106008563,False,False,False
660,2014-05-14,525000.0,0.08862679377187671,7.367028202126223,False,False,False
633,2014-05-14,620000.0,0.006385545569768947,20.35356905180605,False,False,False
701,2014-05-14,955000.0,0.08051042484135307,7.778467508613128,False,False,False
629,2014-05-14,546000.0,0.07169499313138483,7.904810137363604,False,False,False
703,2014-05-14,437000.0,0.13435636424986763,4.222378271555071,False,False,False
646,2014-05-14,489200.0,0.039747707517310105,11.861180875252755,False,False,False
662,2014-05-14,394475.0,0.08979507497319361,5.57481866949553,False,False,False
669,2014-05-14,562000.0,0.1091458205953511,5.43927024420732,False,False,False
634,2014-05-14,175000.0,-0.015933986792862065,9.765165339092425,False,False,False
714,2014-05-15,302000.0,0.08073948119244834,10.414985961808972,False,False,False
4393,2014-05-15,148612.5,0.10765869612136753,5.126503785956788,False,False,False
764,2014-05-15,423000.0,0.09104796458104841,10.01529602916576,False,False,False
4389,2014-05-15,300000.0,0.03671724338620663,11.170496911301111,False,False,False
765,2014-05-15,839000.0,0.11406975013831733,4.383017145685556,False,False,False
736,2014-05-15,575000.0,0.06668205403221744,10.994810282605709,False,False,False
730,2014-05-15,316500.0,0.11716297972458917,3.538288536753826,False,False,False
720,2014-05-15,349950.0,0.11342658647119946,5.273150171021839,False,False,False
744,2014-05-15,475000.0,-0.03995716291610707,41.161146559268964,False,False,False
767,2014-05-15,467000.0,0.05137048374256281,12.36596657637544,False,False,False
713,2014-05-15,245000.0,0.09916475143248793,6.01021737587396,False,False,False
711,2014-05-15,185000.0,0.10080385019921945,5.450258946725461,False,False,False
770,2014-05-15,465000.0,0.09152122007654473,8.827576305623268,False,False,False
776,2014-05-15,344000.0,0.06687183873792357,15.77146949984213,False,False,False
752,2014-05-15,525000.0,0.1384095850819177,3.7195176799211236,False,False,False
709,2014-05-15,370000.0,0.14170449834512205,2.941885382097697,False,False,False
708,2014-05-15,252350.0,0.11053901913581227,4.431519310082102,False,False,False
749,2014-05-15,695000.0,0.030650971634513635,30.11893920452349,False,False,False
734,2014-05-15,280000.0,0.07598061421972924,8.080406198973758,False,False,False
727,2014-05-15,395300.0,0.11836725848777158,4.091458580188963,False,False,False
754,2014-05-15,1085000.0,0.04518332629746219,13.520766966556936,False,False,False
723,2014-05-15,455000.0,0.09706627998315948,10.23688492120451,False,False,False
717,2014-05-15,255000.0,0.13937325225531294,2.2086674868363065,False,False,False
731,2014-05-15,390000.0,0.14195899692716568,2.70940351488895,False,False,False
757,2014-05-15,240000.0,0.062153760697755744,15.01098323372852,False,False,False
710,2014-05-15,465750.0,0.12011309885084454,3.2466365734965317,False,False,False
773,2014-05-15,765000.0,0.036441747079036246,27.79302244343089,False,False,False
729,2014-05-15,749400.0,0.1270313196099443,4.663626828719918,False,False,False
751,2014-05-15,400000.0,0.06818169316581324,11.956166501518705,False,False,False
771,2014-05-15,270000.0,0.10778502314028193,5.461959161246764,False,False,False
722,2014-05-15,300000.0,0.10853249444081431,4.200296437261515,False,False,False
753,2014-05-15,349950.0,0.13493837800669806,2.896080906849498,False,False,False
748,2014-05-15,350000.0,0.024875926377987356,40.44696462397088,False,False,False
775,2014-05-15,803100.0,0.13240361987597504,6.352041589413272,False,False,False
747,2014-05-15,790000.0,0.05859531475915625,8.766624280907523,False,False,False
716,2014-05-15,250000.0,0.1087991459531314,4.124836476949504,False,False,False
777,2014-05-15,828950.0,0.02679122001545342,7.844472416561327,False,False,False
712,2014-05-15,582800.0,0.08524541984516915,8.065354309181496,False,False,False
743,2014-05-15,375000.0,0.10755845016975818,3.993018132188801,False,False,False
741,2014-05-15,695000.0,0.12648231065851356,3.158139091272657,False,False,False
4392,2014-05-15,274750.0,0.0631967864334127,11.368161508159323,False,False,False
772,2014-05-15,340000.0,0.08149255224881019,12.384590344342687,False,False,False
707,2014-05-15,592500.0,0.09041421358273233,7.044839053576725,False,False,False
4391,2014-05-15,540833.33,0.1095766675166005,4.251822316525567,False,False,False
737,2014-05-15,1000000.0,0.019632558487053697,19.262732896565705,False,False,False
781,2014-05-15,914500.0,0.01012995088645885,15.89352606320517,False,False,False
758,2014-05-15,495000.0,0.039731778970552134,10.099100671465497,False,False,False
739,2014-05-15,620000.0,0.1387594124293619,2.1628117807115634,False,False,False
745,2014-05-15,215000.0,0.10441277333581434,5.2777425144595025,False,False,False
762,2014-05-15,174950.0,0.04817310923236556,12.795579005520604,False,False,False
766,2014-05-15,343000.0,0.10571921352752695,6.354366699195982,False,False,False
740,2014-05-15,204700.0,0.11070283574644668,5.601882139142539,False,False,False
719,2014-05-15,190000.0,0.11713891309651997,4.763989351222148,False,False,False
738,2014-05-15,585000.0,0.012791254340273062,18.681487979516202,False,False,False
780,2014-05-15,720000.0,0.08160833656447541,25.9041052935227,False,False,False
732,2014-05-15,225000.0,0.09044801080502235,12.185436670704073,False,False,False
750,2014-05-15,263000.0,0.10316111281838447,4.516974824445601,False,False,False
718,2014-05-15,840000.0,0.019552795568421988,9.45010769504196,False,False,False
761,2014-05-15,417000.0,0.11648325961291395,2.609215122374703,False,False,False
742,2014-05-15,689900.0,0.08329776558684338,7.822276117666771,False,False,False
763,2014-05-15,295000.0,0.07695160469902917,10.489845151151625,False,False,False
755,2014-05-15,744000.0,0.0499212398990756,17.408292823844874,False,False,False
715,2014-05-15,451555.0,-0.0006516113609117413,11.98608688405999,False,False,False
733,2014-05-15,550000.0,0.07434965842213231,8.154135537398073,False,False,False
774,2014-05-15,497000.0,0.14417753115291432,1.8662622314273027,False,False,False
724,2014-05-15,335000.0,0.1251655492258268,8.396105573142037,False,False,False
769,2014-05-15,575000.0,0.07053801307631713,9.960332426397379,False,False,False
768,2014-05-15,512500.0,0.09425535913884997,5.406448906338096,False,False,False
725,2014-05-15,197500.0,0.01988301397077541,13.132587391046828,False,False,False
779,2014-05-15,312000.0,0.06540460614890353,16.569773832009886,False,False,False
735,2014-05-15,1255000.0,0.1335492150574965,4.653481139661462,False,False,False
721,2014-05-15,613000.0,0.05318513096981864,15.83403923254476,False,False,False
726,2014-05-15,412500.0,0.11503677259415285,3.2488847007938313,False,False,False
759,2014-05-15,580050.0,0.03385552638136763,3.0844300314071957,False,False,False
756,2014-05-15,312500.0,0.08282434839036917,8.179907553660156,False,False,False
746,2014-05-15,2100000.0,0.08749178597708551,13.032319679029127,False,False,False
782,2014-05-15,819995.0,0.07527755453617457,6.1678029127252465,False,False,False
728,2014-05-15,342400.0,0.12198751385720374,9.014497594885317,False,False,False
706,2014-05-15,256883.0,0.13603512352459973,2.6320204147872954,False,False,False
760,2014-05-15,640000.0,0.09204641449951578,9.218000228751588,False,False,False
778,2014-05-15,386380.0,0.12932808150833802,3.2923847921161142,False,False,False
826,2014-05-16,180000.0,0.08983958353220267,7.892312609432296,False,False,False
791,2014-05-16,720000.0,-0.03507972776692214,28.254399224265956,False,False,False
794,2014-05-16,446000.0,0.10374172894949563,6.349620298097831,False,False,False
806,2014-05-16,725000.0,0.0932123291274572,7.1133264348287595,False,False,False
829,2014-05-16,730100.0,0.13136703171749659,3.692224395887257,False,False,False
813,2014-05-16,862500.0,0.12866107946440203,4.7028372579059345,False,False,False
801,2014-05-16,370000.0,0.08298290737214409,8.958138259863961,False,False,False
804,2014-05-16,345000.0,0.08023178607936082,10.80173278843729,False,False,False
784,2014-05-16,437500.0,0.06713137132963726,9.842807159317427,False,False,False
796,2014-05-16,239950.0,0.01956772273918428,22.42120795531969,False,False,False
783,2014-05-16,252700.0,0.08716817414811084,6.28080454491191,False,False,False
803,2014-05-16,342000.0,0.06368689713442471,9.969246571858946,False,False,False
797,2014-05-16,248000.0,0.045387639976031235,19.07522659139567,False,False,False
811,2014-05-16,565000.0,0.04864513989270147,13.743698366698464,False,False,False
837,2014-05-16,330000.0,0.10984477042007046,4.093536491694936,False,False,False
807,2014-05-16,605000.0,0.04926809373194707,8.344592236868305,False,False,False
815,2014-05-16,282613.0,0.08928966380034159,5.225656802033411,False,False,False
789,2014-05-16,317000.0,0.07162182656788052,11.017140443182058,False,False,False
792,2014-05-16,490000.0,0.013488902037580575,19.461626351638454,False,False,False
847,2014-05-16,379950.0,0.03670165862044822,12.685060013861957,False,False,False
798,2014-05-16,619500.0,0.14141318043222656,2.509924649604918,False,False,False
818,2014-05-16,445000.0,0.13329795581684878,1.759968813468457,False,False,False
839,2014-05-16,445000.0,0.07441579369840673,13.870928101815926,False,False,False
827,2014-05-16,375000.0,0.05039020706984698,23.841389242569473,False,False,False
841,2014-05-16,377500.0,0.07234651798702774,25.6574614809963,False,False,False
816,2014-05-16,174500.0,0.09910450707140228,4.814096503761915,False,False,False
843,2014-05-16,804995.0,0.04177623515205953,26.181750234413002,False,False,False
819,2014-05-16,433000.0,0.10604776616840061,4.110219528009676,False,False,False
828,2014-05-16,249000.0,0.09871979631313454,6.410807670018005,False,False,False
820,2014-05-16,306000.0,0.1419446731466084,2.3195500399697178,False,False,False
800,2014-05-16,385000.0,0.0774784721302928,13.236161123579858,False,False,False
808,2014-05-16,350000.0,0.13570327808792587,4.085575932907469,False,False,False
836,2014-05-16,314000.0,0.14228436578231612,2.1201777070055754,False,False,False
835,2014-05-16,645000.0,0.1265970442865491,3.684643868195225,False,False,False
812,2014-05-16,875000.0,0.054704445379826216,6.738928629579203,False,False,False
790,2014-05-16,799000.0,0.07840190122631596,7.879087042357468,False,False,False
831,2014-05-16,375000.0,0.13997309743292197,2.887342451713848,False,False,False
802,2014-05-16,425000.0,0.08364233108271507,10.65716157955413,False,False,False
805,2014-05-16,724800.0,0.0758700497821913,10.604812124720885,False,False,False
834,2014-05-16,205000.0,0.06865272652742055,13.077730506123181,False,False,False
810,2014-05-16,250000.0,0.057590598012576044,15.14447945950323,False,False,False
814,2014-05-16,400000.0,-0.05214570009982178,19.029552422490912,False,False,False
799,2014-05-16,363750.0,0.03595540106945688,40.283052221070605,False,False,False
4313,2014-05-16,254000.0,0.08822870755495388,9.74430979256132,False,False,False
824,2014-05-16,523000.0,0.06450674236408754,6.410704146642747,False,False,False
823,2014-05-16,238000.0,0.04096961980109609,14.993953797174317,False,False,False
842,2014-05-16,480000.0,0.13894038415432747,3.256995024741734,False,False,False
817,2014-05-16,306500.0,0.08030458981989719,13.267872812878384,False,False,False
846,2014-05-16,611000.0,0.07896671643660413,6.324863201883675,False,False,False
4394,2014-05-16,326428.57,0.10304641781943541,5.476790353941137,False,False,False
793,2014-05-16,239900.0,0.10524046311559665,5.8254412431450975,False,False,False
788,2014-05-16,451000.0,0.011566440947547219,8.4112058100225,False,False,False
840,2014-05-16,2000000.0,-0.07989436305343611,14.88226753066221,False,False,False
833,2014-05-16,605000.0,0.07781741177854024,5.929396645288309,False,False,False
809,2014-05-16,785000.0,0.010156033285940447,16.45259188628519,False,False,False
4398,2014-05-16,440825.0,0.09155920936642908,8.960872458559974,False,False,False
795,2014-05-16,275000.0,0.1257217326012256,8.928162370072673,False,False,False
848,2014-05-16,1270000.0,-0.024836280244228126,12.802369091690082,False,False,False
821,2014-05-16,620000.0,0.04567819772287418,21.727646671614963,False,False,False
4396,2014-05-16,135333.33,0.03544013801864265,36.11115890766455,False,False,False
845,2014-05-16,675000.0,0.09392617216250193,8.533845738152815,False,False,False
825,2014-05-16,522500.0,0.14185493113933895,2.6980847792939313,False,False,False
844,2014-05-16,341000.0,0.0670620668300298,12.700425191231087,False,False,False
786,2014-05-16,619000.0,0.1385031116540989,4.390192800296528,False,False,False
4397,2014-05-16,577437.5,0.1291420185097798,3.222811848515086,False,False,False
785,2014-05-16,350000.0,0.006166426150287008,10.774989508272439,False,False,False
838,2014-05-16,490000.0,0.08293600693439518,5.6591565808543525,False,False,False
787,2014-05-16,408200.0,0.11159269240952246,3.7839588791865353,False,False,False
822,2014-05-16,245000.0,0.09632622829079174,5.529438178534984,False,False,False
832,2014-05-16,540000.0,0.024529288388446202,14.552152579618745,False,False,False
849,2014-05-16,500000.0,0.04765534761074247,22.62235350193978,False,False,False
830,2014-05-16,551000.0,0.08426011524686494,13.410863576385673,False,False,False
850,2014-05-17,410000.0,0.07138781308336234,10.889293059532342,False,False,False
854,2014-05-18,534640.0,0.0628958426314169,11.185908762829806,False,False,False
853,2014-05-18,575550.0,0.1007936340329097,5.669850994133721,False,False,False
851,2014-05-18,415000.0,0.13673357123178315,2.914659714974129,False,False,False
857,2014-05-18,732000.0,0.03919552205682403,13.784779833947855,False,False,False
852,2014-05-18,297000.0,0.07323764920029452,9.814534981788743,False,False,False
855,2014-05-18,352500.0,0.03111049369585106,15.820687315230819,False,False,False
856,2014-05-18,488000.0,0.04831696978152622,12.112176542642997,False,False,False
914,2014-05-19,368000.0,-0.020989851134699755,19.192232001274984,False,False,False
899,2014-05-19,588000.0,0.10592055579814585,5.664278741457453,False,False,False
881,2014-05-19,1405000.0,0.1151087981692529,5.903358236832245,False,False,False
905,2014-05-19,755000.0,0.14067730718741395,2.1291255932406634,False,False,False
889,2014-05-19,461000.0,0.0877365397519354,6.676832233458174,False,False,False
877,2014-05-19,215000.0,0.09185755772226445,6.125231330797436,False,False,False
884,2014-05-19,285000.0,-0.02347668063660724,15.703051551685714,False,False,False
930,2014-05-19,530000.0,0.06801463159659299,24.020473404983203,False,False,False
931,2014-05-19,818000.0,-0.017743919453214185,17.473288404626167,False,False,False
864,2014-05-19,290000.0,0.004805210069119437,18.653135531485194,False,False,False
924,2014-05-19,572500.0,0.09956933898852965,7.168757570022042,False,False,False
4402,2014-05-19,176400.0,0.06887240931352423,8.317668794430848,False,False,False
909,2014-05-19,110700.0,0.08036278640588423,9.447324903622395,False,False,False
904,2014-05-19,464000.0,0.10225291914113016,5.231220809673148,False,False,False
885,2014-05-19,475000.0,0.08074769014889077,6.344412277581215,False,False,False
868,2014-05-19,366500.0,0.04274292299269472,12.726877234662862,False,False,False
908,2014-05-19,305000.0,0.11895316198734762,3.5158987747637984,False,False,False
912,2014-05-19,319950.0,0.09967668379906963,8.416402816270804,False,False,False
919,2014-05-19,442500.0,0.11968523972406603,4.063169823826927,False,False,False
892,2014-05-19,247000.0,0.10476187964858691,4.375782372646812,False,False,False
911,2014-05-19,350000.0,0.10422938099597717,3.794861527464001,False,False,False
890,2014-05-19,810000.0,0.10709115881394682,11.137093705063076,False,False,False
932,2014-05-19,640000.0,0.00975982140879611,16.00639974594369,False,False,False
901,2014-05-19,482500.0,0.062140937890957426,9.751548679029952,False,False,False
917,2014-05-19,1000000.0,-0.07743409420720282,14.596765382289528,False,False,False
903,2014-05-19,869000.0,0.011593730793529045,17.165660079108385,False,False,False
898,2014-05-19,373000.0,0.12966856491214518,2.766482644720184,False,False,False
4404,2014-05-19,646212.5,0.08019461497713831,12.620855333264739,False,False,False
928,2014-05-19,1190000.0,0.006630619131895721,17.56130843834665,False,False,False
895,2014-05-19,333000.0,-0.006940157883377984,27.971224001515186,False,False,False
923,2014-05-19,446000.0,0.039520971823990614,13.779609195379589,False,False,False
860,2014-05-19,290000.0,0.10599088547732344,5.3648208643230495,False,False,False
925,2014-05-19,477000.0,0.06531124866011151,14.3813161861467,False,False,False
4403,2014-05-19,193000.0,0.08371334384888035,10.553784992329817,False,False,False
920,2014-05-19,485000.0,-0.0008325161314518548,16.520776148420076,False,False,False
916,2014-05-19,611000.0,0.13550605587082548,3.30867798804052,False,False,False
902,2014-05-19,251200.0,0.0782828438350282,15.885264439640448,False,False,False
888,2014-05-19,241000.0,0.08488537409682284,6.080876252425486,False,False,False
886,2014-05-19,386591.0,0.04983401640381785,9.201963750420465,False,False,False
4399,2014-05-19,195000.0,-0.10886992566808762,35.76279298175533,True,False,False
921,2014-05-19,367000.0,0.05462479993034891,8.363726761778704,False,False,False
893,2014-05-19,296500.0,0.09459943347457661,6.576090026471059,False,False,False
866,2014-05-19,339000.0,0.13443526682365892,3.7273207157272266,False,False,False
858,2014-05-19,215000.0,0.04309431716834927,8.825044169485473,False,False,False
879,2014-05-19,359950.0,0.026875939632815815,28.000010402386955,False,False,False
933,2014-05-19,298450.0,0.04504739363208543,16.517937132966928,False,False,False
882,2014-05-19,390000.0,0.14156519150225216,1.9723212396807297,False,False,False
934,2014-05-19,575000.0,0.12655871212471642,3.8336290120320804,False,False,False
907,2014-05-19,485000.0,0.01844569250685063,16.267345664372638,False,False,False
878,2014-05-19,762000.0,0.008775669478716719,18.85076216042247,False,False,False
927,2014-05-19,462000.0,0.061086273733138075,15.193006416600017,False,False,False
880,2014-05-19,480000.0,-0.03967144477106088,44.39570290709407,False,False,False
872,2014-05-19,280000.0,0.1317284508092642,9.002610626610238,False,False,False
4400,2014-05-19,257500.0,0.10198857466811662,7.318754658221238,False,False,False
906,2014-05-19,280000.0,0.11856662752239255,5.192580535200681,False,False,False
897,2014-05-19,565000.0,0.1107361970507238,3.9080235387580466,False,False,False
863,2014-05-19,1216000.0,-0.016273465882319815,12.858461681332217,False,False,False
918,2014-05-19,307000.0,0.11331961794290524,5.010125292924791,False,False,False
865,2014-05-19,487250.0,0.0042897647266117445,43.9792784296046,False,False,False
869,2014-05-19,462000.0,0.054638275706208383,18.107796490511948,False,False,False
873,2014-05-19,210000.0,0.09435982742565824,7.486176010876475,False,False,False
883,2014-05-19,413500.0,0.028272361643361055,10.96427034374055,False,False,False
891,2014-05-19,885000.0,0.03344451715130664,16.051618878987963,False,False,False
4401,2014-05-19,692000.0,0.07157132972296198,11.215696017698919,False,False,False
896,2014-05-19,602000.0,0.0518344341472568,13.896449946984985,False,False,False
867,2014-05-19,440000.0,-0.045925540919227514,16.66321665825301,False,False,False
910,2014-05-19,850000.0,0.013039579032570026,21.102453982042945,False,False,False
915,2014-05-19,433500.0,0.13097480656470767,4.157422741735606,False,False,False
861,2014-05-19,475000.0,0.030870007714591086,12.498844728415994,False,False,False
922,2014-05-19,429000.0,0.13903853151045487,4.658012293881257,False,False,False
874,2014-05-19,690000.0,0.06531830855574117,9.178274575314685,False,False,False
870,2014-05-19,560000.0,0.040311149897359844,17.386847948584037,False,False,False
887,2014-05-19,524950.0,0.09535193435654632,6.131762683967363,False,False,False
875,2014-05-19,256500.0,0.0750237470732602,7.780980279135607,False,False,False
859,2014-05-19,592500.0,-0.04483231985358138,14.021681065782454,False,False,False
871,2014-05-19,285000.0,0.07639070143230325,10.536745203704937,False,False,False
900,2014-05-19,485000.0,0.02627996577092262,33.92595134608534,False,False,False
894,2014-05-19,141800.0,0.08762914236439429,4.676578379475769,False,False,False
876,2014-05-19,411000.0,0.10440975691677856,5.032502708246507,False,False,False
862,2014-05-19,320000.0,0.13874579954734662,3.602594994820638,False,False,False
926,2014-05-19,518000.0,0.0807872068888088,12.973384375333522,False,False,False
913,2014-05-19,700000.0,0.03594548986025925,10.519224086887144,False,False,False
929,2014-05-19,137000.0,0.10867933690636372,5.237287826610089,False,False,False
1028,2014-05-20,879950.0,-0.03134224478268621,10.208768017136045,False,False,False
989,2014-05-20,315000.0,0.09612544933906186,6.114418399618222,False,False,False
976,2014-05-20,452000.0,0.004809160261526779,17.996883660546356,False,False,False
1026,2014-05-20,423000.0,0.0746190022164252,9.494167795055645,False,False,False
995,2014-05-20,699000.0,0.1417101689258788,2.596986375488834,False,False,False
1009,2014-05-20,475000.0,0.09648688078057144,5.0678624943981765,False,False,False
981,2014-05-20,326000.0,0.006851819378551449,29.49147056331766,False,False,False
1040,2014-05-20,772000.0,0.04241624130497257,13.513138840286068,False,False,False
946,2014-05-20,250000.0,0.06701951641336312,10.61111684618612,False,False,False
944,2014-05-20,192500.0,0.08492213598931608,6.85601147453962,False,False,False
1021,2014-05-20,325000.0,0.10523146402206579,3.695677250236179,False,False,False
4343,2014-05-20,291000.0,0.12283220744969026,3.3279453130144225,False,False,False
984,2014-05-20,300000.0,0.058188074358235975,19.417407561149606,False,False,False
1036,2014-05-20,860000.0,0.1098493025742075,3.8746801528279184,False,False,False
940,2014-05-20,520000.0,0.05008476786074184,22.791107603169536,False,False,False
967,2014-05-20,300000.0,0.10709818185409903,4.168380444862971,False,False,False
949,2014-05-20,639000.0,0.11000976414976682,4.01442256594713,False,False,False
1043,2014-05-20,490000.0,-0.10527232951813592,17.488969834771297,False,False,False
4407,2014-05-20,317061.88,0.11551258210507698,3.537802871591683,False,False,False
943,2014-05-20,390000.0,0.08644098064308475,10.343033456522402,False,False,False
955,2014-05-20,467000.0,0.07085097381724181,15.792336411666705,False,False,False
1017,2014-05-20,372500.0,0.06723035200740579,12.495601592734092,False,False,False
970,2014-05-20,458000.0,0.041942570062147966,21.716323558023717,False,False,False
969,2014-05-20,387500.0,0.06161597212567638,11.250204319337039,False,False,False
1014,2014-05-20,345000.0,0.11590191147733442,2.87962765106846,False,False,False
1032,2014-05-20,439000.0,0.016271038273871885,60.47043339651641,False,True,False
998,2014-05-20,749950.0,0.07796763685654556,3.9976429984572603,False,False,False
1020,2014-05-20,507500.0,0.08871073419580289,11.809323435174134,False,False,False
952,2014-05-20,405000.0,0.09689807098242287,7.721659658530089,False,False,False
951,2014-05-20,675000.0,0.11175402411707408,4.04343931851924,False,False,False
971,2014-05-20,1212500.0,-0.03792965519696767,20.86898958268582,False,False,False
964,2014-05-20,570000.0,0.028094191903414056,17.307018950971116,False,False,False
1006,2014-05-20,765000.0,0.10130819706215238,4.712334553121356,False,False,False
938,2014-05-20,675000.0,0.05491970830069004,14.90059535497723,False,False,False
992,2014-05-20,289000.0,0.14071452531912282,2.3869654705775862,False,False,False
978,2014-05-20,792000.0,0.004963820581518841,18.402632842098768,False,False,False
1002,2014-05-20,499950.0,0.06338219225308017,14.443914737224427,False,False,False
997,2014-05-20,299950.0,0.058540620750677674,16.845636484589722,False,False,False
963,2014-05-20,519900.0,0.1058247850784863,5.293580556930901,False,False,False
937,2014-05-20,271310.0,-0.018333111207423647,20.595444033161467,False,False,False
979,2014-05-20,315000.0,0.006636527750913834,25.55885873152111,False,False,False
1015,2014-05-20,598000.0,0.08569028015170371,7.723816548530287,False,False,False
988,2014-05-20,700000.0,0.04819675558005754,14.311607647988813,False,False,False
965,2014-05-20,450000.0,0.08466297892231422,8.670858519393223,False,False,False
993,2014-05-20,210000.0,0.06833277072651656,12.757493708445729,False,False,False
4405,2014-05-20,268971.88,0.09991128094462631,5.390905140384541,False,False,False
987,2014-05-20,1125000.0,-0.011284804176183272,34.20666050283073,False,False,False
1004,2014-05-20,350000.0,0.10786602981038473,4.793641773494075,False,False,False
1022,2014-05-20,329900.0,0.14067287464680317,2.596990433099746,False,False,False
950,2014-05-20,710000.0,0.025927666921355508,13.664865446207939,False,False,False
972,2014-05-20,380000.0,0.1300059282762046,2.6985781455175357,False,False,False
1007,2014-05-20,250000.0,0.09150106413401576,8.923662565626694,False,False,False
977,2014-05-20,426000.0,0.13876518613396954,2.7808361300653055,False,False,False
1045,2014-05-20,785000.0,0.07606549829559073,7.038477645382682,False,False,False
968,2014-05-20,320000.0,0.11437055079409547,3.5680408202451117,False,False,False
4408,2014-05-20,83300.0,0.09992451504489064,5.804777576937267,False,False,False
986,2014-05-20,978000.0,0.02946317727648934,10.626984922096511,False,False,False
956,2014-05-20,480000.0,0.07099198615366425,9.151312656555765,False,False,False
996,2014-05-20,1800000.0,0.04025422753271052,17.052718289964886,False,False,False
1008,2014-05-20,376000.0,0.09443284108764016,6.443487340797675,False,False,False
935,2014-05-20,730000.0,0.13351665677869118,4.747249656153357,False,False,False
1027,2014-05-20,259000.0,0.11032765369609582,4.486713593287347,False,False,False
980,2014-05-20,1275000.0,-0.00527044933217613,10.714835156695209,False,False,False
1013,2014-05-20,619500.0,0.1336520726164917,2.409012355977829,False,False,False
994,2014-05-20,260000.0,0.14002951594000673,2.3624511059560525,False,False,False
957,2014-05-20,755000.0,0.046074253892172845,22.15558826930421,False,False,False
1010,2014-05-20,120750.0,0.10856922393805546,4.472063667638501,False,False,False
1001,2014-05-20,384000.0,0.13506826675653483,2.697969894105944,False,False,False
1029,2014-05-20,345600.0,-0.0499155362430721,41.20479897079443,False,False,False
945,2014-05-20,330000.0,0.09204718263400213,5.144801785247394,False,False,False
961,2014-05-20,415000.0,0.03839393267150071,16.673536521781426,False,False,False
1041,2014-05-20,329995.0,0.12116904400545564,4.4793132452641995,False,False,False
1011,2014-05-20,1690000.0,-0.00980452260555642,21.035628259372572,False,False,False
1037,2014-05-20,500000.0,0.0626494112674243,16.138535868035742,False,False,False
985,2014-05-20,525000.0,0.0947748053869461,6.188591357191552,False,False,False
991,2014-05-20,219950.0,0.10158287602220928,4.937501508096755,False,False,False
1035,2014-05-20,415000.0,0.0821847963639627,17.11871395395017,False,False,False
1033,2014-05-20,380000.0,0.07240798054410397,18.66701698324003,False,False,False
941,2014-05-20,599950.0,0.12485901251768095,5.493889839732724,False,False,False
942,2014-05-20,483945.0,0.06553979043047542,8.996387041607983,False,False,False
953,2014-05-20,615000.0,0.0988265421299408,6.176157993727251,False,False,False
1024,2014-05-20,494000.0,0.056781133504518355,8.129131395225535,False,False,False
958,2014-05-20,760000.0,0.04181554453816977,8.298048891888417,False,False,False
1003,2014-05-20,430000.0,0.01804340053847292,14.633482677740506,False,False,False
1039,2014-05-20,515000.0,0.1405694796018776,2.5701454364143848,False,False,False
983,2014-05-20,440000.0,0.061500548156522894,6.968282689776172,False,False,False
982,2014-05-20,268500.0,0.08559041511346233,6.218767556147926,False,False,False
966,2014-05-20,1300000.0,0.01959633585540771,20.15207588309516,False,False,False
1044,2014-05-20,305000.0,0.04701863345044549,12.594582285389457,False,False,False
1019,2014-05-20,194000.0,-0.051350392983290694,40.836368238299116,False,False,False
973,2014-05-20,200000.0,0.0998058488300187,5.97808840803829,False,False,False
960,2014-05-20,925000.0,0.0631085490420521,6.856628313588887,False,False,False
1023,2014-05-20,329000.0,0.059201340257666435,16.11346640498302,False,False,False
1018,2014-05-20,300000.0,-0.03904248252556397,60.65960459064272,False,True,False
1025,2014-05-20,206000.0,0.10522685696351403,7.097923215991121,False,False,False
974,2014-05-20,385000.0,0.11505784411078529,2.9000695679786594,False,False,False
1038,2014-05-20,953007.0,0.0751549489425577,11.321921131760892,False,False,False
1031,2014-05-20,625000.0,0.1268093021972343,6.328976341761839,False,False,False
1000,2014-05-20,555000.0,0.0009548391252844346,20.5995540134831,False,False,False
948,2014-05-20,575000.0,0.07118871939891663,11.23436985977553,False,False,False
975,2014-05-20,396675.0,0.03861677885763587,13.989477334744254,False,False,False
1042,2014-05-20,409316.0,0.12068898009368612,3.9162684727719563,False,False,False
1030,2014-05-20,395000.0,0.03415612434706322,7.756354962721288,False,False,False
999,2014-05-20,1100000.0,0.018805644022446166,13.89196630377732,False,False,False
990,2014-05-20,309000.0,0.07498574477850828,9.07951466834421,False,False,False
936,2014-05-20,551000.0,0.1354903474350398,5.053689851634556,False,False,False
959,2014-05-20,387000.0,0.030584254472345973,15.098804907882156,False,False,False
947,2014-05-20,243000.0,-0.0021086428527627987,18.962384007070824,False,False,False
1016,2014-05-20,335000.0,0.10276628324297371,5.337595548564662,False,False,False
1012,2014-05-20,330000.0,0.07008414938663171,10.752630606668987,False,False,False
1005,2014-05-20,620000.0,0.1400338256350092,3.120640017493282,False,False,False
939,2014-05-20,479000.0,0.04768740251905507,15.756597262236282,False,False,False
962,2014-05-20,263000.0,0.12431470714327597,3.172559490916004,False,False,False
954,2014-05-20,490000.0,0.0654717521886175,12.632708415783075,False,False,False
1034,2014-05-20,440000.0,0.03751350957381927,20.71141657090685,False,False,False
1135,2014-05-21,1130000.0,0.032180851335382565,13.065323110399136,False,False,False
1133,2014-05-21,2700000.0,-0.04413140871797494,20.06501838289709,False,False,False
1066,2014-05-21,475000.0,-0.06365679451366801,19.122972610478296,False,False,False
1086,2014-05-21,405000.0,0.08038216821819971,6.331154487160773,False,False,False
1057,2014-05-21,1506000.0,-0.045033406545352705,56.9199245223702,False,True,False
1109,2014-05-21,540000.0,0.06189918069495037,10.534171820155812,False,False,False
1113,2014-05-21,150000.0,0.09323021799352577,9.333219606887974,False,False,False
1069,2014-05-21,230000.0,0.06613370025127913,12.79164145766029,False,False,False
1052,2014-05-21,420850.0,-0.04083889728788648,24.684135680760033,False,False,False
1123,2014-05-21,396450.0,0.08516218854330898,8.785615681547675,False,False,False
1063,2014-05-21,512500.0,0.14083859095709633,2.2111599652446445,False,False,False
1068,2014-05-21,220000.0,-0.014530430013446005,9.954865288369138,False,False,False
1127,2014-05-21,655000.0,0.027369379037414265,14.107403255034926,False,False,False
1055,2014-05-21,199000.0,0.1065438226844222,5.782345692734525,False,False,False
1132,2014-05-21,334990.0,0.12439239313893036,3.9335597076672313,False,False,False
1136,2014-05-21,556000.0,0.06415691986692251,15.743388166330783,False,False,False
1047,2014-05-21,325000.0,0.09842651278600123,4.3231859679137425,False,False,False
1051,2014-05-21,189650.0,0.0922837978527481,6.394133998672088,False,False,False
1081,2014-05-21,1003000.0,0.03563155894722231,44.303654070547545,False,False,False
1050,2014-05-21,374000.0,0.10910473447426072,5.558456700949081,False,False,False
1099,2014-05-21,246000.0,0.09564559277710227,5.116421322754102,False,False,False
1129,2014-05-21,1550000.0,0.10461225752156367,14.554041982512992,False,False,False
1054,2014-05-21,1065000.0,0.08877789897327254,7.780266198196547,False,False,False
1119,2014-05-21,556000.0,0.1282656678794623,2.8323023806039758,False,False,False
1100,2014-05-21,535000.0,0.04768136945709123,24.11536792107137,False,False,False
1128,2014-05-21,1185000.0,0.04948648177583492,18.988639548564453,False,False,False
1090,2014-05-21,975000.0,0.016924656168439745,18.00905005281798,False,False,False
1126,2014-05-21,260000.0,0.038823637257124455,23.0995424962676,False,False,False
1121,2014-05-21,430000.0,0.1376447648694637,3.6987747762258016,False,False,False
1112,2014-05-21,625000.0,0.1259623207541704,10.148335421743942,False,False,False
1079,2014-05-21,542500.0,-0.07560695155943198,82.60966486967165,False,True,False
1059,2014-05-21,442000.0,0.10267088731874718,5.329440532623739,False,False,False
1046,2014-05-21,240000.0,0.09536016331937214,7.21328251296671,False,False,False
1080,2014-05-21,330000.0,0.11086295198798629,4.767654364205669,False,False,False
1096,2014-05-21,344500.0,0.0748931696966666,11.462332876510125,False,False,False
1056,2014-05-21,195000.0,0.10314157016670922,5.766128533533194,False,False,False
1094,2014-05-21,255000.0,0.11270774849790244,4.642396969243136,False,False,False
1101,2014-05-21,970000.0,-0.026880568442611108,30.586070481501253,False,False,False
1114,2014-05-21,389999.0,0.07713249180442988,23.06934328145984,False,False,False
1049,2014-05-21,720000.0,-0.061927120912355305,11.906665767752783,False,False,False
1095,2014-05-21,668750.0,0.05973237849373919,5.722944392027501,False,False,False
1088,2014-05-21,256750.0,0.09531515789022538,11.012496301595705,False,False,False
1120,2014-05-21,275000.0,0.14118289752103708,1.8841092317776844,False,False,False
1130,2014-05-21,413800.0,0.10466601793724734,8.82346948208126,False,False,False
1089,2014-05-21,332500.0,0.1348145094464837,2.9285857587665247,False,False,False
1108,2014-05-21,1220000.0,0.051013395574575626,8.928808005691044,False,False,False
1087,2014-05-21,360000.0,-0.08391059016532298,15.516434229985489,False,False,False
1085,2014-05-21,195000.0,0.061921374668029605,7.793455371655627,False,False,False
1124,2014-05-21,225000.0,0.020919042185973347,23.19445876387663,False,False,False
1092,2014-05-21,429000.0,0.07419349789391977,25.045249192792213,False,False,False
1116,2014-05-21,744000.0,0.13612624284776437,2.4332741242177063,False,False,False
1098,2014-05-21,540000.0,0.07852371199128638,14.21925825412555,False,False,False
1104,2014-05-21,712000.0,0.06655387090779907,29.309758404423484,False,False,False
1067,2014-05-21,250000.0,0.11419982192167266,6.079413094570164,False,False,False
1083,2014-05-21,299900.0,0.13834341339544926,4.3761720240369115,False,False,False
1065,2014-05-21,525000.0,0.09193503815724297,9.770176621479639,False,False,False
1105,2014-05-21,450000.0,0.05613476846892568,25.208392429361364,False,False,False
1075,2014-05-21,175000.0,0.11514293022918248,3.9310558124475574,False,False,False
1053,2014-05-21,815000.0,0.13155185575087586,4.130145336701081,False,False,False
1061,2014-05-21,635000.0,0.08081950106240482,7.057375803341156,False,False,False
1058,2014-05-21,288400.0,0.1283114000521982,2.6521259576998015,False,False,False
1084,2014-05-21,691000.0,0.1019107506118373,5.7923985220590355,False,False,False
1048,2014-05-21,535800.0,0.14087232957604728,2.660662944731339,False,False,False
1118,2014-05-21,318989.0,0.0939017243460874,6.516411107950334,False,False,False
1117,2014-05-21,700000.0,0.12682049778411913,8.840391643134904,False,False,False
1078,2014-05-21,1580000.0,0.10380598895576576,9.85350959396328,False,False,False
1107,2014-05-21,525000.0,0.03501759688596934,6.8368802259232275,False,False,False
1125,2014-05-21,700000.0,0.12483395401898195,4.055041308523855,False,False,False
1071,2014-05-21,895000.0,0.02833286782784894,8.969188099943732,False,False,False
1076,2014-05-21,270000.0,0.09671269685043177,6.666770772379028,False,False,False
1111,2014-05-21,600000.0,0.11037292859827885,4.1510897015907595,False,False,False
1077,2014-05-21,495000.0,0.01949841736933644,11.399935651562743,False,False,False
1093,2014-05-21,589000.0,0.07522171342776113,3.7659802283734547,False,False,False
4410,2014-05-21,266066.67,0.03714895802552859,31.112059269936548,False,False,False
1097,2014-05-21,452000.0,0.06869854465229419,12.480916136285732,False,False,False
1106,2014-05-21,220000.0,0.14305155691501864,1.982609018115596,False,False,False
1064,2014-05-21,567000.0,0.13953476729282038,3.337266235188354,False,False,False
1103,2014-05-21,520000.0,0.13317808075338716,3.9412604559234996,False,False,False
1082,2014-05-21,299800.0,0.07149601821019863,6.276349519134888,False,False,False
1134,2014-05-21,1030000.0,-0.032381826021070204,41.36971398952812,False,False,False
1131,2014-05-21,950000.0,-0.01664925390517502,10.09696557028583,False,False,False
1110,2014-05-21,600000.0,0.14074390774221757,2.5022942674244075,False,False,False
1060,2014-05-21,619420.0,0.10869825032474273,4.361418519615918,False,False,False
1115,2014-05-21,285000.0,0.05155027647039273,11.881776120276827,False,False,False
1070,2014-05-21,385500.0,0.11113058338363946,5.474251721782643,False,False,False
1072,2014-05-21,368250.0,0.14083686126630213,2.0982604408226693,False,False,False
1137,2014-05-21,360000.0,0.06379403375627218,12.835090799873264,False,False,False
1073,2014-05-21,249900.0,0.10365024761561231,5.392019261932866,False,False,False
1102,2014-05-21,430000.0,0.0031063452396354885,14.078601715924068,False,False,False
1091,2014-05-21,218000.0,0.11052250390449886,4.687777050550679,False,False,False
1062,2014-05-21,210000.0,0.0742009146714856,7.087496295089421,False,False,False
1074,2014-05-21,350000.0,0.05079260951219766,11.186781303919515,False,False,False
1122,2014-05-21,300000.0,0.09683737417995875,6.335500620169434,False,False,False
1187,2014-05-22,1180500.0,0.11021852555667966,3.9543259471544334,False,False,False
1169,2014-05-22,150000.0,0.09238582612654689,6.7870902790278445,False,False,False
1214,2014-05-22,660000.0,0.13748565996429307,4.4410559696504395,False,False,False
1145,2014-05-22,373500.0,0.06168478085557377,9.390025131112155,False,False,False
4327,2014-05-22,370000.0,0.053523002927357455,13.548034932935028,False,False,False
1165,2014-05-22,235750.0,0.035273836005999815,16.784210204142433,False,False,False
1139,2014-05-22,324000.0,0.13829345720655595,2.5623799981492628,False,False,False
1149,2014-05-22,494400.0,-0.03878307233730982,21.17564226037292,False,False,False
1140,2014-05-22,1050000.0,0.10196862114863542,9.435873831422509,False,False,False
1163,2014-05-22,305000.0,0.04387565030643559,10.68137894464363,False,False,False
1175,2014-05-22,337000.0,0.06845872808056885,9.79145117637764,False,False,False
1186,2014-05-22,677000.0,0.04536798051942159,10.874202354833066,False,False,False
1199,2014-05-22,648360.0,0.04035046055531821,9.643771232736848,False,False,False
1185,2014-05-22,180000.0,0.09648204915232766,7.548791584797383,False,False,False
1208,2014-05-22,321000.0,0.05885495640005228,14.579650992659465,False,False,False
1146,2014-05-22,770000.0,0.11584094778562593,3.279692570260586,False,False,False
1178,2014-05-22,348580.0,0.11542420513106999,4.6267285856148295,False,False,False
1193,2014-05-22,665000.0,0.13784050732472886,3.232308115947094,False,False,False
1210,2014-05-22,2150000.0,-0.026431951854984925,45.86024343823146,False,False,False
1216,2014-05-22,259000.0,0.12226294400436188,3.967394422276584,False,False,False
1202,2014-05-22,353250.0,0.03548947402293112,9.773063265878966,False,False,False
1182,2014-05-22,910000.0,0.05267465651144304,8.43841220220961,False,False,False
1147,2014-05-22,356000.0,0.08550478813501766,8.83461114688145,False,False,False
1171,2014-05-22,555000.0,0.10010753367875791,4.090899622778483,False,False,False
1217,2014-05-22,353000.0,-0.05321136647040048,22.27361296792141,False,False,False
1167,2014-05-22,385000.0,0.10709383369537995,4.41675598051888,False,False,False
1170,2014-05-22,254500.0,0.08088480738872023,5.584168610309136,False,False,False
1189,2014-05-22,482000.0,0.08254880463441361,9.613811975319608,False,False,False
1143,2014-05-22,749000.0,0.13254543673225627,3.60469566898947,False,False,False
1181,2014-05-22,295000.0,0.03831734319924435,19.079008045222963,False,False,False
1162,2014-05-22,320000.0,0.060504845107653915,12.79048691957887,False,False,False
4328,2014-05-22,475000.0,0.11073880654625617,4.483866723084812,False,False,False
1151,2014-05-22,926300.0,0.058450587956831224,14.607130273340848,False,False,False
1194,2014-05-22,592500.0,0.09073193799559542,7.347330664099191,False,False,False
4345,2014-05-22,850000.0,-0.03570039307252215,4.55390106724271,False,False,False
4337,2014-05-22,657500.0,0.1370372540640094,3.6308690501986773,False,False,False
1142,2014-05-22,180000.0,0.09739556999529209,6.709981913017757,False,False,False
1153,2014-05-22,430000.0,0.08370830130944573,8.251495211734216,False,False,False
1198,2014-05-22,380000.0,0.030679529959219076,21.95127845206035,False,False,False
1188,2014-05-22,635700.0,0.08505401566670734,7.2654276186383555,False,False,False
1200,2014-05-22,432000.0,0.06108130793368144,17.849619125681954,False,False,False
1206,2014-05-22,330000.0,0.11467858813853243,6.606161313503506,False,False,False
1173,2014-05-22,245000.0,0.10625840452125651,5.676361929377823,False,False,False
1218,2014-05-22,430000.0,0.05094964642461214,15.698251943910194,False,False,False
1203,2014-05-22,1000000.0,0.1092407208983377,6.554557751589297,False,False,False
1209,2014-05-22,1051000.0,0.04016737197910947,8.307435940765641,False,False,False
1172,2014-05-22,1075000.0,-0.013924408317135262,8.526488121660867,False,False,False
1154,2014-05-22,307000.0,0.10148267270463879,11.057048570148199,False,False,False
1155,2014-05-22,604700.0,0.03521677845958876,5.691512102067732,False,False,False
1138,2014-05-22,480000.0,0.09242647338303212,9.369891498814928,False,False,False
1196,2014-05-22,655000.0,0.1386922284207952,2.7207892777343488,False,False,False
1160,2014-05-22,361000.0,-0.06816336900223041,6.704251652636296,False,False,False
1192,2014-05-22,398000.0,0.01804555576051603,19.692176234576706,False,False,False
4411,2014-05-22,342246.43,0.1397108506274778,2.4835032509032953,False,False,False
1156,2014-05-22,219900.0,0.050292690830435416,11.77522253047193,False,False,False
1179,2014-05-22,180000.0,0.04523735597226991,10.314202643275834,False,False,False
4415,2014-05-22,240015.33,0.09323751430085236,6.493006135696703,False,False,False
1191,2014-05-22,805000.0,0.05772205216106452,10.188874608804005,False,False,False
1201,2014-05-22,1050000.0,0.07513420027423029,5.304027704025734,False,False,False
1168,2014-05-22,389950.0,0.1327770238949182,3.7637718765889194,False,False,False
1197,2014-05-22,622500.0,0.13422773625657752,3.243319412497709,False,False,False
1205,2014-05-22,349900.0,0.11908801322965762,4.29744591440239,False,False,False
1141,2014-05-22,275000.0,-0.04250827722596551,28.874746718073425,False,False,False
1207,2014-05-22,408000.0,0.0797531659313086,10.351009921690405,False,False,False
1150,2014-05-22,585000.0,-0.021212577094635088,18.324506397904244,False,False,False
1164,2014-05-22,503000.0,-0.15371035819896994,30.25578201978902,True,False,False
1177,2014-05-22,1170000.0,-0.01003065422180538,42.02415586097748,False,False,False
1183,2014-05-22,1150000.0,-0.10815910295030662,42.64643452730319,True,False,False
1180,2014-05-22,400000.0,0.10527314022411255,5.025939750380275,False,False,False
1152,2014-05-22,600000.0,0.032359642530399635,9.608081291074633,False,False,False
1166,2014-05-22,657000.0,0.03158760289728846,13.13310558368363,False,False,False
1159,2014-05-22,300000.0,0.030733897658305143,22.603955628073095,False,False,False
1195,2014-05-22,940000.0,0.028057912751442315,22.889953312062307,False,False,False
1161,2014-05-22,249950.0,0.09327488014263025,5.1148507329039905,False,False,False
1176,2014-05-22,492000.0,0.053733587583907505,17.978994218823917,False,False,False
1184,2014-05-22,431500.0,0.06282915876926426,14.34277508409613,False,False,False
1148,2014-05-22,625000.0,0.10383088585467887,6.742403689971843,False,False,False
1174,2014-05-22,319950.0,-0.021820640140631786,10.36465129565801,False,False,False
1211,2014-05-22,359000.0,0.019889284329855705,21.579212940956502,False,False,False
1158,2014-05-22,432000.0,0.0760098566255305,10.05804499514361,False,False,False
1204,2014-05-22,320000.0,0.03898963969699093,19.070690113193518,False,False,False
1212,2014-05-22,300000.0,0.09800451797994181,7.483196709063362,False,False,False
1215,2014-05-22,355000.0,0.04873868270283255,15.345409051122752,False,False,False
1190,2014-05-22,168000.0,0.08318850499344388,9.093510469896522,False,False,False
1213,2014-05-22,380000.0,0.061064405563916846,11.428111419158244,False,False,False
1157,2014-05-22,270000.0,0.0321941077388288,12.954817123529477,False,False,False
1144,2014-05-22,1600000.0,0.052436973737018666,9.359694611613795,False,False,False
1280,2014-05-23,244000.0,0.08962753029421583,8.73466568460797,False,False,False
1246,2014-05-23,535000.0,0.14211241581584283,2.116355259084998,False,False,False
1290,2014-05-23,255000.0,0.1111926868833048,1.5138087212191842,False,False,False
1292,2014-05-23,550000.0,0.08417190778128347,10.098988795709221,False,False,False
1291,2014-05-23,665000.0,0.09343009923607465,9.34659778136651,False,False,False
1294,2014-05-23,334000.0,0.05512660382043344,4.019572088335339,False,False,False
1237,2014-05-23,149000.0,0.10884598011513147,7.239347315643414,False,False,False
1257,2014-05-23,410000.0,0.11033724075935131,1.2656399085284562,False,False,False
1293,2014-05-23,606000.0,0.07871407387009505,7.847319511801639,False,False,False
1224,2014-05-23,980000.0,0.011703325974767753,13.179365813260496,False,False,False
1251,2014-05-23,416000.0,0.11066058420976299,3.737861400992276,False,False,False
1260,2014-05-23,735000.0,0.13779375751126216,2.818477451180453,False,False,False
1248,2014-05-23,465425.0,0.0709683363222885,9.524051588688593,False,False,False
1231,2014-05-23,306000.0,0.0733167508662027,8.204228019316018,False,False,False
1272,2014-05-23,335000.0,0.09705647850553117,6.988230128593238,False,False,False
1242,2014-05-23,950000.0,0.08798497123640692,6.981588161661217,False,False,False
1289,2014-05-23,388000.0,0.1438920882748978,1.8967922648899942,False,False,False
1255,2014-05-23,433000.0,0.09559753053654307,7.20822270054835,False,False,False
1271,2014-05-23,350000.0,0.09825267230141632,4.583811171767706,False,False,False
1221,2014-05-23,782000.0,0.11653931078416363,3.4627709509095266,False,False,False
1299,2014-05-23,375000.0,0.042544270262463324,18.970159249940235,False,False,False
1287,2014-05-23,379000.0,0.005516222242543611,6.361963100034563,False,False,False
1240,2014-05-23,1050000.0,-0.008637111293163802,31.664158210420815,False,False,False
1232,2014-05-23,235000.0,0.08660061825175985,14.42557813889714,False,False,False
1243,2014-05-23,377691.0,0.08124713942133832,8.960840231362463,False,False,False
1282,2014-05-23,445000.0,0.11717309380886215,4.540070229872312,False,False,False
1253,2014-05-23,200000.0,0.09705287506482696,8.52031739098403,False,False,False
1258,2014-05-23,554820.0,0.04903677017983821,9.286196735542259,False,False,False
1276,2014-05-23,1200000.0,0.034706954059553985,23.98406559716624,False,False,False
1286,2014-05-23,498000.0,0.06647424995886148,14.53746740981797,False,False,False
1263,2014-05-23,258000.0,0.09209698304734099,11.643323223248995,False,False,False
1233,2014-05-23,399500.0,0.06643638157818466,17.424550292388826,False,False,False
1241,2014-05-23,625000.0,0.09769442276100038,10.430342260441341,False,False,False
1264,2014-05-23,661254.0,-0.002329351399609436,33.20259352357791,False,False,False
1278,2014-05-23,670500.0,0.10404961695399068,7.9386745470116376,False,False,False
4416,2014-05-23,83300.0,0.029424663720952537,20.890303480788848,False,False,False
4418,2014-05-23,259585.57,0.1392672852248965,3.201842824035209,False,False,False
1244,2014-05-23,648475.0,0.07481933861654294,12.33377441342264,False,False,False
1254,2014-05-23,402000.0,0.10965709099958243,5.60911499918821,False,False,False
1227,2014-05-23,662990.0,0.035216270009452266,10.768134397137816,False,False,False
1249,2014-05-23,675000.0,0.1032957339093189,8.798632550502454,False,False,False
1252,2014-05-23,595000.0,0.04054346711407203,16.10515752167008,False,False,False
1269,2014-05-23,1610000.0,0.022974181252753134,8.906438670074957,False,False,False
1256,2014-05-23,275000.0,0.10775767173047857,8.738872285734583,False,False,False
1296,2014-05-23,235000.0,-0.0014369465613159882,30.504550729381013,False,False,False
4336,2014-05-23,505000.0,0.08027746497640093,8.740185516953341,False,False,False
1230,2014-05-23,175000.0,0.017399481033898434,17.981680060714034,False,False,False
1261,2014-05-23,607000.0,0.10780899788610376,3.9454485486530135,False,False,False
1229,2014-05-23,439950.0,0.14132826241121066,2.480009541235317,False,False,False
1220,2014-05-23,80000.0,-0.09362911684317721,30.510560477013687,False,False,False
4417,2014-05-23,316850.0,0.01722842569258759,17.48998926902478,False,False,False
1228,2014-05-23,225000.0,0.05577800189177656,8.980531383738715,False,False,False
1262,2014-05-23,549900.0,0.03500792213047638,31.37674385818764,False,False,False
1259,2014-05-23,1325000.0,0.011608896977812533,10.936091192948684,False,False,False
1273,2014-05-23,900000.0,-0.06652372471832879,31.996803952760086,False,False,False
1250,2014-05-23,599000.0,0.023888952904031313,18.334318095927568,False,False,False
1267,2014-05-23,132500.0,0.1123631704871082,4.991437323148467,False,False,False
1223,2014-05-23,325000.0,0.03253327103530412,11.129201899912237,False,False,False
1225,2014-05-23,902000.0,0.06181326227670375,9.323280918943928,False,False,False
1266,2014-05-23,799950.0,0.04716646169908295,27.367471443027764,False,False,False
1222,2014-05-23,218000.0,0.035651692420889725,15.236642524543713,False,False,False
1297,2014-05-23,580000.0,-0.1072392596608771,32.803215283776474,False,False,False
1235,2014-05-23,515000.0,0.058691930910268086,10.67302424318591,False,False,False
1279,2014-05-23,552000.0,0.044159022680150206,11.367327714340265,False,False,False
1234,2014-05-23,478000.0,0.03885484471404532,12.25087446709235,False,False,False
1268,2014-05-23,467100.0,0.10783465362629269,5.595246285622499,False,False,False
1275,2014-05-23,464600.0,0.07179656404859897,7.096407969693383,False,False,False
1284,2014-05-23,90000.0,0.05825206894557988,12.773327654713889,False,False,False
1270,2014-05-23,641000.0,0.04688964955768288,8.796854178459675,False,False,False
1277,2014-05-23,300000.0,0.011401045504219998,6.353047107325995,False,False,False
1226,2014-05-23,556000.0,0.07791718016038501,8.067053304356817,False,False,False
1274,2014-05-23,440000.0,0.08025578139164202,9.46532513762592,False,False,False
1283,2014-05-23,530000.0,0.07786777374513976,8.479033909213069,False,False,False
1239,2014-05-23,527550.0,-0.05966450060703998,32.3973501891348,False,False,False
1285,2014-05-23,585000.0,0.08517509078753799,7.543576818203449,False,False,False
1238,2014-05-23,526000.0,0.07082676799658705,10.20653610517462,False,False,False
1219,2014-05-23,460000.0,0.05146771844063347,11.494495126304356,False,False,False
1288,2014-05-23,462000.0,0.022556700908363758,10.022428159098927,False,False,False
1247,2014-05-23,449950.0,0.07147181111399104,10.71250688618624,False,False,False
1245,2014-05-23,383000.0,0.08337631671545559,8.48639389282475,False,False,False
1295,2014-05-23,360000.0,0.05786662888353444,16.073226924499007,False,False,False
1281,2014-05-23,788600.0,0.12220550521893891,5.056795597297691,False,False,False
1236,2014-05-23,550000.0,0.1405820194381318,3.3466314675940514,False,False,False
1298,2014-05-23,355000.0,0.05481782649932959,16.748363563809882,False,False,False
1265,2014-05-23,945000.0,0.07181295008259042,12.182366021411855,False,False,False
1307,2014-05-24,347000.0,0.11055527175132307,11.493576983138363,False,False,False
1300,2014-05-24,372000.0,0.06294755774306215,12.317712138537393,False,False,False
1310,2014-05-24,820000.0,0.12437853680511679,7.3885068059239085,False,False,False
1305,2014-05-24,245000.0,0.11503468013492907,5.3824978174829985,False,False,False
1303,2014-05-24,1680000.0,0.005566895782215087,23.484853457135625,False,False,False
1308,2014-05-24,199000.0,0.04167340560577626,11.916882448127609,False,False,False
1309,2014-05-24,440500.0,0.13847465730041159,4.199883508863621,False,False,False
1306,2014-05-24,496700.0,0.10801014956505256,3.903863051915975,False,False,False
1302,2014-05-24,2000000.0,-0.19638612578811443,13.49996030080716,True,False,False
1301,2014-05-24,479000.0,0.05611538279191691,9.342416449671102,False,False,False
1304,2014-05-24,501000.0,0.0389562290512534,10.453279397090549,False,False,False
1312,2014-05-25,195000.0,0.11687510541559348,4.632567519576773,False,False,False
1313,2014-05-25,675000.0,0.06301669223363715,13.23225123512626,False,False,False
1311,2014-05-25,325000.0,-0.0013132953519334745,10.496828990264849,False,False,False
1315,2014-05-25,355300.0,0.06349648177662232,13.541308770805466,False,False,False
1314,2014-05-25,295000.0,0.1344934453688667,3.240318256782371,False,False,False
4341,2014-05-26,690000.0,0.1403527647285241,2.506245160500379,False,False,False
1320,2014-05-26,346000.0,0.13254748722811094,3.6368663807945825,False,False,False
1318,2014-05-26,880000.0,0.07876261135139118,7.84355370877113,False,False,False
1319,2014-05-26,370000.0,0.1373014634638352,2.432962057474515,False,False,False
1317,2014-05-26,460000.0,0.04061117619109794,21.383243583278176,False,False,False
1321,2014-05-26,172500.0,0.11202090545394583,5.016461201965572,False,False,False
1316,2014-05-26,276000.0,0.11332086558633703,5.15849065993368,False,False,False
1322,2014-05-26,379950.0,0.10124587362115378,3.9642849964206515,False,False,False
1371,2014-05-27,857000.0,0.11252775562193279,6.504146573829192,False,False,False
1402,2014-05-27,535000.0,0.07886382061256364,14.822340333542849,False,False,False
1382,2014-05-27,355000.0,0.12649179897493973,3.5219152367860214,False,False,False
1342,2014-05-27,949880.0,0.12887660382451244,2.724487997783838,False,False,False
1395,2014-05-27,280000.0,0.07241588028851409,10.66635013875991,False,False,False
1328,2014-05-27,360000.0,0.0876583304466666,6.034876899738616,False,False,False
1366,2014-05-27,292050.0,0.04647952837017255,11.30711295439536,False,False,False
1334,2014-05-27,265000.0,0.0834096306036895,7.9424619932116824,False,False,False
1341,2014-05-27,800000.0,0.07685123166365071,11.154315557132474,False,False,False
1327,2014-05-27,326100.0,0.09754634704197734,5.6448753330288,False,False,False
1326,2014-05-27,312000.0,0.03300056771006715,20.426872521661217,False,False,False
1393,2014-05-27,675000.0,0.049838441890580065,9.314189033334793,False,False,False
1413,2014-05-27,754950.0,0.12658052201340075,4.429301990269058,False,False,False
1416,2014-05-27,399950.0,0.03537272066951036,17.293632011198426,False,False,False
1384,2014-05-27,244000.0,0.08767043791627915,7.008057685127983,False,False,False
1337,2014-05-27,160000.0,0.07635689187743305,8.430316252539523,False,False,False
1408,2014-05-27,268000.0,0.09522671601724081,7.3917048942195125,False,False,False
1335,2014-05-27,375000.0,0.12062807629622585,3.2878781735959657,False,False,False
1411,2014-05-27,760000.0,0.13040153809323896,5.574289328378463,False,False,False
1396,2014-05-27,960000.0,0.05922971720462422,12.288793352551329,False,False,False
1373,2014-05-27,465000.0,0.08669082762669056,9.663031047503537,False,False,False
1352,2014-05-27,389000.0,0.06309033088425176,12.010050332805756,False,False,False
1338,2014-05-27,1570000.0,0.0005793280516314114,33.478572515281826,False,False,False
1355,2014-05-27,415000.0,0.11362838156803734,4.772625705822043,False,False,False
1363,2014-05-27,1100000.0,0.038971169572985576,16.15140372609002,False,False,False
1390,2014-05-27,313000.0,0.0802610999213621,8.908609419599003,False,False,False
1336,2014-05-27,326500.0,0.07554945916134981,11.725864715267237,False,False,False
1360,2014-05-27,570000.0,0.1016576455933132,6.39190019923857,False,False,False
1375,2014-05-27,475000.0,0.10252266791356723,6.116099034072125,False,False,False
1351,2014-05-27,457500.0,0.048641631675423846,9.750445346746952,False,False,False
1394,2014-05-27,305000.0,0.05274442650179867,19.354678204062004,False,False,False
1344,2014-05-27,399000.0,0.08654875124143363,22.51379575406209,False,False,False
1398,2014-05-27,274950.0,0.0935253443838609,10.087023105294026,False,False,False
1407,2014-05-27,293000.0,-0.03719072413287372,21.66932318716558,False,False,False
1387,2014-05-27,1600000.0,-0.022786594295829188,11.393072578221997,False,False,False
1365,2014-05-27,495000.0,0.0984219210304379,6.540484447537137,False,False,False
1329,2014-05-27,438000.0,0.11488877166431105,3.0761188623535114,False,False,False
1380,2014-05-27,780000.0,0.01982140886694389,19.99846672089502,False,False,False
1409,2014-05-27,475000.0,-0.002586428312915001,45.72739269491104,False,False,False
1330,2014-05-27,360000.0,0.11112351767054235,5.840136559802959,False,False,False
4419,2014-05-27,328211.9,0.10436604621180218,7.551806653073061,False,False,False
1388,2014-05-27,527500.0,0.0636769109483421,20.7357399647957,False,False,False
1383,2014-05-27,282000.0,0.08694905299290778,9.916422481511896,False,False,False
1368,2014-05-27,295832.0,0.021937452040323657,24.22201225057032,False,False,False
1376,2014-05-27,255000.0,0.10838645774545519,5.18871095849461,False,False,False
1358,2014-05-27,540000.0,0.041477595018383884,43.632715937588515,False,False,False
1414,2014-05-27,263900.0,0.1151798465301232,4.510757231562906,False,False,False
1343,2014-05-27,405000.0,0.10471338918680323,3.542786277678702,False,False,False
1379,2014-05-27,715000.0,0.06558655431395383,17.114678131455534,False,False,False
1356,2014-05-27,1655000.0,-0.0008599062547831604,21.287686087108508,False,False,False
1401,2014-05-27,312900.0,0.12167828157534288,4.617037444534834,False,False,False
1349,2014-05-27,325000.0,0.10659116680946401,4.887805502982448,False,False,False
1362,2014-05-27,283200.0,0.13950279827439477,2.678603938461789,False,False,False
1369,2014-05-27,450000.0,0.14156519150225216,1.9988263816878595,False,False,False
1385,2014-05-27,967500.0,0.006013351635830888,21.62668205250195,False,False,False
1347,2014-05-27,260000.0,0.10768988579648292,6.3381474482233795,False,False,False
1391,2014-05-27,587000.0,0.06715332669922441,34.85225325474665,False,False,False
4420,2014-05-27,673476.82,0.11142951638927967,4.034169470555477,False,False,False
1361,2014-05-27,569950.0,-0.013199752021404554,21.869291760345515,False,False,False
1323,2014-05-27,468000.0,0.050751961963662495,9.146503512634723,False,False,False
1332,2014-05-27,688000.0,-0.027044980737277124,20.43261333241259,False,False,False
1389,2014-05-27,994000.0,0.01029478031425507,14.502466045184773,False,False,False
1381,2014-05-27,345000.0,0.013063024569760495,23.40385390924625,False,False,False
1331,2014-05-27,1050000.0,-0.01600386437852408,17.441478248043335,False,False,False
1400,2014-05-27,970000.0,0.04122552466521645,9.055584757040695,False,False,False
1419,2014-05-27,450800.0,0.1229692850700394,4.848139059060011,False,False,False
1397,2014-05-27,500000.0,0.13087984700433325,1.6173768265529722,False,False,False
1377,2014-05-27,435000.0,-0.0024924854876949842,7.140088558189918,False,False,False
1340,2014-05-27,400000.0,0.042690728596644134,15.049216852221194,False,False,False
1417,2014-05-27,370000.0,0.02535126586549641,20.50883218027184,False,False,False
1421,2014-05-27,495000.0,0.042960585204691815,11.541045442118124,False,False,False
1405,2014-05-27,480000.0,0.01768309369255644,5.4021259929033585,False,False,False
1406,2014-05-27,725000.0,0.009628228413911866,12.610486619676507,False,False,False
1350,2014-05-27,344950.0,0.09790109130671004,4.47157305724208,False,False,False
1333,2014-05-27,585000.0,0.10782833895421856,6.573006813752507,False,False,False
1370,2014-05-27,1381000.0,0.048555130967957716,9.461036209206897,False,False,False
1364,2014-05-27,830000.0,0.07013668193794392,19.164798967350354,False,False,False
1324,2014-05-27,477000.0,0.11486812428656606,5.894019983683682,False,False,False
1348,2014-05-27,751750.0,0.030715384611941343,21.18752870485623,False,False,False
1353,2014-05-27,515000.0,0.13372831136686947,5.060148508615594,False,False,False
1386,2014-05-27,375000.0,0.09720943710844704,9.845685849456414,False,False,False
1325,2014-05-27,529000.0,0.053748857381052895,7.083633327277058,False,False,False
1354,2014-05-27,732000.0,-0.045038059044974155,9.866858004599562,False,False,False
1378,2014-05-27,685000.0,0.13544251887041348,4.376894305637751,False,False,False
1418,2014-05-27,1149000.0,-0.055363407917762064,25.984115012730275,False,False,False
1412,2014-05-27,1710000.0,0.006282967317341348,18.5446588034203,False,False,False
1357,2014-05-27,535000.0,0.09988465546205166,4.818769204504164,False,False,False
1410,2014-05-27,488000.0,0.04431907562686854,12.73731369291437,False,False,False
1346,2014-05-27,1795000.0,0.01592868192996455,6.0717638697571745,False,False,False
1399,2014-05-27,455600.0,0.1412046366129439,2.664069458520631,False,False,False
1372,2014-05-27,499950.0,0.038550454598702655,16.609320472533625,False,False,False
1359,2014-05-27,525000.0,0.0050476293489366,17.896963901572427,False,False,False
1392,2014-05-27,304000.0,0.08953266782397995,7.09932893784222,False,False,False
1345,2014-05-27,730001.0,0.05622820597435502,10.297255936815352,False,False,False
1415,2014-05-27,460000.0,0.05713708399705131,17.85878309093617,False,False,False
1403,2014-05-27,427000.0,0.063685353155643,10.26396126809031,False,False,False
1374,2014-05-27,329000.0,0.08281002375482405,10.339613535803213,False,False,False
4323,2014-05-27,455500.0,0.11238199046746705,4.117226348296645,False,False,False
1404,2014-05-27,405000.0,0.09808880566587153,5.240818549392684,False,False,False
1367,2014-05-27,415000.0,0.07489158567106563,13.317531348458711,False,False,False
4422,2014-05-27,425000.0,0.14206896363530763,2.198033496098362,False,False,False
1420,2014-05-27,627000.0,0.04072495575633067,11.810733109254333,False,False,False
1339,2014-05-27,735000.0,0.0883517119697933,8.458889359811682,False,False,False
1487,2014-05-28,277000.0,0.07456478521396204,11.389164201879888,False,False,False
1510,2014-05-28,253400.0,0.08227715386098627,9.753936931125832,False,False,False
1509,2014-05-28,430000.0,-0.010584808273329083,30.6393310988528,False,False,False
1477,2014-05-28,745000.0,0.08820069868368302,7.630984955023555,False,False,False
1438,2014-05-28,537000.0,0.062331798934589955,16.03847011880059,False,False,False
1452,2014-05-28,245100.0,0.11437120850182136,5.318529122957927,False,False,False
1449,2014-05-28,555000.0,0.07554749270105388,19.16336220223488,False,False,False
4430,2014-05-28,532500.0,0.080908520107767,10.717648819293347,False,False,False
1507,2014-05-28,465000.0,0.13407775321989668,2.1045737468847805,False,False,False
1521,2014-05-28,739000.0,0.1352211804353019,5.356004505291664,False,False,False
1501,2014-05-28,1970000.0,-0.10139397543108497,50.134008835961744,False,True,False
1482,2014-05-28,681716.0,0.13416763722247493,4.5146288118388,False,False,False
1446,2014-05-28,370000.0,0.018339455939653138,11.86636822443344,False,False,False
1483,2014-05-28,600000.0,0.11183649866772655,5.0279985043726,False,False,False
1457,2014-05-28,215000.0,0.10395431097992863,5.063682019476764,False,False,False
1506,2014-05-28,490000.0,0.13621978850289246,3.13157764734188,False,False,False
1489,2014-05-28,270000.0,0.01796742815834035,13.256692283890981,False,False,False
1502,2014-05-28,285000.0,0.09750551923211176,5.796039648889942,False,False,False
1453,2014-05-28,665000.0,0.13807789336315218,2.677724589407214,False,False,False
1472,2014-05-28,600000.0,0.08213454441558049,7.556095817323873,False,False,False
1480,2014-05-28,565000.0,-0.07295196814864913,47.58683458690146,False,False,False
1460,2014-05-28,266200.0,0.11448680121011345,3.0426115348029907,False,False,False
4425,2014-05-28,178650.0,0.11675864126689012,2.778723986879562,False,False,False
1524,2014-05-28,325000.0,0.07072825948872591,11.274845579961342,False,False,False
1515,2014-05-28,510000.0,0.07370103507812054,11.874437049117157,False,False,False
1455,2014-05-28,305000.0,0.11589583588766111,4.900398127432264,False,False,False
1514,2014-05-28,306000.0,0.13200473668178836,4.747363127644638,False,False,False
1433,2014-05-28,254000.0,0.09757537595592336,4.5209121583782625,False,False,False
4427,2014-05-28,282508.89,0.0907744581645275,4.790762817321016,False,False,False
1485,2014-05-28,168500.0,0.11205211616431027,4.980463548705446,False,False,False
1517,2014-05-28,875000.0,0.024584807946035514,18.02468852901669,False,False,False
1450,2014-05-28,326000.0,0.05253221554139398,13.096282489634884,False,False,False
1426,2014-05-28,630000.0,0.1291286829858655,8.595292518013787,False,False,False
1490,2014-05-28,700000.0,0.010350522387490735,18.73012604333139,False,False,False
1478,2014-05-28,840500.0,0.02335075634902206,14.488432816367279,False,False,False
1520,2014-05-28,499950.0,0.12488814113700936,5.211398112199484,False,False,False
1470,2014-05-28,438750.0,0.11126851643271668,4.68683380749041,False,False,False
1498,2014-05-28,157500.0,0.09006371987301592,7.908828485389852,False,False,False
1468,2014-05-28,968000.0,-0.0887656880999832,16.820420281585175,False,False,False
1481,2014-05-28,840000.0,0.12941592291831938,5.12972234569526,False,False,False
1495,2014-05-28,254000.0,0.09855862187994924,6.157510701599713,False,False,False
1503,2014-05-28,242000.0,0.12083048595452983,3.692759144611381,False,False,False
1459,2014-05-28,655000.0,0.13451168089066146,4.401780017051124,False,False,False
1497,2014-05-28,175000.0,0.0563091926823146,11.063116561688867,False,False,False
1447,2014-05-28,429000.0,0.08276498689621892,9.248524092816151,False,False,False
1425,2014-05-28,799000.0,0.06062027541751669,33.49829692305109,False,False,False
1424,2014-05-28,215000.0,0.08906542639887355,5.782461006222416,False,False,False
1496,2014-05-28,299000.0,0.08196802833886696,5.289520747976744,False,False,False
1445,2014-05-28,898000.0,0.04001428462003037,16.03259533462045,False,False,False
1475,2014-05-28,479900.0,0.11872742901666,5.689523062880299,False,False,False
1462,2014-05-28,460000.0,0.10921715080863198,15.767458137713472,False,False,False
1492,2014-05-28,635000.0,0.033833491085511924,28.63757044951293,False,False,False
1512,2014-05-28,740000.0,0.08384759378148143,11.806064267091301,False,False,False
1464,2014-05-28,465000.0,-0.05285519816899076,20.512771630565563,False,False,False
1428,2014-05-28,900000.0,-0.0027434708973721467,21.25723822855079,False,False,False
1430,2014-05-28,544500.0,0.06419738790102969,8.712617762677004,False,False,False
1451,2014-05-28,225000.0,0.1361238964723535,2.767642626786185,False,False,False
4426,2014-05-28,87500.0,0.08431548782542447,5.724159643242522,False,False,False
1500,2014-05-28,124740.0,0.08942718015299594,7.116829846140699,False,False,False
1469,2014-05-28,1400000.0,-0.04284903990297262,32.625607081164034,False,False,False
1513,2014-05-28,186950.0,0.06552889333421086,7.823850757639523,False,False,False
1440,2014-05-28,840000.0,0.009256383313286543,24.37172686944473,False,False,False
1431,2014-05-28,599000.0,0.012561209531169515,24.74634195745814,False,False,False
1473,2014-05-28,589000.0,0.04056511083199116,10.517895912656266,False,False,False
1434,2014-05-28,740000.0,0.008990940284897386,19.26043561349134,False,False,False
1522,2014-05-28,363000.0,0.07769625390796991,27.0114107487798,False,False,False
1463,2014-05-28,370000.0,0.1305698037420513,3.9105227458990215,False,False,False
1427,2014-05-28,267000.0,0.1368738958956307,4.378926702351016,False,False,False
1508,2014-05-28,515000.0,0.14131969492005486,2.673078794589166,False,False,False
1474,2014-05-28,590000.0,0.07665575076171094,8.631006856367888,False,False,False
1505,2014-05-28,474800.0,-0.015488012753800406,21.122840622213285,False,False,False
1435,2014-05-28,225000.0,0.09108751843974966,8.95120912674673,False,False,False
1443,2014-05-28,450000.0,0.08040226373172504,8.622496928561741,False,False,False
1444,2014-05-28,681000.0,0.0660600653454011,13.145104686898703,False,False,False
1479,2014-05-28,420000.0,0.1026798387671986,7.783073831746338,False,False,False
1486,2014-05-28,355000.0,0.019662285668329504,12.446397976467518,False,False,False
1441,2014-05-28,224000.0,0.10096114312138826,4.016926884395775,False,False,False
1454,2014-05-28,535000.0,0.13346622563881666,2.386537417001561,False,False,False
1488,2014-05-28,236000.0,0.09000908916472117,5.713287566251351,False,False,False
4424,2014-05-28,341750.0,0.13386640177974318,2.088123534685158,False,False,False
1511,2014-05-28,355000.0,0.10423169508267993,9.381026537443718,False,False,False
1523,2014-05-28,782000.0,0.06343891582967243,12.64388468176638,False,False,False
1471,2014-05-28,1210000.0,0.0249425903983454,10.19131566787176,False,False,False
1484,2014-05-28,380000.0,0.11312575127978691,5.9843242550609075,False,False,False
1504,2014-05-28,840000.0,0.0011591409176126555,19.86252546649098,False,False,False
1466,2014-05-28,189000.0,-0.014460469255645148,20.081638169561757,False,False,False
1519,2014-05-28,1400000.0,-0.05321158674676396,17.946731669027315,False,False,False
1437,2014-05-28,1285000.0,0.08139707674865987,10.156886494851417,False,False,False
1439,2014-05-28,335000.0,-0.024095821835180553,17.533567016852988,False,False,False
1465,2014-05-28,1175000.0,-0.12722463178080923,16.962467603873975,True,False,False
1423,2014-05-28,550000.0,-0.0546542514049454,43.727010533113514,False,False,False
1442,2014-05-28,395000.0,0.13557901890478452,3.7103774337643314,False,False,False
1467,2014-05-28,820000.0,0.07533724378052997,3.3158460099612457,False,False,False
1518,2014-05-28,700000.0,0.05422110883047637,11.727687661982,False,False,False
1436,2014-05-28,925000.0,0.024452757430151906,16.201965549779505,False,False,False
1494,2014-05-28,960000.0,-0.0062252043014634495,19.56929526347447,False,False,False
1456,2014-05-28,999000.0,-0.07697856767800393,51.56252633891516,False,True,False
1491,2014-05-28,425000.0,0.09031430242082544,8.527963699915945,False,False,False
4428,2014-05-28,450385.71,0.07334260554286043,7.062137780005377,False,False,False
1429,2014-05-28,365000.0,0.1214690548405849,3.204955054986252,False,False,False
4429,2014-05-28,435000.0,0.03274088066091424,6.4214409428191574,False,False,False
1432,2014-05-28,815000.0,0.12320851858101167,3.6925034914375057,False,False,False
1499,2014-05-28,580000.0,0.022014523615955517,16.92999790890611,False,False,False
4423,2014-05-28,127160.0,0.06627425940820891,6.374012951403027,False,False,False
1422,2014-05-28,310000.0,0.05753429643933111,8.898692697990061,False,False,False
1516,2014-05-28,345000.0,0.09104041731052825,6.277716624422035,False,False,False
1448,2014-05-28,150000.0,0.044457751434100745,15.056162422441208,False,False,False
1458,2014-05-28,432500.0,0.10998672049981106,4.987892903800057,False,False,False
1493,2014-05-28,510250.0,0.08786047992797125,4.962983592793916,False,False,False
1461,2014-05-28,244615.0,0.13627001021677332,2.5323195362612605,False,False,False
1476,2014-05-28,210000.0,0.041254832733507774,11.67182967475968,False,False,False
1547,2014-05-29,750500.0,-0.014745803116922418,23.910966670840462,False,False,False
1564,2014-05-29,405000.0,0.06256962135361654,17.118673730758474,False,False,False
1548,2014-05-29,550000.0,-0.003281727263947043,17.345878860339262,False,False,False
1538,2014-05-29,246500.0,0.11449904136516287,3.026863775720789,False,False,False
1537,2014-05-29,695000.0,0.14017218214932414,3.6857842794155076,False,False,False
1569,2014-05-29,329932.0,0.09187358976137111,7.297938628632554,False,False,False
1555,2014-05-29,400000.0,0.05020775035578984,15.891527888844115,False,False,False
1525,2014-05-29,485000.0,0.04288992530428154,12.953111251939893,False,False,False
4431,2014-05-29,408900.0,0.0738078106560825,13.282139414955315,False,False,False
1544,2014-05-29,2453500.0,-0.03337889762125246,50.36538796759168,False,True,False
1542,2014-05-29,145000.0,0.10889929546603705,4.964425359910043,False,False,False
1534,2014-05-29,264000.0,0.10814761035676035,2.844854129336155,False,False,False
1588,2014-05-29,83000.0,0.08077783144427586,8.676360433805753,False,False,False
1553,2014-05-29,231000.0,0.09758881647289991,8.844087879454982,False,False,False
1590,2014-05-29,210000.0,0.1261404290102086,3.1968707221556705,False,False,False
1582,2014-05-29,860000.0,0.13589708440596782,3.93429417039678,False,False,False
1539,2014-05-29,230000.0,0.09861761888788245,4.802669317755662,False,False,False
1529,2014-05-29,267500.0,0.06200657981035512,4.957570644717632,False,False,False
1540,2014-05-29,302000.0,-0.10355894440213165,59.984286287677314,False,True,False
1526,2014-05-29,452000.0,0.08432406022953881,7.921283860067162,False,False,False
1594,2014-05-29,645000.0,0.007851125758638777,13.944913459862727,False,False,False
1577,2014-05-29,395000.0,-0.0021371895516303363,14.445389617351754,False,False,False
1561,2014-05-29,400000.0,0.0717584959112052,12.39566559861943,False,False,False
1532,2014-05-29,389000.0,0.10179686477899763,4.915423889558043,False,False,False
1580,2014-05-29,503000.0,0.034801766025365666,38.258388282967815,False,False,False
1533,2014-05-29,400000.0,0.07959404941079079,16.20425633220838,False,False,False
4432,2014-05-29,156766.67,0.006946715546100879,15.389240062552044,False,False,False
1581,2014-05-29,672500.0,0.13769170054447089,2.224253041999452,False,False,False
1579,2014-05-29,723000.0,0.10688164985037674,3.2977943295551175,False,False,False
1567,2014-05-29,402000.0,-0.024539934078722903,12.94894624123427,False,False,False
1592,2014-05-29,350000.0,0.12425397755199757,7.317214637220444,False,False,False
1557,2014-05-29,450000.0,0.043041417651655256,12.68659565482893,False,False,False
1530,2014-05-29,565000.0,0.1375943631133637,4.696826785213457,False,False,False
1535,2014-05-29,690000.0,0.10613622040961562,4.3882216460804155,False,False,False
1585,2014-05-29,1425000.0,-0.07608216979930615,50.406665545544,False,True,False
1571,2014-05-29,525000.0,0.1014515339194812,6.448830775962392,False,False,False
1576,2014-05-29,525000.0,0.010563347060108308,7.5729462924935165,False,False,False
1543,2014-05-29,436500.0,0.06123959009914459,16.184304520976408,False,False,False
1550,2014-05-29,619000.0,0.016054562498760028,14.549437578357585,False,False,False
1559,2014-05-29,332000.0,0.10618320823022132,5.703629213177774,False,False,False
1536,2014-05-29,412000.0,0.07879230286137828,9.469627842787023,False,False,False
1586,2014-05-29,250000.0,0.08437728786811455,9.001167015364087,False,False,False
1572,2014-05-29,2750000.0,0.05889690663437386,15.21104183502616,False,False,False
1545,2014-05-29,672000.0,0.13535500170926024,5.74949963187551,False,False,False
1549,2014-05-29,266500.0,0.10053662168998645,5.651812645010665,False,False,False
1591,2014-05-29,650880.0,0.13242303666574418,5.957637133298932,False,False,False
1527,2014-05-29,264950.0,0.10301254600054105,5.155883133744781,False,False,False
1575,2014-05-29,445000.0,0.0692363139604874,6.3494590352886,False,False,False
1566,2014-05-29,540000.0,0.06840899212657064,12.860214539320374,False,False,False
4435,2014-05-29,484991.67,0.12092841562845952,3.521255961776933,False,False,False
1562,2014-05-29,349000.0,0.05222346875795464,12.245980248865232,False,False,False
1563,2014-05-29,529000.0,0.10648660973809987,7.430800460826559,False,False,False
4434,2014-05-29,308830.77,0.07951612334946517,8.69280142536956,False,False,False
1554,2014-05-29,790000.0,0.058955192567261006,10.33347018380298,False,False,False
1570,2014-05-29,300000.0,0.14040272530620057,2.524568338625614,False,False,False
1531,2014-05-29,535000.0,-0.019622229823959447,42.3232824683973,False,False,False
4433,2014-05-29,452500.0,-0.015643695826932036,20.16504729231693,False,False,False
1568,2014-05-29,3100000.0,-0.1787388494600306,29.636407963960348,True,False,False
1584,2014-05-29,295000.0,0.1401298032375225,2.790722199934123,False,False,False
1551,2014-05-29,405000.0,0.11569785406717398,6.427374948243917,False,False,False
1546,2014-05-29,680000.0,0.00167867095145946,12.298737064506414,False,False,False
1565,2014-05-29,635200.0,0.03035525176967685,10.439553548899886,False,False,False
1574,2014-05-29,400000.0,0.10820688127912365,6.209488999997864,False,False,False
1552,2014-05-29,300000.0,0.055169445570768194,7.330208196275125,False,False,False
1593,2014-05-29,305000.0,-0.008345378625310373,19.684066667012367,False,False,False
1573,2014-05-29,602500.0,0.140662459487069,2.7634717865782545,False,False,False
1558,2014-05-29,595000.0,0.052578159175469985,11.674271445535545,False,False,False
1528,2014-05-29,472000.0,-0.01225819522012328,16.712040840317734,False,False,False
1541,2014-05-29,820000.0,0.020321334234140453,22.129459658738767,False,False,False
1578,2014-05-29,510000.0,0.030414925480462596,16.387502772239497,False,False,False
1560,2014-05-29,155000.0,0.021423718132020375,21.275311571511363,False,False,False
1556,2014-05-29,950000.0,0.10175633351725705,7.5162162076177035,False,False,False
1589,2014-05-29,685000.0,0.08000128658536226,6.826076618956183,False,False,False
1587,2014-05-29,658000.0,0.12835800321145346,4.873009380666846,False,False,False
1583,2014-05-29,475300.0,0.011610557799581478,16.820683115270718,False,False,False
1634,2014-05-30,322000.0,0.14395603460569634,1.8362903575821001,False,False,False
4439,2014-05-30,173666.67,0.07394040464820295,9.03585801288748,False,False,False
1640,2014-05-30,800000.0,-0.12089358055534305,19.54417068978471,True,False,False
1610,2014-05-30,659000.0,0.04755210433375645,12.008845312785889,False,False,False
1622,2014-05-30,560000.0,0.11153761937335277,7.659510505734094,False,False,False
1609,2014-05-30,715000.0,-0.04688215829709508,18.243650849321508,False,False,False
1650,2014-05-30,499431.0,0.12407292055862057,3.015239599623989,False,False,False
1649,2014-05-30,825500.0,0.13233785839109335,4.766895995291703,False,False,False
1615,2014-05-30,425000.0,0.07152274462352654,21.998246271566295,False,False,False
1599,2014-05-30,196440.0,0.11696946889090643,5.188366669297262,False,False,False
1612,2014-05-30,415000.0,0.08353807593018386,9.963878343158793,False,False,False
1645,2014-05-30,840000.0,-0.10024296185735815,45.11704748470803,False,False,False
1625,2014-05-30,425000.0,0.10988520899076387,4.48838026211133,False,False,False
4442,2014-05-30,790000.0,0.12729732208229871,3.3842503791189897,False,False,False
1631,2014-05-30,374000.0,0.10269483844019928,5.501875045374466,False,False,False
1604,2014-05-30,349900.0,0.14140266739080137,2.099775078918915,False,False,False
1624,2014-05-30,465000.0,0.04607501398342939,14.578529259216044,False,False,False
1598,2014-05-30,260000.0,0.10862391243102504,5.902269876687352,False,False,False
1632,2014-05-30,740000.0,0.013062666704536763,30.05777737141524,False,False,False
4438,2014-05-30,309487.5,0.136319952199294,5.246816736474828,False,False,False
4440,2014-05-30,237481.25,0.11537908245961942,7.792446096403546,False,False,False
1595,2014-05-30,385000.0,0.06279042019808412,12.385924764882247,False,False,False
1647,2014-05-30,568000.0,0.05135144288741156,17.95058542797081,False,False,False
1627,2014-05-30,530000.0,0.14022393651037263,2.784151381445486,False,False,False
1629,2014-05-30,168000.0,0.049290894387630346,5.344755234470477,False,False,False
1597,2014-05-30,395000.0,0.13477924657395252,4.480868431048866,False,False,False
1630,2014-05-30,1886700.0,0.060472011975461204,7.5624341063879195,False,False,False
1608,2014-05-30,190000.0,0.10659808276093008,6.132283289204438,False,False,False
1651,2014-05-30,919204.0,0.04542687384062927,9.840428720243436,False,False,False
1616,2014-05-30,642000.0,0.09807484562164176,10.925888974595258,False,False,False
1607,2014-05-30,625000.0,0.009839256139855923,20.68164165227191,False,False,False
1639,2014-05-30,427000.0,0.055647414294869635,14.384771629699909,False,False,False
1605,2014-05-30,650000.0,-0.0031929506170871313,10.306614674084152,False,False,False
1628,2014-05-30,399000.0,0.06132599557451779,7.354391232955511,False,False,False
1638,2014-05-30,3710000.0,-0.03841745315952916,15.13574365228856,False,False,False
1646,2014-05-30,475000.0,0.056335117955998215,23.43360215206225,False,False,False
1652,2014-05-30,545000.0,0.13075035335957652,4.625328292111929,False,False,False
1613,2014-05-30,750000.0,0.09203716387641253,18.29607284316693,False,False,False
1618,2014-05-30,1365000.0,0.06660609149248242,10.913169498285864,False,False,False
1641,2014-05-30,735000.0,0.054288521643072296,14.589733555281766,False,False,False
1642,2014-05-30,642000.0,0.142087175936571,1.9432002713750687,False,False,False
1620,2014-05-30,330000.0,0.0773004781872153,9.768955646608216,False,False,False
1635,2014-05-30,459900.0,0.07094884212889035,12.521061347221902,False,False,False
4437,2014-05-30,247875.0,0.08730039600331496,4.748580089473675,False,False,False
1603,2014-05-30,1385000.0,-0.0936716641137344,20.08653716864112,False,False,False
1596,2014-05-30,860000.0,0.12037729937060976,6.4133259568186505,False,False,False
1617,2014-05-30,655000.0,0.1105518190190683,5.0910445700982905,False,False,False
1611,2014-05-30,490000.0,0.03122857951220609,10.07784236001897,False,False,False
1643,2014-05-30,240000.0,-0.01759880696807581,21.705363351690323,False,False,False
1626,2014-05-30,315000.0,0.10578940565665595,7.4295035067928845,False,False,False
1644,2014-05-30,645500.0,0.027641342908360456,17.137570387614943,False,False,False
1636,2014-05-30,750000.0,0.09021658811681565,7.85918480757054,False,False,False
1621,2014-05-30,384950.0,0.13350549850950189,2.5187104620151666,False,False,False
1623,2014-05-30,950000.0,0.06148166821129558,18.233539032823842,False,False,False
4441,2014-05-30,326983.33,0.1244611539126636,3.5258968425614934,False,False,False
1602,2014-05-30,369000.0,0.10540258061790714,6.323296965848207,False,False,False
1614,2014-05-30,700000.0,0.05957068840414259,10.943122672707005,False,False,False
1606,2014-05-30,299950.0,0.11565210104352797,4.183134049084601,False,False,False
1637,2014-05-30,1256500.0,0.088952777255637,5.68644961808147,False,False,False
4436,2014-05-30,287919.78,0.054864136413752596,6.893526113562058,False,False,False
1633,2014-05-30,280000.0,0.012879600747088327,21.967788851821293,False,False,False
1600,2014-05-30,425000.0,-0.050438800885348134,15.48709036110104,False,False,False
1601,2014-05-30,2400000.0,0.01702756312056075,20.170348998685384,False,False,False
1619,2014-05-30,458000.0,0.015079613003000314,48.40808050419461,False,True,False
1648,2014-05-30,325000.0,0.08731793459420034,11.519100352861043,False,False,False
1657,2014-05-31,587000.0,0.14227292996311103,2.2662721856230403,False,False,False
1653,2014-05-31,660000.0,0.1173181280004833,10.642070720920964,False,False,False
1654,2014-05-31,538888.0,0.0908627832758433,9.467014287297737,False,False,False
1656,2014-05-31,289950.0,0.1359044028474103,2.959982222023456,False,False,False
1658,2014-05-31,615000.0,0.039941631683568346,13.597285400453856,False,False,False
1655,2014-05-31,693000.0,0.1399086226662784,3.247938396718574,False,False,False
1663,2014-06-01,1595000.0,0.009341077691444322,8.261006642376294,False,False,False
1661,2014-06-01,1505000.0,0.036441154008369836,25.293436516220904,False,False,False
1662,2014-06-01,660000.0,0.0989493877943034,9.215121751585375,False,False,False
1660,2014-06-01,243000.0,0.10472906066324922,6.803833409598436,False,False,False
1664,2014-06-01,250000.0,0.003618006559617637,13.112375112261473,False,False,False
4346,2014-06-01,84350.0,0.09313552081262494,7.359559103097316,False,False,False
1659,2014-06-01,459000.0,0.10504728637835992,4.059257832285018,False,False,False
1701,2014-06-02,675000.0,0.13610357816249918,3.7763493506539705,False,False,False
1724,2014-06-02,345000.0,0.07422422357342046,4.789645410952172,False,False,False
1680,2014-06-02,965000.0,0.03443781284390812,13.804075564317216,False,False,False
1735,2014-06-02,568500.0,0.09436989519997735,7.56964318741124,False,False,False
1738,2014-06-02,400000.0,-0.026361961404604894,37.9395346481028,False,False,False
1716,2014-06-02,300000.0,0.13873088729870026,2.4110683015647796,False,False,False
1728,2014-06-02,327000.0,0.1188199811610357,3.3117196206608965,False,False,False
1689,2014-06-02,686000.0,0.05436967237447393,13.496315887077305,False,False,False
1695,2014-06-02,809000.0,0.039642167252680494,13.187441427187634,False,False,False
1696,2014-06-02,440150.0,0.016547001047313215,32.66554964079974,False,False,False
1703,2014-06-02,955000.0,0.06394378530327832,37.59754115346432,False,False,False
1688,2014-06-02,1000000.0,0.13906760800447382,4.3607222521165845,False,False,False
1697,2014-06-02,615000.0,0.11459611415299537,3.4664958512379713,False,False,False
1719,2014-06-02,492000.0,0.06902824961668308,15.443123590863754,False,False,False
1707,2014-06-02,645000.0,0.058031610762804386,9.130686147615037,False,False,False
1721,2014-06-02,439800.0,0.07555097907827768,8.813436079783562,False,False,False
1665,2014-06-02,315000.0,0.10910202969014904,5.11834864168226,False,False,False
1704,2014-06-02,985000.0,0.03012533454359534,15.651512081878467,False,False,False
1698,2014-06-02,1035000.0,0.14213317666889486,2.4684927936580947,False,False,False
1667,2014-06-02,559900.0,0.06464723487899426,11.561031201645934,False,False,False
1671,2014-06-02,469000.0,0.028662726717634923,11.67536477417156,False,False,False
1714,2014-06-02,440000.0,0.10117794381224593,8.605404089763763,False,False,False
4445,2014-06-02,542804.75,0.044101000805657375,14.231185061696996,False,False,False
1681,2014-06-02,820000.0,0.1059800566432777,4.901324537913548,False,False,False
1706,2014-06-02,305000.0,0.10600362269952718,6.62010840440454,False,False,False
1702,2014-06-02,316000.0,0.10544963498634025,6.8328114916935245,False,False,False
1711,2014-06-02,472500.0,0.09420975490109079,16.48222583520123,False,False,False
1690,2014-06-02,665000.0,0.1372349119392074,2.2908135530948233,False,False,False
1736,2014-06-02,391000.0,0.06986250763451668,25.87344287101089,False,False,False
1692,2014-06-02,653000.0,0.13582105000389172,4.191076517834559,False,False,False
1734,2014-06-02,802000.0,0.06283397856034773,16.93658317363626,False,False,False
1677,2014-06-02,275000.0,0.10149568808183057,8.86481600569862,False,False,False
1737,2014-06-02,298000.0,0.13324792307461453,3.2808484253293844,False,False,False
1678,2014-06-02,629000.0,0.042814562308841286,11.041124909839699,False,False,False
1691,2014-06-02,1965221.0,0.021552077456867547,16.651831086588313,False,False,False
1710,2014-06-02,290000.0,0.14122579457238593,2.3238802656126194,False,False,False
1674,2014-06-02,525000.0,0.06789281139831616,3.411362464923103,False,False,False
1730,2014-06-02,455000.0,0.06205371553745742,9.520198900171348,False,False,False
1731,2014-06-02,540000.0,0.04837627161117419,23.151525270477357,False,False,False
1668,2014-06-02,285000.0,0.03376971109333654,18.129050640517324,False,False,False
1723,2014-06-02,687000.0,0.013473063207680547,25.115115844692298,False,False,False
1722,2014-06-02,320000.0,0.035097464714976934,12.789596930114437,False,False,False
1720,2014-06-02,199950.0,0.10696819695078036,5.282237121835037,False,False,False
1673,2014-06-02,439900.0,-0.0031359147167071555,18.742214117835076,False,False,False
1685,2014-06-02,350000.0,0.13874579954734662,3.5956723708959553,False,False,False
1708,2014-06-02,730000.0,0.04673491709674965,10.298618366307387,False,False,False
4444,2014-06-02,678333.33,0.03978240194701077,20.240285866675507,False,False,False
1675,2014-06-02,580000.0,0.14071893925537127,1.9216551746938837,False,False,False
1700,2014-06-02,635000.0,0.06922919798357047,13.238673988203297,False,False,False
1672,2014-06-02,405000.0,0.016654478334262368,21.965942320950145,False,False,False
1694,2014-06-02,305000.0,0.06757919006084212,5.983273665991004,False,False,False
1729,2014-06-02,610000.0,0.02107925256992138,19.20626237531593,False,False,False
1682,2014-06-02,661000.0,0.028434994054280294,8.25664357477487,False,False,False
1715,2014-06-02,535000.0,0.13288340710036,3.9972041370531257,False,False,False
1686,2014-06-02,250000.0,0.08436552948856396,16.357957455887938,False,False,False
1670,2014-06-02,380000.0,0.06143673718877707,22.06403726333224,False,False,False
1669,2014-06-02,500000.0,0.012598963251858941,9.251211769453608,False,False,False
1666,2014-06-02,404000.0,0.10712551316737906,5.82789987520663,False,False,False
1718,2014-06-02,870000.0,0.020913012978734324,11.00889863578756,False,False,False
1705,2014-06-02,465500.0,0.11594016868934864,4.285308722960789,False,False,False
1726,2014-06-02,270000.0,0.14009623715054537,2.9672501400711333,False,False,False
1713,2014-06-02,410000.0,0.08624805920058415,16.63518222234487,False,False,False
1725,2014-06-02,274950.0,0.08651083447372476,8.950855723497508,False,False,False
1679,2014-06-02,395000.0,-0.01170314203002909,14.905841286581765,False,False,False
1684,2014-06-02,668500.0,0.1400012633843184,3.173270028332492,False,False,False
4446,2014-06-02,723243.75,0.10863860849533896,3.8413587100249376,False,False,False
1732,2014-06-02,411000.0,0.06024173829138402,11.238507054658788,False,False,False
1717,2014-06-02,432500.0,0.14197812740293325,2.359642188882791,False,False,False
1676,2014-06-02,1250000.0,-0.00521995518613616,14.959609460519191,False,False,False
1687,2014-06-02,725995.0,0.0694904886807407,4.219413821637812,False,False,False
1712,2014-06-02,550000.0,0.07223902097035334,9.984890405370672,False,False,False
1693,2014-06-02,430000.0,0.09761618920046639,5.047458071653153,False,False,False
1709,2014-06-02,366000.0,0.1219368387139329,3.409940578557226,False,False,False
1727,2014-06-02,342000.0,0.007566940650837406,16.860792655489014,False,False,False
1699,2014-06-02,455000.0,0.04997816947674977,16.49193420546803,False,False,False
1683,2014-06-02,789000.0,0.0454049133665092,12.61632776884051,False,False,False
1733,2014-06-02,544000.0,0.019288227944407543,11.123933339394672,False,False,False
4453,2014-06-03,148612.5,0.0691266496578325,11.536524284500224,False,False,False
1757,2014-06-03,712500.0,0.11044282241496023,3.8393429175289695,False,False,False
1798,2014-06-03,425000.0,0.1022352585886015,7.989895644790116,False,False,False
1815,2014-06-03,210000.0,0.11705387092839598,4.448539003621147,False,False,False
1774,2014-06-03,280000.0,0.07806592547343238,6.6481853089553224,False,False,False
1754,2014-06-03,1100000.0,-0.0056458922640587605,31.347880639721858,False,False,False
1749,2014-06-03,471000.0,0.07471063052531951,7.064289176569149,False,False,False
1789,2014-06-03,640000.0,0.14186585615281772,2.9046049268285907,False,False,False
1824,2014-06-03,600000.0,0.07143276390832887,5.244561250782115,False,False,False
1821,2014-06-03,222400.0,0.11420097164826165,6.633103602213666,False,False,False
1786,2014-06-03,235000.0,0.10069881774089606,4.787235084942337,False,False,False
1758,2014-06-03,689800.0,0.05353439924065484,12.735939099714706,False,False,False
1779,2014-06-03,449500.0,0.07576187085266456,10.627825415714675,False,False,False
1805,2014-06-03,960000.0,0.06315067508402322,13.039378547323858,False,False,False
1763,2014-06-03,435000.0,0.014115264264655702,38.47592611849939,False,False,False
1769,2014-06-03,580135.0,0.11656522932803554,5.941988370722446,False,False,False
1741,2014-06-03,650000.0,-0.042223024980354795,29.17884196047419,False,False,False
1762,2014-06-03,1070000.0,0.09702274592501559,9.552164931998785,False,False,False
1826,2014-06-03,272500.0,0.10721477912270438,5.130678639376512,False,False,False
1785,2014-06-03,320000.0,0.044003130089443954,14.337575344643747,False,False,False
1822,2014-06-03,402500.0,0.11307078202136589,7.968178736178327,False,False,False
1800,2014-06-03,770000.0,0.11734781234165204,13.562662721964301,False,False,False
1818,2014-06-03,400000.0,0.10893133141982903,4.245031447551739,False,False,False
1796,2014-06-03,562100.0,0.1304387093900114,2.9663096141766943,False,False,False
4456,2014-06-03,341166.67,0.06715687864500008,9.036565597581049,False,False,False
1787,2014-06-03,437000.0,-0.025174518328662132,35.78600131284436,False,False,False
1791,2014-06-03,548000.0,0.13841540570599925,2.6857823955725997,False,False,False
1804,2014-06-03,613000.0,0.08275489733314029,8.510162485727898,False,False,False
1783,2014-06-03,420000.0,0.09776747829718924,13.594911270688993,False,False,False
1751,2014-06-03,503000.0,0.13988999167869892,2.439843309880563,False,False,False
1780,2014-06-03,150000.0,0.11633306268474419,4.572474262562483,False,False,False
1778,2014-06-03,654950.0,0.12516746417006142,9.163838853774099,False,False,False
1809,2014-06-03,430000.0,0.10395237390143613,4.439839609170877,False,False,False
4452,2014-06-03,269187.5,0.06782023692831174,9.615158121484233,False,False,False
1764,2014-06-03,941500.0,-0.022254733643122915,10.478404428773235,False,False,False
1742,2014-06-03,850000.0,0.00586442426479844,11.19457178440425,False,False,False
1811,2014-06-03,425000.0,0.019168195590264503,18.158935726413404,False,False,False
1816,2014-06-03,234000.0,0.09278258355810443,4.640704464151885,False,False,False
1761,2014-06-03,474900.0,0.07607789837771795,8.83340546467378,False,False,False
1795,2014-06-03,695000.0,0.13820463514135423,2.912755818671077,False,False,False
1744,2014-06-03,530000.0,0.06256628834018668,8.501906865924106,False,False,False
4448,2014-06-03,108333.33,0.1056023875809427,5.242055110116873,False,False,False
1740,2014-06-03,328500.0,0.11351019198721285,3.873240126239715,False,False,False
1773,2014-06-03,660000.0,-0.01939255196629497,17.206766166424213,False,False,False
1825,2014-06-03,930000.0,0.0569307816184873,18.851997993790377,False,False,False
1812,2014-06-03,720000.0,0.10896805232192353,4.163692405206628,False,False,False
1767,2014-06-03,713250.0,0.10927460430785751,6.453196031730205,False,False,False
1743,2014-06-03,930000.0,0.004061670589919242,19.951043591451555,False,False,False
1770,2014-06-03,575000.0,0.04021124695814532,33.984637032621485,False,False,False
1752,2014-06-03,230000.0,0.059874109480364035,11.834529106492912,False,False,False
4450,2014-06-03,535000.0,0.05461019706773074,32.52349432115966,False,False,False
1801,2014-06-03,239000.0,0.10973154273165991,3.9073646054152618,False,False,False
1750,2014-06-03,223000.0,0.11288696203158494,4.831439931604448,False,False,False
1765,2014-06-03,312000.0,0.1349754745910992,3.2833258812894264,False,False,False
1827,2014-06-03,363990.0,0.12105856150635652,4.433900144231122,False,False,False
1799,2014-06-03,600000.0,0.13863146137093757,2.1249523915031077,False,False,False
1756,2014-06-03,590000.0,0.015592319954915779,51.16900066441356,False,True,False
1748,2014-06-03,365000.0,0.05423445144336825,29.075660208658995,False,False,False
1772,2014-06-03,235000.0,0.11357225640821272,4.03791040423746,False,False,False
1793,2014-06-03,875000.0,-0.01725543822126241,17.40643928422038,False,False,False
1760,2014-06-03,785200.0,0.009104612716975158,28.799856473112953,False,False,False
1813,2014-06-03,375900.0,0.021584105179702606,24.722011380231155,False,False,False
1823,2014-06-03,250000.0,0.13303303815833023,2.1288620475619155,False,False,False
1747,2014-06-03,325000.0,0.09642336846338362,6.674503692932248,False,False,False
4451,2014-06-03,596165.43,0.042881962358627346,13.217341971849816,False,False,False
1807,2014-06-03,206000.0,0.10662301982929712,4.782226876753024,False,False,False
1790,2014-06-03,432000.0,0.09687556088046378,5.069850426898501,False,False,False
1775,2014-06-03,268000.0,0.10992824295528175,5.16561418507662,False,False,False
1831,2014-06-03,309000.0,0.06797079574266951,8.661107090982641,False,False,False
1768,2014-06-03,440000.0,0.002463840427876951,35.573312576719616,False,False,False
1817,2014-06-03,285000.0,0.0725221957787342,12.930124346332306,False,False,False
1781,2014-06-03,440000.0,0.07496405105487386,19.97344582620919,False,False,False
1766,2014-06-03,835000.0,0.05642679275246587,18.305947713097066,False,False,False
1788,2014-06-03,545000.0,0.024801406073358956,14.800220607408491,False,False,False
1814,2014-06-03,1298000.0,0.01626009219052349,17.134885846171507,False,False,False
1755,2014-06-03,193000.0,0.12113244322073985,3.5227194257837233,False,False,False
1819,2014-06-03,718000.0,0.06277729705181401,10.437077278611216,False,False,False
1759,2014-06-03,430000.0,0.04905856295777106,8.909735830265351,False,False,False
1797,2014-06-03,475000.0,0.1398082393236646,3.3252672718468355,False,False,False
1808,2014-06-03,253000.0,0.025426117650445668,12.896950076870496,False,False,False
1802,2014-06-03,295000.0,0.09993190046961137,5.3125284411622,False,False,False
1810,2014-06-03,605000.0,0.08096689013408842,7.667592346557437,False,False,False
1832,2014-06-03,320000.0,0.046628929943808684,14.196411000134662,False,False,False
1776,2014-06-03,235000.0,0.07480525903979651,6.375987383283259,False,False,False
4447,2014-06-03,667781.25,0.0995731525488926,5.614754187798906,False,False,False
1745,2014-06-03,495000.0,0.08227573692718132,9.145499630206968,False,False,False
1803,2014-06-03,560000.0,0.07264348749642796,10.531425324458628,False,False,False
1746,2014-06-03,500000.0,0.02942318607670219,12.607940433437062,False,False,False
1829,2014-06-03,400000.0,0.1228118043973046,3.8024791384484424,False,False,False
1806,2014-06-03,847000.0,-0.05340734929603297,38.824194097396685,False,False,False
1777,2014-06-03,390000.0,0.06529681639945784,11.70945967210926,False,False,False
1771,2014-06-03,613000.0,0.12357536988184831,4.752336363258201,False,False,False
1782,2014-06-03,710000.0,0.06689051402905216,11.677524160996196,False,False,False
1820,2014-06-03,174500.0,0.08276112396087609,8.193851751051257,False,False,False
1792,2014-06-03,830000.0,0.09606988449201787,6.740004573957916,False,False,False
1753,2014-06-03,550000.0,0.10429963219435168,4.721511303983444,False,False,False
1830,2014-06-03,427874.0,0.11073948064594952,4.74582061769246,False,False,False
1784,2014-06-03,312000.0,0.029138390933626857,15.836712110954052,False,False,False
1794,2014-06-03,409950.0,0.05116475670579507,12.574226211060125,False,False,False
1739,2014-06-03,425000.0,0.10437989823477001,4.5826935503472415,False,False,False
1828,2014-06-03,575000.0,0.12886870878517875,3.5711485119050885,False,False,False
1863,2014-06-04,289950.0,0.11831125795585462,5.271408265620955,False,False,False
1833,2014-06-04,390000.0,0.06095807839246831,12.947348089121244,False,False,False
1870,2014-06-04,525000.0,0.10880216680311955,6.424532993473475,False,False,False
1884,2014-06-04,470000.0,0.11557357596750134,4.988124325901026,False,False,False
1902,2014-06-04,860000.0,0.0036808085553780012,18.79619897547445,False,False,False
1891,2014-06-04,532000.0,0.1026479452329746,7.535704200178066,False,False,False
1918,2014-06-04,229500.0,0.0934581067344381,5.510928035937798,False,False,False
1857,2014-06-04,760000.0,0.12788124339664803,7.361620247035012,False,False,False
1915,2014-06-04,399950.0,0.09963106230723934,8.615934964919134,False,False,False
1836,2014-06-04,240500.0,0.08776039851638046,7.84171709186275,False,False,False
1879,2014-06-04,875000.0,0.12234072646358518,5.266153339768722,False,False,False
1839,2014-06-04,658588.0,0.12090757132356256,10.630307221100056,False,False,False
1860,2014-06-04,837500.0,0.11022343379094773,4.001109638486502,False,False,False
1843,2014-06-04,200000.0,0.04555839156835523,15.297759150046256,False,False,False
1856,2014-06-04,390000.0,0.10830945376647577,3.8964184518316944,False,False,False
1907,2014-06-04,129000.0,-0.0008356411478678272,17.452918497823337,False,False,False
1903,2014-06-04,365000.0,0.09177553244391523,5.306779318970615,False,False,False
1846,2014-06-04,1126000.0,-0.014011988065133152,9.77889801070463,False,False,False
1842,2014-06-04,340000.0,0.1001335571249033,6.866897415308306,False,False,False
4458,2014-06-04,557125.0,0.1294368051551929,3.6111703962725024,False,False,False
1920,2014-06-04,549000.0,0.09911180035565886,16.69675298458392,False,False,False
1909,2014-06-04,170000.0,0.08413794916585693,8.157645044817542,False,False,False
1900,2014-06-04,907500.0,0.11044128274030535,3.9498242067575493,False,False,False
1925,2014-06-04,767450.0,0.10530485077213991,6.9261017714047375,False,False,False
1858,2014-06-04,119500.0,0.03658956401110164,10.835549326455824,False,False,False
1861,2014-06-04,327500.0,0.10356260153532065,5.847601382859077,False,False,False
1871,2014-06-04,324950.0,0.11433118472376047,4.384138443126948,False,False,False
1878,2014-06-04,275000.0,0.046280547463812494,11.566905592257319,False,False,False
1922,2014-06-04,285000.0,0.13208084764479,3.967434597759648,False,False,False
1880,2014-06-04,335000.0,0.09367097105604472,5.068747633144493,False,False,False
1852,2014-06-04,364950.0,0.12896457961202895,2.3489011115227094,False,False,False
1854,2014-06-04,135000.0,0.020208212884225807,13.07022525829102,False,False,False
1837,2014-06-04,320000.0,0.05906161281633604,12.688414496210264,False,False,False
1876,2014-06-04,453500.0,0.013665777144572122,18.157011865672164,False,False,False
1896,2014-06-04,572000.0,0.10255679734871082,5.60981589038127,False,False,False
1887,2014-06-04,746000.0,0.10438482060807702,5.662695704557332,False,False,False
1914,2014-06-04,742000.0,0.0004166598849268399,17.361254707832067,False,False,False
1867,2014-06-04,500000.0,0.09038422839780175,5.711193334462076,False,False,False
1912,2014-06-04,2005000.0,-0.17023918783634007,46.753474454076446,True,False,False
1899,2014-06-04,685000.0,0.09774076620270239,10.169158527711915,False,False,False
1921,2014-06-04,545000.0,0.041114912656993574,10.438323530424658,False,False,False
1864,2014-06-04,400000.0,0.12080329203396845,3.7946257910483907,False,False,False
1917,2014-06-04,190000.0,0.058609341872332577,12.345950448024452,False,False,False
1875,2014-06-04,603500.0,-0.020557413666604907,13.568291780688718,False,False,False
1890,2014-06-04,250000.0,0.09059366319227996,3.343195499620825,False,False,False
1840,2014-06-04,270000.0,0.0743764255823241,7.016147206281049,False,False,False
1911,2014-06-04,261000.0,0.05426660711526454,19.58753756627233,False,False,False
1889,2014-06-04,371000.0,0.11210383966898196,5.163202969978502,False,False,False
1848,2014-06-04,485000.0,0.067843062665631,11.751174643210875,False,False,False
1877,2014-06-04,583000.0,0.04266938238478485,15.36116803975275,False,False,False
4459,2014-06-04,228944.44,0.0728541143642345,9.983928975064815,False,False,False
1869,2014-06-04,540000.0,0.07351485399469271,6.01820966214967,False,False,False
1892,2014-06-04,499950.0,0.07023707876069107,8.775583671516799,False,False,False
1851,2014-06-04,532000.0,0.13859990907557584,2.035238131769117,False,False,False
1894,2014-06-04,640000.0,0.0795855890614029,6.650314788218114,False,False,False
1882,2014-06-04,392500.0,0.14169387001210038,2.3425757916237866,False,False,False
1895,2014-06-04,400000.0,0.07873164629748447,14.795196499381156,False,False,False
1850,2014-06-04,865000.0,0.06631360296824634,14.137158826737739,False,False,False
1868,2014-06-04,465000.0,0.10012840419960872,6.030022121404484,False,False,False
1862,2014-06-04,175000.0,0.03613080910398153,11.61222239065873,False,False,False
1904,2014-06-04,250500.0,0.10496440466537516,4.011333483568618,False,False,False
1844,2014-06-04,1025000.0,0.009239126675376519,13.55089308383816,False,False,False
1859,2014-06-04,2400000.0,-0.04112191005097887,37.12289665496764,False,False,False
1888,2014-06-04,317000.0,0.10773681132588697,5.057887440212276,False,False,False
1845,2014-06-04,275000.0,0.09893747384423274,9.205456419005623,False,False,False
1865,2014-06-04,219950.0,0.08959795096218359,8.374796207181381,False,False,False
1866,2014-06-04,161700.0,0.1033600468576002,6.458880640301042,False,False,False
1910,2014-06-04,418500.0,0.13825121988397,2.748384306969255,False,False,False
1841,2014-06-04,327500.0,0.09816765252612858,7.493765484396697,False,False,False
1853,2014-06-04,212500.0,0.0850277622039578,9.132056566388888,False,False,False
1923,2014-06-04,648000.0,0.13411644949676882,5.9083547486245465,False,False,False
1883,2014-06-04,785000.0,0.085849154740467,9.061402212639518,False,False,False
1927,2014-06-04,586500.0,-0.010862541058303199,31.246877532587938,False,False,False
1873,2014-06-04,760500.0,0.0243485892428712,12.165870736805486,False,False,False
1897,2014-06-04,310000.0,0.08215866519377307,14.38698532937041,False,False,False
1874,2014-06-04,1100000.0,-0.04906720189543068,12.934743090717108,False,False,False
1913,2014-06-04,355000.0,0.06296418514245039,9.146169010966172,False,False,False
1849,2014-06-04,1901000.0,0.07533282180963824,3.9773194094472077,False,False,False
1881,2014-06-04,646000.0,0.10297812775366516,4.157126820557779,False,False,False
1905,2014-06-04,411715.0,0.06381196965792008,9.692037633361759,False,False,False
1929,2014-06-04,455000.0,0.047229335847085385,17.32004157186256,False,False,False
1872,2014-06-04,565000.0,0.07271154108050637,11.910419082835572,False,False,False
1893,2014-06-04,375000.0,0.06880623026666816,6.351237240925158,False,False,False
1916,2014-06-04,791000.0,0.0951070036412952,8.513667658019433,False,False,False
1835,2014-06-04,375000.0,0.0429722765125356,13.68823157074693,False,False,False
1926,2014-06-04,765000.0,0.05657875210083285,13.573893271910933,False,False,False
1906,2014-06-04,415000.0,0.1404709806388305,2.4135932248929834,False,False,False
1919,2014-06-04,539000.0,0.07613350987753442,23.95022345061538,False,False,False
1885,2014-06-04,560000.0,0.13938223541156664,3.351668500972807,False,False,False
1886,2014-06-04,519000.0,0.05087038518272635,7.636321464566114,False,False,False
1898,2014-06-04,989000.0,0.04622387509360598,10.933964605817488,False,False,False
1834,2014-06-04,299000.0,-0.028377735202881893,17.83246664612948,False,False,False
1838,2014-06-04,1270000.0,0.062679494489923,10.058807193934834,False,False,False
1928,2014-06-04,520000.0,0.07231790544638123,13.125012419750577,False,False,False
1847,2014-06-04,280000.0,0.0944842476795188,5.231525838742981,False,False,False
1908,2014-06-04,489000.0,0.0441923657444,28.74583321904664,False,False,False
4457,2014-06-04,132500.0,-0.01691563617720382,28.88398824153857,False,False,False
1924,2014-06-04,610000.0,0.10342215428931606,6.7738233368204535,False,False,False
1855,2014-06-04,437000.0,0.07261706535465534,7.402365780858081,False,False,False
1901,2014-06-04,427500.0,0.1403319070268098,2.8551166444953417,False,False,False
1982,2014-06-05,229000.0,0.06151469530584475,8.741272667172801,False,False,False
1986,2014-06-05,547000.0,0.09555273665604852,8.19191234914872,False,False,False
1935,2014-06-05,269000.0,0.07592964779242772,10.858103379626266,False,False,False
1963,2014-06-05,955000.0,-0.05678541081647481,40.28892496132985,False,False,False
1999,2014-06-05,268500.0,0.13323441561063892,3.1689167325947127,False,False,False
1958,2014-06-05,292000.0,0.061778376656692,9.062623181650686,False,False,False
1943,2014-06-05,530000.0,0.0998608683947923,3.73313656349237,False,False,False
1951,2014-06-05,395000.0,0.09879602088622097,4.245183714363206,False,False,False
1964,2014-06-05,725000.0,0.10246605388068547,5.592673341051309,False,False,False
2004,2014-06-05,560000.0,0.13312547305231803,3.5564817920530563,False,False,False
1995,2014-06-05,456000.0,0.06367070412255305,9.81579517623302,False,False,False
1997,2014-06-05,299950.0,0.07854561872287802,6.837926412208564,False,False,False
1992,2014-06-05,270000.0,0.09604454984668931,7.206612493691851,False,False,False
1950,2014-06-05,540000.0,0.09324844122883663,7.678832751376942,False,False,False
4314,2014-06-05,375000.0,0.10930963366720481,7.256786994321303,False,False,False
4462,2014-06-05,420642.86,0.10996336933235551,4.465889800319099,False,False,False
1975,2014-06-05,1800000.0,-0.010135308840472201,21.46569418389981,False,False,False
1966,2014-06-05,492000.0,0.02284727159069533,13.874048223971505,False,False,False
1978,2014-06-05,749000.0,0.1353301856033851,3.6681870660269063,False,False,False
1969,2014-06-05,545000.0,0.026142676593059966,17.731802489770146,False,False,False
1990,2014-06-05,799000.0,0.07775385480057034,7.662592350545266,False,False,False
1961,2014-06-05,395000.0,0.0768322235943753,9.807270032846718,False,False,False
1989,2014-06-05,189000.0,0.11097917546233282,4.770265146710069,False,False,False
1939,2014-06-05,647500.0,0.017058990494383253,13.458332212739677,False,False,False
1967,2014-06-05,250000.0,0.04608501743028798,14.711951199353246,False,False,False
1948,2014-06-05,749950.0,0.08239000030253885,7.93463105954111,False,False,False
1994,2014-06-05,237000.0,0.11496322768407635,4.392787577903945,False,False,False
2000,2014-06-05,385000.0,0.10882639846232978,5.722218963571339,False,False,False
2003,2014-06-05,886000.0,0.04195419018641844,10.711014345975524,False,False,False
2007,2014-06-05,270000.0,0.10341707544616591,6.149410587442157,False,False,False
2011,2014-06-05,584000.0,0.07882980416710567,18.554349086890095,False,False,False
1946,2014-06-05,798000.0,0.1003435692869637,11.737120750548053,False,False,False
1938,2014-06-05,425000.0,0.04458700492144274,6.904706100290782,False,False,False
1947,2014-06-05,297500.0,0.13798112205257984,3.108501432738742,False,False,False
1952,2014-06-05,1300000.0,-0.16558929007800105,34.45053839416284,True,False,False
1955,2014-06-05,210000.0,0.09979640781061178,7.753631056016376,False,False,False
1983,2014-06-05,530000.0,0.03923013081733551,15.197305802085422,False,False,False
2001,2014-06-05,376000.0,0.13676013847324847,2.4458080261910515,False,False,False
1974,2014-06-05,372500.0,0.08707420421896622,9.529181374003722,False,False,False
4461,2014-06-05,535000.0,0.03268782410634902,7.637539846201637,False,False,False
1937,2014-06-05,630000.0,0.010277947626508688,19.524272885064125,False,False,False
1976,2014-06-05,255000.0,0.13448701393771956,3.007226272881713,False,False,False
1931,2014-06-05,279950.0,0.10098093057704083,8.024586166761576,False,False,False
4463,2014-06-05,132250.0,0.1304069629976763,3.6839414006196822,False,False,False
1984,2014-06-05,499950.0,0.14050512110287322,3.396116115893472,False,False,False
1957,2014-06-05,546000.0,0.07609968251176791,8.067424386301644,False,False,False
2010,2014-06-05,465000.0,0.04161878495561805,11.035893565844175,False,False,False
2008,2014-06-05,411605.0,0.12129471018876037,5.397931117192782,False,False,False
1954,2014-06-05,214100.0,0.08241134425947405,9.515959232137982,False,False,False
2005,2014-06-05,343000.0,0.13649495372976056,2.9037563357507588,False,False,False
2002,2014-06-05,605004.0,0.08361310458015109,8.326649068780943,False,False,False
4466,2014-06-05,2560498.33,0.014592565025995596,20.893449072843588,False,False,False
1991,2014-06-05,257000.0,0.08329470388608812,10.666272459478952,False,False,False
1996,2014-06-05,355500.0,0.14012177107989982,4.042980214571822,False,False,False
1971,2014-06-05,640000.0,0.009237459213170263,16.687966638571485,False,False,False
4464,2014-06-05,237227.86,0.1102858618663794,3.566121390325321,False,False,False
1970,2014-06-05,555000.0,0.0979199509884533,6.7376974382112165,False,False,False
4460,2014-06-05,592105.71,0.1208397831387506,12.633756057600852,False,False,False
1956,2014-06-05,499500.0,0.08451221140265347,9.817424011669221,False,False,False
1988,2014-06-05,499000.0,0.05976597425332297,18.823818592519498,False,False,False
1981,2014-06-05,165000.0,0.052812101723313354,8.619171092427877,False,False,False
1965,2014-06-05,335000.0,0.1384249673645841,3.9060196666319116,False,False,False
2012,2014-06-05,275000.0,0.05791745344460275,18.088508778175548,False,False,False
1993,2014-06-05,453500.0,0.05474741519856635,5.233932561916737,False,False,False
1960,2014-06-05,240000.0,0.10312279826514903,5.298106637961934,False,False,False
1962,2014-06-05,795000.0,0.08707890852091649,14.19589378894521,False,False,False
4465,2014-06-05,440825.0,0.010287018083473765,11.438870143177603,False,False,False
2009,2014-06-05,550000.0,0.13920752926002306,3.7929455115073516,False,False,False
1940,2014-06-05,450000.0,0.01059038527029238,17.191750506851733,False,False,False
1936,2014-06-05,875000.0,0.07158559278036408,12.643992582228801,False,False,False
1945,2014-06-05,685000.0,-0.013567539290539776,67.90350801607397,False,True,False
1987,2014-06-05,359800.0,0.14230398659670396,2.0707998816572095,False,False,False
1977,2014-06-05,466800.0,0.13082236866035085,8.116816917785616,False,False,False
1949,2014-06-05,495000.0,0.04398697053694378,14.183765941659624,False,False,False
1980,2014-06-05,356000.0,0.06126280236432802,7.198704546319569,False,False,False
1941,2014-06-05,440000.0,0.05492041680477133,11.828761062874522,False,False,False
1979,2014-06-05,610000.0,0.05341328598765577,24.89834676308773,False,False,False
2006,2014-06-05,1415000.0,-0.005367943006549858,47.355220564209354,False,False,False
1934,2014-06-05,620000.0,0.06746265097678045,6.638545779987795,False,False,False
1933,2014-06-05,565000.0,0.057592682775604476,13.617175817572578,False,False,False
1953,2014-06-05,1075000.0,-0.054184070973269716,26.39321163622709,False,False,False
1959,2014-06-05,289000.0,0.11898766428351604,5.174185091361782,False,False,False
1944,2014-06-05,875000.0,0.011131826892204377,33.40857908392418,False,False,False
1968,2014-06-05,700000.0,0.10125217183714785,7.148547609829916,False,False,False
1972,2014-06-05,390000.0,0.02985301039593924,15.661946234659936,False,False,False
1932,2014-06-05,449950.0,0.14067287464680317,2.540641868798616,False,False,False
1973,2014-06-05,466500.0,0.07860269498352368,7.483314981446223,False,False,False
1985,2014-06-05,619000.0,0.059524927520990756,10.526836341372517,False,False,False
2013,2014-06-05,324500.0,0.13417741645169673,3.2176606929296505,False,False,False
1930,2014-06-05,653000.0,0.09952191925579756,7.156092598000042,False,False,False
2014,2014-06-05,700000.0,0.13071855753305062,3.1635425630019185,False,False,False
1942,2014-06-05,445000.0,0.13597813845591178,3.9787378380567744,False,False,False
1998,2014-06-05,335000.0,0.07809459543789754,13.963266157089066,False,False,False
2055,2014-06-06,285000.0,0.08198511073179532,5.48037480452303,False,False,False
2049,2014-06-06,680000.0,0.08420639179113593,13.55947398176506,False,False,False
4471,2014-06-06,723243.75,0.11560130385252076,3.6284033477238893,False,False,False
2051,2014-06-06,595000.0,0.07557158465890051,16.89148819710807,False,False,False
2072,2014-06-06,405000.0,0.036013822883657676,17.46731770117994,False,False,False
2060,2014-06-06,510000.0,0.09423821452304731,5.863213515396452,False,False,False
2054,2014-06-06,570000.0,0.14294154402671067,2.5526724296635006,False,False,False
2050,2014-06-06,360000.0,0.07797934699490405,5.542285525103786,False,False,False
2047,2014-06-06,835000.0,0.07590593844446941,16.43634288158813,False,False,False
2040,2014-06-06,809950.0,0.05036995422435997,9.224232093257468,False,False,False
2036,2014-06-06,525000.0,0.05528042706860231,12.87569121960522,False,False,False
4470,2014-06-06,417985.71,0.10843486646336581,3.5444657612570123,False,False,False
4468,2014-06-06,1337044.2,0.1018125935920478,8.190640541913009,False,False,False
2022,2014-06-06,415000.0,0.11082735038554387,5.6533934749675465,False,False,False
2061,2014-06-06,1120000.0,-0.06958050871242727,15.437325064077552,False,False,False
4315,2014-06-06,455000.0,0.10546435443066465,4.362198014245765,False,False,False
2062,2014-06-06,1280000.0,0.068788404403332,11.675849104168494,False,False,False
2045,2014-06-06,185000.0,0.05518480159509631,15.446495043125614,False,False,False
2031,2014-06-06,1300000.0,0.01023553019124629,12.936894873780528,False,False,False
2046,2014-06-06,535500.0,0.07039161891549967,17.08581229147236,False,False,False
4316,2014-06-06,445000.0,0.10499745288166329,6.0062669714866255,False,False,False
2042,2014-06-06,455000.0,0.06083289797351954,19.653228469816476,False,False,False
2037,2014-06-06,920000.0,0.027384310889059515,12.26451845695681,False,False,False
2058,2014-06-06,805000.0,-0.028241755651286615,16.43127269483785,False,False,False
2070,2014-06-06,895000.0,0.10156192698326172,4.948606795670729,False,False,False
2073,2014-06-06,837219.0,0.07865399402993373,6.699892886108016,False,False,False
2023,2014-06-06,387500.0,0.1028961975058052,5.29645117475152,False,False,False
2034,2014-06-06,435000.0,0.043745512927018615,27.018020787492958,False,False,False
2033,2014-06-06,650000.0,0.13885765592775984,2.513035876026774,False,False,False
2057,2014-06-06,160000.0,-0.021033118816115803,33.16989873451266,False,False,False
2063,2014-06-06,539000.0,0.09502720129606984,11.280308128726563,False,False,False
2032,2014-06-06,1150000.0,-0.09602990355376162,15.482478237194309,False,False,False
2025,2014-06-06,402000.0,0.013158584497889037,12.62247198667456,False,False,False
2068,2014-06-06,600000.0,0.14239337152262183,2.739151080581423,False,False,False
2043,2014-06-06,471000.0,0.08115858375193902,14.718317413919445,False,False,False
2059,2014-06-06,450000.0,0.11707273114349576,5.377371061698188,False,False,False
4469,2014-06-06,315368.7,0.12671457887816534,5.5520511539451896,False,False,False
2027,2014-06-06,294700.0,0.11068151675470345,3.425457536491257,False,False,False
2030,2014-06-06,500000.0,0.021668645517662344,16.345327162265622,False,False,False
2064,2014-06-06,407193.0,0.12208289437074366,5.309958927982177,False,False,False
2016,2014-06-06,270000.0,0.09473359624235805,6.410196557776347,False,False,False
2019,2014-06-06,315000.0,0.10088609291837647,5.3703140504238585,False,False,False
4467,2014-06-06,423050.93,0.08224019874052935,7.521323959576534,False,False,False
2074,2014-06-06,969990.0,0.09386977123749185,10.39690079075559,False,False,False
2038,2014-06-06,200000.0,0.0623410190718241,18.281083197714267,False,False,False
2048,2014-06-06,589500.0,0.1422367608842396,3.0527971954295747,False,False,False
2071,2014-06-06,585000.0,0.13931600440910563,3.336016861440146,False,False,False
2024,2014-06-06,432000.0,-0.0005214471950139021,5.3012234652312396,False,False,False
2018,2014-06-06,389250.0,0.06333100945280579,7.700608909911994,False,False,False
2017,2014-06-06,735000.0,0.06928996920519481,8.306338021267877,False,False,False
2052,2014-06-06,300000.0,0.13650135106084627,2.9230450073490735,False,False,False
2029,2014-06-06,715000.0,0.13801473277010134,3.7414514302473223,False,False,False
2053,2014-06-06,660000.0,0.0533879535477399,8.761092419516674,False,False,False
2066,2014-06-06,739000.0,0.016472762172398736,19.77402893628106,False,False,False
2069,2014-06-06,279000.0,0.08959017874904951,8.164384704782178,False,False,False
2021,2014-06-06,550000.0,0.05859878365222382,24.73081021686104,False,False,False
2041,2014-06-06,1370000.0,-0.054985658657462855,21.822773327729113,False,False,False
2028,2014-06-06,744000.0,0.13364384895046805,3.9396668871590306,False,False,False
2035,2014-06-06,510000.0,0.11717161667395942,3.7464801595190997,False,False,False
2039,2014-06-06,435000.0,0.016569844988417237,12.739673008554494,False,False,False
2056,2014-06-06,435000.0,0.0917307272711112,11.725904339267066,False,False,False
2044,2014-06-06,253500.0,0.09495294462612885,5.664796339303026,False,False,False
2015,2014-06-06,385200.0,0.07699909266799099,8.62878360716456,False,False,False
2020,2014-06-06,545000.0,0.13925192352655857,2.215386329787702,False,False,False
2067,2014-06-06,452000.0,0.0728307613954931,9.535622392670463,False,False,False
2065,2014-06-06,320000.0,0.10928255218377875,4.373097209313823,False,False,False
2026,2014-06-06,1035000.0,0.008662589123668407,10.591393969372584,False,False,False
2075,2014-06-07,490000.0,0.025348583464436303,14.216184659040533,False,False,False
2077,2014-06-07,462000.0,0.13496617140370476,4.515020855485642,False,False,False
4317,2014-06-07,568500.0,0.13550605587082548,3.30867798804052,False,False,False
2076,2014-06-07,611000.0,-0.015117410058218317,18.54551061444842,False,False,False
2086,2014-06-08,540000.0,0.051125956415553175,9.629418553744742,False,False,False
2082,2014-06-08,445000.0,0.013669775548244334,12.316635466869759,False,False,False
2083,2014-06-08,684680.0,0.1100850710871138,3.7130215615873188,False,False,False
2079,2014-06-08,260000.0,0.1301161783223692,3.792951129343172,False,False,False
2084,2014-06-08,2700000.0,-0.11524345098834954,8.306347951313967,True,False,False
2080,2014-06-08,510000.0,0.10260483338005932,14.012486290063842,False,False,False
2078,2014-06-08,540000.0,0.12812808417257587,3.470388361269944,False,False,False
2087,2014-06-08,530000.0,0.0415076519591695,10.363138048438827,False,False,False
2085,2014-06-08,455000.0,0.06392210090810285,7.759745737687701,False,False,False
2081,2014-06-08,567500.0,0.14087052248413107,2.4258795056617575,False,False,False
2117,2014-06-09,435000.0,0.10753437847377989,3.766148974020496,False,False,False
2088,2014-06-09,410000.0,0.08006622148110537,6.889363070300048,False,False,False
2134,2014-06-09,213400.0,0.11318645376211722,3.3862918964902646,False,False,False
2126,2014-06-09,435000.0,0.06372592261912419,11.521355710938678,False,False,False
2177,2014-06-09,379000.0,0.09444045322677808,8.32275781006084,False,False,False
2164,2014-06-09,620000.0,0.14042560780721802,3.544361975193742,False,False,False
2112,2014-06-09,307550.0,0.13999543027983896,2.645332998222696,False,False,False
2089,2014-06-09,450000.0,0.10196021791262322,6.443453885074759,False,False,False
2157,2014-06-09,212500.0,0.04531497788223415,14.82300086489678,False,False,False
2118,2014-06-09,579000.0,0.08127536647488587,12.651202428338527,False,False,False
2110,2014-06-09,1900000.0,0.05478901036836087,20.126720811768955,False,False,False
2161,2014-06-09,364900.0,0.12738464194303178,4.451931588623433,False,False,False
2113,2014-06-09,304700.0,0.08063065175926326,6.234269170505512,False,False,False
2172,2014-06-09,235000.0,0.09014366545666574,6.630281080382484,False,False,False
2124,2014-06-09,440000.0,0.08012908763450433,12.985903141297225,False,False,False
2166,2014-06-09,852500.0,0.10193897241822136,6.414800359743278,False,False,False
4472,2014-06-09,259950.0,0.1012809584626575,6.211335591026241,False,False,False
2136,2014-06-09,325000.0,0.11677147670268012,4.926219024957685,False,False,False
2115,2014-06-09,385000.0,0.117723413080636,4.686350493296881,False,False,False
2160,2014-06-09,965000.0,0.053820827546355254,9.021241451699945,False,False,False
2155,2014-06-09,546000.0,0.12815731677461623,3.3369954669345203,False,False,False
2121,2014-06-09,368000.0,0.11273483194419648,3.425218406981563,False,False,False
2128,2014-06-09,563500.0,0.13790911495306796,2.7213315457460623,False,False,False
2100,2014-06-09,341000.0,0.09129544255394068,11.831021311116498,False,False,False
2102,2014-06-09,390000.0,0.08166230782090944,8.2907030613192,False,False,False
2131,2014-06-09,500000.0,0.08640529889260462,4.553306193505975,False,False,False
2106,2014-06-09,502000.0,0.11555874752397882,3.2523145438741947,False,False,False
2111,2014-06-09,605000.0,0.01613648507486698,12.103725413157754,False,False,False
2107,2014-06-09,480000.0,-0.00041776755460032344,6.574350702359689,False,False,False
2174,2014-06-09,536000.0,0.14174529638617156,2.303926780165165,False,False,False
2178,2014-06-09,345000.0,0.025952497814268227,22.967328755000686,False,False,False
2153,2014-06-09,585000.0,-0.0341859246090882,30.526857151211487,False,False,False
2154,2014-06-09,554000.0,0.11907979557389542,3.8937239172652887,False,False,False
2120,2014-06-09,305100.0,0.08850088633646491,7.16245420333091,False,False,False
2127,2014-06-09,475000.0,0.041352716790579946,14.891976042978444,False,False,False
2170,2014-06-09,625000.0,0.0978584734272569,6.392940159212335,False,False,False
2108,2014-06-09,378500.0,0.09006258437466874,7.621316319249631,False,False,False
2129,2014-06-09,285000.0,0.11627758368131219,12.77854818151057,False,False,False
2149,2014-06-09,743700.0,0.13204060414375496,6.881741014201617,False,False,False
2105,2014-06-09,250000.0,0.02513825500176864,15.187175617234102,False,False,False
2171,2014-06-09,649950.0,0.07760608371911776,15.237580565637582,False,False,False
2122,2014-06-09,255000.0,-0.03642270604154607,10.78031366184,False,False,False
2180,2014-06-09,315000.0,0.07778854167816918,11.44582337464821,False,False,False
2093,2014-06-09,347000.0,0.1093041000703785,4.382663138334512,False,False,False
2132,2014-06-09,640000.0,0.1412846123358643,2.2623067661704885,False,False,False
2151,2014-06-09,403950.0,-0.02565834967462055,13.029139635721299,False,False,False
2101,2014-06-09,700000.0,0.12459271551463669,3.406248331890812,False,False,False
2139,2014-06-09,599950.0,0.03755536560567363,9.097080349682656,False,False,False
2092,2014-06-09,550000.0,0.13914513271892182,3.3434715754372295,False,False,False
2152,2014-06-09,980000.0,0.009615044463844147,30.294211464032553,False,False,False
2140,2014-06-09,1225000.0,0.13291306430001443,3.1698788815449714,False,False,False
2098,2014-06-09,525000.0,0.08503530353098276,13.4736497698535,False,False,False
2090,2014-06-09,609900.0,0.13232937447113224,4.655853630903662,False,False,False
2130,2014-06-09,471000.0,0.14298829600569102,2.0358499413037396,False,False,False
2133,2014-06-09,442500.0,0.14021164632101923,3.2402206495885686,False,False,False
2179,2014-06-09,365000.0,0.12212007232628475,4.153136305112174,False,False,False
2143,2014-06-09,270000.0,0.08390680075052909,7.633430092740722,False,False,False
2091,2014-06-09,648000.0,0.14168032638309902,2.560875263838041,False,False,False
2142,2014-06-09,290000.0,0.11177175751478002,5.816126767864594,False,False,False
2167,2014-06-09,600000.0,0.10485814821430278,17.410884491926765,False,False,False
2169,2014-06-09,328000.0,0.10437532430160523,18.581762421033456,False,False,False
2150,2014-06-09,352750.0,0.0194363788656996,27.39691547862249,False,False,False
2146,2014-06-09,265000.0,0.07026408641048598,11.42220071999402,False,False,False
2163,2014-06-09,213000.0,0.04532347169530038,13.925983618818005,False,False,False
2144,2014-06-09,229950.0,0.08735318228438355,7.710573253926744,False,False,False
2168,2014-06-09,410000.0,0.13844275288420277,2.540549966754336,False,False,False
2103,2014-06-09,539950.0,0.07285766835058821,6.00256253976792,False,False,False
2099,2014-06-09,250250.0,0.1001151452442155,3.9659689687836988,False,False,False
2175,2014-06-09,400000.0,0.043815629674006484,7.559120603614309,False,False,False
2119,2014-06-09,236000.0,0.11094841104000991,5.935420988135744,False,False,False
2135,2014-06-09,831000.0,0.05578751335851717,18.410359139705104,False,False,False
2123,2014-06-09,400000.0,0.09809265117666816,5.811838724996098,False,False,False
2138,2014-06-09,550000.0,0.08336481721387534,8.49441373716809,False,False,False
2094,2014-06-09,1635000.0,0.00021274069268539808,20.90915922895958,False,False,False
2141,2014-06-09,750000.0,0.04979933309215495,10.241161123455969,False,False,False
2145,2014-06-09,234999.0,0.11369763474669176,4.552364439296774,False,False,False
2147,2014-06-09,367300.0,0.13644652096879167,4.1001549136472875,False,False,False
2104,2014-06-09,552000.0,0.007460484158357206,16.00346555244059,False,False,False
2096,2014-06-09,288350.0,0.10429631375667253,5.048785742382088,False,False,False
2114,2014-06-09,568000.0,0.06670120014643827,12.704293722033515,False,False,False
2176,2014-06-09,398000.0,0.07699713215564097,7.937544150959957,False,False,False
2173,2014-06-09,489000.0,0.04669583037674435,22.79272965625331,False,False,False
2158,2014-06-09,739000.0,0.06467495509451965,31.719974938272824,False,False,False
2137,2014-06-09,425000.0,0.054662233227170454,8.513044995139989,False,False,False
2125,2014-06-09,417000.0,0.08214281569212634,7.9695608190746015,False,False,False
2116,2014-06-09,345000.0,0.06342546244793645,16.18826693265362,False,False,False
2156,2014-06-09,280000.0,-0.031100198398192558,40.52989951807188,False,False,False
2162,2014-06-09,559000.0,0.09130304449431725,8.018683574683408,False,False,False
2159,2014-06-09,428000.0,0.06490418346524801,9.211487731843196,False,False,False
2109,2014-06-09,1350000.0,0.038163784799163936,13.167338549225942,False,False,False
2148,2014-06-09,550000.0,0.023660033313407658,15.737624158645566,False,False,False
2095,2014-06-09,1339000.0,0.017484344478602976,17.83850321767844,False,False,False
2165,2014-06-09,240000.0,0.061468738347465746,11.653678369976642,False,False,False
2097,2014-06-09,1150000.0,0.08964918785870651,7.351844728849095,False,False,False
2204,2014-06-10,100000.0,0.03419057364910605,17.734564041919285,False,False,False
2263,2014-06-10,480000.0,0.04114147278850555,8.190779584389919,False,False,False
2244,2014-06-10,750000.0,0.010515487630878728,24.998168201647804,False,False,False
2269,2014-06-10,533112.0,0.11837084335246972,2.73997083302455,False,False,False
2261,2014-06-10,608000.0,0.08577553950077044,6.968799399941245,False,False,False
2240,2014-06-10,895000.0,0.07483222893042712,7.769721103445262,False,False,False
2238,2014-06-10,429950.0,0.09124938298761204,11.650700210740004,False,False,False
2205,2014-06-10,417500.0,0.0633516010563483,8.976664643114091,False,False,False
2217,2014-06-10,250000.0,0.10694113899350638,5.375236052233837,False,False,False
2181,2014-06-10,571000.0,0.0186533566847919,27.758931183702522,False,False,False
2186,2014-06-10,315000.0,0.1157736716891925,4.56188392087505,False,False,False
2267,2014-06-10,899900.0,0.1225924042284115,5.040858817062795,False,False,False
2236,2014-06-10,251750.0,0.07804198605695223,10.871583225797213,False,False,False
2183,2014-06-10,695000.0,0.13374999226714163,4.218379889738275,False,False,False
2213,2014-06-10,165000.0,0.10970943111793935,5.325156433919213,False,False,False
2201,2014-06-10,490000.0,0.08617368263111397,11.21201040291206,False,False,False
2248,2014-06-10,307000.0,0.07781862750283303,10.11499264036018,False,False,False
2221,2014-06-10,285000.0,0.07332925462078488,10.672555860779923,False,False,False
2198,2014-06-10,345000.0,0.10278254483681609,3.8395348089663757,False,False,False
2252,2014-06-10,359950.0,0.09756874130798748,5.433536301085557,False,False,False
2203,2014-06-10,350000.0,0.012558856428749043,21.235810503183487,False,False,False
2253,2014-06-10,360000.0,0.0651918399985073,10.57417467335819,False,False,False
2184,2014-06-10,225000.0,0.07115680324667939,17.530367250644577,False,False,False
2234,2014-06-10,870000.0,0.05853457814067764,9.816072905135742,False,False,False
2237,2014-06-10,366000.0,0.1211165630763239,3.44690415232551,False,False,False
2268,2014-06-10,499950.0,0.03301992409342791,23.920661576011238,False,False,False
2235,2014-06-10,310000.0,0.0756248431365692,9.22819493164547,False,False,False
2192,2014-06-10,369990.0,0.1399590031863599,2.6956548092221815,False,False,False
4474,2014-06-10,237333.33,0.08429742492292908,7.431577256694694,False,False,False
2233,2014-06-10,306888.0,0.06241544850674041,9.639394143047411,False,False,False
2272,2014-06-10,399950.0,-0.024539934078722903,12.98259248976051,False,False,False
2219,2014-06-10,380000.0,0.09851432606809385,6.764109439336236,False,False,False
2191,2014-06-10,269000.0,0.1344934453688667,3.240318256782371,False,False,False
2270,2014-06-10,303210.0,0.1264117751946186,3.6225775857655806,False,False,False
2239,2014-06-10,710000.0,0.06840806624483492,15.581562899764124,False,False,False
2262,2014-06-10,589900.0,-0.0005534592341764899,27.797358150987016,False,False,False
2193,2014-06-10,800000.0,0.07307665750040132,9.903311695573503,False,False,False
2250,2014-06-10,392000.0,0.13443739363502732,3.486856570157292,False,False,False
2211,2014-06-10,659000.0,0.14143781919332699,3.0794104935848106,False,False,False
2208,2014-06-10,490000.0,0.10340083025630187,5.181853655255336,False,False,False
2241,2014-06-10,149500.0,0.10284188116870807,4.828888045717701,False,False,False
2189,2014-06-10,310000.0,0.08446821431871432,9.688834569415068,False,False,False
2245,2014-06-10,745000.0,0.11703716143200699,5.323841686855084,False,False,False
2226,2014-06-10,375500.0,0.11517759804243216,4.093622703465192,False,False,False
2218,2014-06-10,268000.0,0.059604821035384226,9.014101618303357,False,False,False
2212,2014-06-10,480000.0,0.010650708116824836,18.535604126414576,False,False,False
2215,2014-06-10,219900.0,0.09743872262771991,5.760887103276024,False,False,False
2225,2014-06-10,403000.0,0.06618836323236077,7.067644023116521,False,False,False
4333,2014-06-10,278500.0,0.13421332552791454,2.456761502467743,False,False,False
2222,2014-06-10,183000.0,0.11374751167678049,3.569337585483105,False,False,False
2256,2014-06-10,415000.0,0.14089551778189985,2.04855647890666,False,False,False
2257,2014-06-10,199500.0,0.10170962887196566,6.053294452541369,False,False,False
2266,2014-06-10,695000.0,0.11612251250903832,6.444373013843445,False,False,False
2243,2014-06-10,555000.0,0.022802175267291058,12.542519167531822,False,False,False
2210,2014-06-10,483300.0,0.09737365739949616,8.546233437757845,False,False,False
2207,2014-06-10,1240000.0,0.020848244613440592,38.64170123090429,False,False,False
2249,2014-06-10,655275.0,0.11271932826940623,5.912716898115502,False,False,False
2206,2014-06-10,253000.0,0.08958445737499082,12.50902730152675,False,False,False
2271,2014-06-10,525000.0,0.09355651326852549,5.921904302734938,False,False,False
2214,2014-06-10,659500.0,0.07716482855800627,24.30005057780655,False,False,False
2182,2014-06-10,1025000.0,0.04999934810003115,17.201050427661247,False,False,False
2195,2014-06-10,175000.0,0.04283745001188832,28.186770800885608,False,False,False
2255,2014-06-10,700000.0,0.004193774048937393,10.410002760480976,False,False,False
2197,2014-06-10,435000.0,0.0668849072092863,13.301993210076553,False,False,False
4477,2014-06-10,812650.0,-0.014658248530429518,9.683568470701967,False,False,False
2196,2014-06-10,440000.0,0.025458173370808246,19.85070278806673,False,False,False
2202,2014-06-10,335000.0,0.10109914599650788,8.994562130164702,False,False,False
2231,2014-06-10,375000.0,0.14130537260865672,2.1601530438816883,False,False,False
2246,2014-06-10,695000.0,0.12677477110467106,11.398887979944963,False,False,False
2223,2014-06-10,1070000.0,0.056466122325685875,11.39319122374137,False,False,False
2228,2014-06-10,516200.0,0.032656815613156254,13.821296586592016,False,False,False
2194,2014-06-10,569000.0,0.012033009265285666,13.193191279400848,False,False,False
2200,2014-06-10,475000.0,-0.03165321958641121,33.4005568768333,False,False,False
2216,2014-06-10,315000.0,0.01030915480989264,15.022310510016776,False,False,False
2209,2014-06-10,470000.0,0.1051296587915993,7.172052064890807,False,False,False
2227,2014-06-10,1795000.0,0.009602083810933415,15.648681003755,False,False,False
2220,2014-06-10,499000.0,0.035824642319007505,12.440110895708433,False,False,False
2265,2014-06-10,915000.0,-0.061705861573287946,18.656735098032673,False,False,False
2264,2014-06-10,1059500.0,0.025438819013550107,12.23092540668579,False,False,False
2247,2014-06-10,433000.0,0.1117368879695555,4.15363815209537,False,False,False
4478,2014-06-10,135333.33,0.07711062740295915,9.698588655336826,False,False,False
2232,2014-06-10,650000.0,0.10731855182922684,4.121907922172075,False,False,False
2187,2014-06-10,1230000.0,0.13740496129442187,3.8477827853991267,False,False,False
2199,2014-06-10,558000.0,-0.011089534746986152,23.737298912814996,False,False,False
2254,2014-06-10,566000.0,0.08874882947083673,9.784073343387963,False,False,False
2259,2014-06-10,680000.0,0.09146746509847314,14.061372069872412,False,False,False
2258,2014-06-10,749000.0,0.07974029065953853,8.782262695048248,False,False,False
2185,2014-06-10,740000.0,0.1291710740064455,7.380142074889466,False,False,False
2190,2014-06-10,700000.0,0.04718780739931072,11.4915677501757,False,False,False
2188,2014-06-10,420000.0,0.0554485423571891,7.126524951049724,False,False,False
4475,2014-06-10,426090.0,0.14316343156516692,2.504003759916164,False,False,False
2251,2014-06-10,1180000.0,0.026155948735719192,11.178827001175172,False,False,False
2230,2014-06-10,515000.0,0.14022244708658366,2.0885799444297013,False,False,False
2242,2014-06-10,310000.0,0.09646418772696591,6.100055143859956,False,False,False
2224,2014-06-10,429000.0,0.04131337919231459,17.8024122067084,False,False,False
4476,2014-06-10,458663.89,0.06527593722538338,9.742415287653493,False,False,False
2260,2014-06-10,400000.0,0.09906968893608503,6.674365068478133,False,False,False
2229,2014-06-10,385000.0,0.07128246789387127,13.916884029496305,False,False,False
2297,2014-06-11,295000.0,0.0389741785641875,15.909507677527468,False,False,False
2316,2014-06-11,700000.0,0.043959211023527955,13.675346557299735,False,False,False
2291,2014-06-11,220000.0,0.10611859269142943,4.982029370160801,False,False,False
2353,2014-06-11,250000.0,-0.0009673147273734362,21.76780457988271,False,False,False
2315,2014-06-11,465000.0,0.09511838225225039,6.344531883083618,False,False,False
2333,2014-06-11,455000.0,0.06531500639762178,3.680474964762016,False,False,False
2279,2014-06-11,280000.0,0.14034845203296514,2.110103915356041,False,False,False
2330,2014-06-11,110000.0,0.07045243876135338,11.103118929848966,False,False,False
2314,2014-06-11,740000.0,0.022596467136721754,13.57689324343066,False,False,False
2336,2014-06-11,405000.0,0.11119925353675814,6.419916956635637,False,False,False
2329,2014-06-11,2888000.0,-0.15465037735395604,78.56448468565328,True,True,True
2302,2014-06-11,285000.0,0.13922950365718684,2.5764217261565547,False,False,False
2332,2014-06-11,317000.0,0.11725059184149544,4.21167740406762,False,False,False
2349,2014-06-11,450000.0,0.06906636229350427,7.309089553638371,False,False,False
2317,2014-06-11,785000.0,0.07975176017084246,14.290802589520228,False,False,False
2293,2014-06-11,435000.0,0.06264611607741088,13.984026432609907,False,False,False
2304,2014-06-11,355000.0,-0.006524203699751263,30.983779922027114,False,False,False
2286,2014-06-11,799000.0,0.025961280616547844,15.973839322986215,False,False,False
4318,2014-06-11,352500.0,0.1181335324301287,4.454412205389026,False,False,False
2346,2014-06-11,813000.0,0.012437287727635138,9.2186619637579,False,False,False
2300,2014-06-11,515000.0,0.05231454199055835,43.82999015853779,False,False,False
2306,2014-06-11,571000.0,0.1396802311014108,3.3199826515559296,False,False,False
2288,2014-06-11,354000.0,0.11035534671189462,6.127639710468096,False,False,False
2295,2014-06-11,1010000.0,0.11669673510569978,7.372951320757945,False,False,False
2305,2014-06-11,381000.0,0.11737381333713376,3.257019265869302,False,False,False
2340,2014-06-11,465000.0,0.07225834112333024,8.207988708986377,False,False,False
2339,2014-06-11,742000.0,0.13981865469228666,2.470550141934865,False,False,False
2325,2014-06-11,545000.0,0.07988851596213431,18.435119224920328,False,False,False
2301,2014-06-11,599000.0,0.0650281023459563,30.70233767793065,False,False,False
2341,2014-06-11,809950.0,0.13435573498625208,5.436892739849758,False,False,False
2292,2014-06-11,650000.0,0.042537315118147845,9.709119564241568,False,False,False
2354,2014-06-11,475000.0,0.11781729830474558,3.719211730641014,False,False,False
2278,2014-06-11,248000.0,0.05606535632741627,13.16165353241255,False,False,False
2313,2014-06-11,335000.0,0.1078994726239163,5.750429444057488,False,False,False
2344,2014-06-11,535000.0,0.046896479480732445,15.522498051831377,False,False,False
2320,2014-06-11,530000.0,0.0753683599193144,7.443836001353689,False,False,False
2298,2014-06-11,580379.0,0.059842130186895104,6.429733964222485,False,False,False
2299,2014-06-11,875000.0,0.12694779301262576,6.8784326637812,False,False,False
2274,2014-06-11,371500.0,0.08784202407778569,9.635205308133692,False,False,False
2351,2014-06-11,399950.0,-0.02593832597949497,13.040634842682845,False,False,False
2338,2014-06-11,427000.0,-0.06390190536432205,41.58452468548592,False,False,False
2290,2014-06-11,560200.0,0.1385213838975961,2.650001868381867,False,False,False
2273,2014-06-11,850830.0,0.006665193454465035,18.336403779001248,False,False,False
2284,2014-06-11,487028.0,0.025059881309228427,24.57293246073807,False,False,False
2294,2014-06-11,800000.0,-0.05296901394993314,39.143612158986706,False,False,False
2326,2014-06-11,214950.0,0.08611536603007258,15.458337431617137,False,False,False
2347,2014-06-11,234000.0,0.029822422989762676,14.055758525570841,False,False,False
2303,2014-06-11,290000.0,0.11008582326649435,3.197886327337954,False,False,False
2308,2014-06-11,1085000.0,0.036416868121434354,17.012523148644043,False,False,False
2331,2014-06-11,292000.0,0.13835823802691272,2.1872832215579874,False,False,False
2280,2014-06-11,495000.0,-0.07740270828819495,64.33204396863519,False,True,False
2323,2014-06-11,330000.0,0.1405889560122297,2.151375717449749,False,False,False
2327,2014-06-11,657500.0,0.10634258744622965,6.962713027820401,False,False,False
2357,2014-06-11,329950.0,0.13115819210502083,3.604642224656413,False,False,False
2311,2014-06-11,386000.0,0.05886038471436211,23.156802869437897,False,False,False
2335,2014-06-11,460000.0,0.0607315805083693,14.839941753552937,False,False,False
2309,2014-06-11,371000.0,0.11030265550978235,5.934539398352591,False,False,False
2281,2014-06-11,665000.0,-0.09708902473163783,40.778539985551454,False,False,False
2310,2014-06-11,514000.0,0.07246494963988909,5.807882172305277,False,False,False
2277,2014-06-11,276900.0,0.0066652788348520176,6.111775219183621,False,False,False
2285,2014-06-11,325000.0,0.09543146041815298,10.053226368760035,False,False,False
2322,2014-06-11,240000.0,0.04991355701817751,11.483398657232351,False,False,False
2328,2014-06-11,476000.0,0.05658107125465256,8.65844292661751,False,False,False
2287,2014-06-11,7062500.0,-0.17472860687185954,47.530343706792664,True,False,False
2283,2014-06-11,527000.0,0.02249139674728573,18.268775485491407,False,False,False
2343,2014-06-11,762400.0,0.043060211879419275,13.898685749006646,False,False,False
2348,2014-06-11,308900.0,0.14294154402671067,2.1634371086934636,False,False,False
2312,2014-06-11,464000.0,0.11619285554794762,3.409708954578931,False,False,False
2307,2014-06-11,852600.0,0.02882907284906222,22.977563932516137,False,False,False
2345,2014-06-11,881000.0,-0.05108051859241336,18.138888646771505,False,False,False
2334,2014-06-11,1365000.0,-0.020082254405453748,8.181028082559171,False,False,False
2355,2014-06-11,415000.0,0.13851848053749205,3.9397409708116733,False,False,False
2318,2014-06-11,350000.0,0.05910381484939853,15.868296834873725,False,False,False
2324,2014-06-11,735000.0,0.01332922325946806,14.522164489686014,False,False,False
2321,2014-06-11,349000.0,0.052493627964361855,13.596630715557135,False,False,False
2289,2014-06-11,262500.0,0.12209178645761154,3.60177751586252,False,False,False
2296,2014-06-11,200000.0,0.0353949040103711,12.517595862759931,False,False,False
2350,2014-06-11,547500.0,0.029021548925768526,17.390553603429762,False,False,False
2276,2014-06-11,588000.0,0.09178051431028539,7.202091147819043,False,False,False
2342,2014-06-11,619400.0,0.02641160176650259,30.229473990327723,False,False,False
2356,2014-06-11,545000.0,0.04360694820967026,12.640059498839182,False,False,False
2275,2014-06-11,522000.0,0.09117999517733105,12.692206526419621,False,False,False
2352,2014-06-11,516000.0,0.12225821317534025,6.781353565809772,False,False,False
2282,2014-06-11,290300.0,0.06525769186256986,5.608094986090384,False,False,False
2337,2014-06-11,333000.0,0.0884137401348683,7.732958782999592,False,False,False
2319,2014-06-11,148000.0,-0.0018485746303843476,14.376546083669512,False,False,False
2377,2014-06-12,173000.0,0.08243078230085876,7.301666472295595,False,False,False
2399,2014-06-12,363000.0,0.06289242878180151,16.138872005943014,False,False,False
4486,2014-06-12,681965.78,0.09875018816140518,9.298075263117349,False,False,False
2419,2014-06-12,1034500.0,0.14098171899122486,2.3279047592361284,False,False,False
2381,2014-06-12,381000.0,0.04985597386983093,13.692562344489465,False,False,False
4489,2014-06-12,210614.29,0.10365415459576705,4.815513024803056,False,False,False
4484,2014-06-12,437500.0,0.03920086725395505,8.43160292949255,False,False,False
2427,2014-06-12,223000.0,0.09791798234632859,5.561985391308628,False,False,False
2431,2014-06-12,315000.0,0.14190464534435354,2.0979114799486016,False,False,False
2397,2014-06-12,397990.0,0.10614122723851299,3.860198066528261,False,False,False
2383,2014-06-12,235000.0,0.09193304398659274,14.36974768491396,False,False,False
4487,2014-06-12,229629.5,0.09664293099458365,4.485116831802324,False,False,False
2416,2014-06-12,440000.0,0.047530927876710316,12.357345737914134,False,False,False
4483,2014-06-12,387884.62,0.039871245561511726,11.495282406685602,False,False,False
4485,2014-06-12,641633.33,0.1391852511136107,3.458619938229872,False,False,False
2376,2014-06-12,510000.0,0.10824093159869219,3.5634697496327057,False,False,False
2425,2014-06-12,370000.0,0.08076287692629858,6.149073408860863,False,False,False
2432,2014-06-12,430000.0,0.09922242300107853,4.487699898507489,False,False,False
2437,2014-06-12,680000.0,0.08044741637069225,6.084756454973924,False,False,False
2409,2014-06-12,531000.0,0.14042829716986333,2.5023098549291305,False,False,False
2433,2014-06-12,440000.0,0.05262690668127107,13.490616640719352,False,False,False
2386,2014-06-12,350000.0,0.02712399935489823,12.879150429362332,False,False,False
2435,2014-06-12,1240000.0,0.04606030878840439,11.652009970978868,False,False,False
2407,2014-06-12,489950.0,0.06555060670861385,7.172517376327539,False,False,False
2426,2014-06-12,349950.0,0.1135092073895721,4.917144361032415,False,False,False
2365,2014-06-12,2250000.0,-0.09047235909022466,40.678955140419866,False,False,False
2406,2014-06-12,485000.0,0.13056741034940078,7.689733212929041,False,False,False
2372,2014-06-12,860000.0,0.10576008197662262,7.041632308899198,False,False,False
2359,2014-06-12,784000.0,-0.0015217143945908118,30.577397910242517,False,False,False
2385,2014-06-12,575000.0,0.02577525655569679,26.19856745176436,False,False,False
2364,2014-06-12,465250.0,0.06836236378831606,9.917039621004584,False,False,False
2422,2014-06-12,561000.0,0.12866914699131676,2.4111586881928413,False,False,False
2402,2014-06-12,1228000.0,-0.061973909368017166,24.883113004592214,False,False,False
2374,2014-06-12,580000.0,0.02264670397953461,24.80883004907991,False,False,False
2360,2014-06-12,610750.0,0.13168713656372083,2.21287730986142,False,False,False
2358,2014-06-12,1325000.0,0.03836041216014896,14.318465676652911,False,False,False
2420,2014-06-12,248000.0,0.13430209514814695,3.600918330712557,False,False,False
2401,2014-06-12,620000.0,0.014978506659864776,32.97224559885946,False,False,False
2438,2014-06-12,336750.0,0.06720399115645243,11.003421547808877,False,False,False
2387,2014-06-12,259000.0,0.08745826772552528,7.638799404574238,False,False,False
2380,2014-06-12,585000.0,0.024241262429646693,15.117252822102557,False,False,False
2412,2014-06-12,835000.0,-0.13092111522243732,14.688666058519358,True,False,False
2373,2014-06-12,306000.0,0.14122671126162722,2.0515898362991205,False,False,False
2375,2014-06-12,405000.0,0.06982862260564326,13.277818721343175,False,False,False
2388,2014-06-12,599000.0,0.05254193806752844,15.327835537663617,False,False,False
2378,2014-06-12,210000.0,0.09958429547100972,7.814158539387842,False,False,False
2428,2014-06-12,560000.0,0.05774186153361577,7.217847217900294,False,False,False
2371,2014-06-12,342500.0,0.10801520525443165,7.274575129300574,False,False,False
2389,2014-06-12,210000.0,0.086982414475681,8.041312271630957,False,False,False
2405,2014-06-12,448000.0,0.04500841349062229,11.113433090131457,False,False,False
2413,2014-06-12,1688000.0,0.09664032250055027,10.986040889600899,False,False,False
4490,2014-06-12,790000.0,-0.0036813131516674202,30.736612289415675,False,False,False
2408,2014-06-12,498500.0,0.09827388182897479,6.026323993619313,False,False,False
2398,2014-06-12,706000.0,0.05477824222867267,16.205413611459676,False,False,False
2367,2014-06-12,315000.0,0.05877731575668321,7.665555453490317,False,False,False
2392,2014-06-12,299995.0,0.14022820802688152,2.116173783528395,False,False,False
2382,2014-06-12,890000.0,0.09796557783264165,6.897810508650563,False,False,False
2421,2014-06-12,294000.0,0.0950310722360111,5.092484883163563,False,False,False
2384,2014-06-12,480000.0,-0.02294952899264291,15.460153347038178,False,False,False
2415,2014-06-12,495000.0,0.1119800269816476,4.584595179287951,False,False,False
2436,2014-06-12,300000.0,0.05347959542504582,18.013538500785764,False,False,False
2368,2014-06-12,900000.0,0.056986807707539444,7.507487490906006,False,False,False
2361,2014-06-12,578000.0,0.015899318909711635,10.747785083361677,False,False,False
2417,2014-06-12,280000.0,-0.0477315364784322,23.000697774221297,False,False,False
2410,2014-06-12,670000.0,0.005855651320103794,19.01433641317027,False,False,False
2391,2014-06-12,545000.0,0.06713685655608537,11.643716343044117,False,False,False
2403,2014-06-12,333000.0,0.09110502940659737,7.771936130039459,False,False,False
4491,2014-06-12,435500.0,0.05227828095187975,24.874315555383735,False,False,False
2418,2014-06-12,1070000.0,0.12423186036546219,7.115556529174624,False,False,False
2362,2014-06-12,1485000.0,0.1000071727916984,9.11627925215844,False,False,False
2423,2014-06-12,656500.0,0.048778229195288514,11.153341643322578,False,False,False
2414,2014-06-12,495000.0,0.1404420063817497,2.244411716416007,False,False,False
2411,2014-06-12,310000.0,0.04212968714130366,17.259347050345596,False,False,False
2396,2014-06-12,445000.0,-0.02754398269906566,18.91960924862369,False,False,False
2369,2014-06-12,789500.0,0.1383752176530217,4.348881474028297,False,False,False
2393,2014-06-12,440000.0,0.05738678948951592,8.206639178663254,False,False,False
2395,2014-06-12,795000.0,0.037126037239765985,12.818535796873373,False,False,False
2390,2014-06-12,1184000.0,0.00043770524958053336,10.365368709206694,False,False,False
2424,2014-06-12,660000.0,-0.001186516546697658,47.88933757766368,False,True,False
2394,2014-06-12,699000.0,0.1309306541661729,5.731181409490668,False,False,False
2400,2014-06-12,850000.0,0.10614929028007619,4.1798474493229945,False,False,False
2429,2014-06-12,594000.0,0.04622357524003701,12.468977190410564,False,False,False
2366,2014-06-12,1095000.0,-0.05231383624984576,25.958294901148573,False,False,False
2430,2014-06-12,600000.0,0.060338168727885666,14.074237773647406,False,False,False
2379,2014-06-12,445000.0,0.054218464199106364,21.2669823062787,False,False,False
2363,2014-06-12,501000.0,-0.011562466845470909,12.039843478302487,False,False,False
2370,2014-06-12,678500.0,0.06130192070710594,7.438523681173244,False,False,False
2404,2014-06-12,743000.0,0.10712766973167931,5.873510773920874,False,False,False
2434,2014-06-12,312500.0,0.04709157325447971,9.538456863840267,False,False,False
2455,2014-06-13,1335000.0,-0.06009241231508089,34.00469441235261,False,False,False
2473,2014-06-13,950000.0,0.1160166298220498,8.158479616272462,False,False,False
2494,2014-06-13,385000.0,0.06887304921801907,9.880593164255755,False,False,False
2466,2014-06-13,585000.0,0.01451301709574171,28.652377707633207,False,False,False
2511,2014-06-13,575000.0,0.06541875456803103,18.04396265274273,False,False,False
2440,2014-06-13,589000.0,0.047018535250741456,12.51540804009449,False,False,False
2463,2014-06-13,153000.0,0.09203369080011609,4.867254636097638,False,False,False
2443,2014-06-13,206135.0,0.0979554017630539,6.845849215467236,False,False,False
2459,2014-06-13,300000.0,0.10057186064276141,4.557423786306171,False,False,False
2472,2014-06-13,883000.0,0.1068898052008252,10.686388650189274,False,False,False
2503,2014-06-13,530100.0,0.03882404836878234,16.981106387522885,False,False,False
2447,2014-06-13,845000.0,0.07197118051984785,17.415260457508616,False,False,False
2489,2014-06-13,760000.0,0.007609906141581413,6.405123161029759,False,False,False
4493,2014-06-13,497333.33,0.10410447261543465,4.865469088041654,False,False,False
2456,2014-06-13,235000.0,0.08502422865872866,14.092766126937564,False,False,False
2446,2014-06-13,230000.0,0.08087293261948775,7.307475167999282,False,False,False
2495,2014-06-13,265000.0,0.07007171386766547,10.453240209946882,False,False,False
4494,2014-06-13,300000.0,0.11007231824209962,3.7130454928050916,False,False,False
2471,2014-06-13,369500.0,0.09938966664056237,4.22658929640462,False,False,False
2488,2014-06-13,419000.0,0.14239027435973317,2.234294393756188,False,False,False
2492,2014-06-13,725000.0,0.0681872206614646,7.454496222382073,False,False,False
2464,2014-06-13,454000.0,0.1208948765752697,8.780091146097943,False,False,False
2452,2014-06-13,440000.0,0.10647710081106498,4.938445110933707,False,False,False
2458,2014-06-13,622500.0,0.02076686197732941,12.901246194810422,False,False,False
2507,2014-06-13,171000.0,0.05333078076231512,15.59638585730256,False,False,False
2441,2014-06-13,863000.0,0.11677889228844412,7.986943820292819,False,False,False
2449,2014-06-13,304000.0,0.0853160941030352,4.843644583913153,False,False,False
2491,2014-06-13,129000.0,0.07688806244827645,9.895138076207198,False,False,False
2493,2014-06-13,580000.0,0.13933479474542587,2.111804472428306,False,False,False
2496,2014-06-13,1735000.0,-0.08603387428742615,23.757680830539908,False,False,False
2505,2014-06-13,299000.0,0.07855606873947901,9.786632739289326,False,False,False
2462,2014-06-13,697000.0,0.034656925974701935,8.846091138021036,False,False,False
2509,2014-06-13,250000.0,0.11342051629370287,4.433955960826398,False,False,False
2468,2014-06-13,250600.0,0.10396655538860572,7.578327543217881,False,False,False
2498,2014-06-13,665000.0,0.09666011988288498,9.686324890844997,False,False,False
2512,2014-06-13,379500.0,0.0692818813681726,25.948765341337296,False,False,False
2467,2014-06-13,380000.0,0.09108577259915501,7.209270786023353,False,False,False
2480,2014-06-13,324900.0,0.13741813875587588,3.131153928073329,False,False,False
2487,2014-06-13,475000.0,0.10081976920378721,8.55747689547525,False,False,False
2484,2014-06-13,459950.0,0.014671118239893977,8.599645470628973,False,False,False
2477,2014-06-13,485000.0,0.13290052107478278,3.3385256346946606,False,False,False
2479,2014-06-13,430000.0,0.10715550295505927,2.7113857048353287,False,False,False
2442,2014-06-13,210000.0,0.08242094491587398,7.928664165358521,False,False,False
2508,2014-06-13,540000.0,0.08775876665250931,6.106837752372203,False,False,False
2510,2014-06-13,795000.0,0.06654401066950955,16.48937094654156,False,False,False
2451,2014-06-13,810000.0,0.0636811003516391,4.138015268123454,False,False,False
2485,2014-06-13,325000.0,0.1413706746834656,2.1735534725107435,False,False,False
2483,2014-06-13,910000.0,0.08733674555812981,8.217085861084481,False,False,False
2448,2014-06-13,350000.0,0.1124992601392461,4.521907040572029,False,False,False
2450,2014-06-13,370000.0,0.09752175392298301,5.065851679585301,False,False,False
2501,2014-06-13,1695000.0,-0.09039711216416235,35.38337086060297,False,False,False
2465,2014-06-13,345000.0,0.004435599200165452,23.442165003057298,False,False,False
2460,2014-06-13,205000.0,0.05806805939037196,14.056075728118989,False,False,False
2500,2014-06-13,589000.0,0.07606254204005092,8.01187023557548,False,False,False
2476,2014-06-13,590000.0,0.11664411811720188,3.794646907561793,False,False,False
2454,2014-06-13,775000.0,0.04534110191543672,9.060207525915262,False,False,False
2504,2014-06-13,718500.0,0.0006540650824703453,22.321354980377773,False,False,False
2499,2014-06-13,799000.0,0.13295842647072686,6.1764062235328385,False,False,False
2497,2014-06-13,330000.0,0.033733423353593694,15.621528977358913,False,False,False
2513,2014-06-13,385000.0,0.13791409304031904,2.765222550309547,False,False,False
2439,2014-06-13,822500.0,-0.01606316750125769,31.968031916012997,False,False,False
2470,2014-06-13,370000.0,0.14268848637888687,2.344574516989885,False,False,False
2475,2014-06-13,305000.0,0.034558025969292916,16.931293716736906,False,False,False
2453,2014-06-13,1030000.0,0.02660024516871995,22.833934342251514,False,False,False
2457,2014-06-13,499950.0,0.03665466974539422,20.25321475282657,False,False,False
2469,2014-06-13,890000.0,0.12337025704334764,3.96260384045201,False,False,False
2474,2014-06-13,615000.0,0.0815305760323295,12.723160833606826,False,False,False
2478,2014-06-13,215000.0,0.088325071475643,8.10937605172806,False,False,False
2445,2014-06-13,285000.0,0.024385636933738908,18.344639392282424,False,False,False
4492,2014-06-13,738190.86,0.06204778080754009,11.46789670975673,False,False,False
2506,2014-06-13,556000.0,0.10814550876550899,4.1053775601818465,False,False,False
2444,2014-06-13,1125000.0,-0.02205575598712539,18.384967946378282,False,False,False
2502,2014-06-13,538000.0,0.023878554877915514,27.665668491242066,False,False,False
2514,2014-06-13,415500.0,0.12988326337702188,4.16280043215239,False,False,False
2461,2014-06-13,435000.0,0.11248028682497657,5.281060297511509,False,False,False
2486,2014-06-13,513000.0,0.03602377130536688,15.75220823001913,False,False,False
2481,2014-06-13,849900.0,-0.005931587035290953,66.43349294303621,False,True,False
2482,2014-06-13,975000.0,0.023416701488892966,9.427506576865433,False,False,False
2490,2014-06-13,1120000.0,-0.045269363547552066,47.76737843836474,False,True,False
2517,2014-06-14,883000.0,0.124164163355244,8.238485454560507,False,False,False
2518,2014-06-14,850000.0,0.038314646247294804,11.590631746493779,False,False,False
2521,2014-06-14,735000.0,0.05877678488218396,3.640100996704364,False,False,False
2516,2014-06-14,530000.0,0.14184415491109642,2.3991058186512735,False,False,False
2519,2014-06-14,496752.0,0.02463440392018379,16.616708291608695,False,False,False
2522,2014-06-14,525000.0,0.13406248457520303,2.918420337434606,False,False,False
2520,2014-06-14,330000.0,0.11822379024684698,4.220622241056209,False,False,False
2515,2014-06-14,397500.0,0.10583418518138976,4.604853132086751,False,False,False
2524,2014-06-15,650000.0,0.10622853218517803,5.860202106134888,False,False,False
4495,2014-06-15,1036200.0,0.042162409756705654,25.223766532310833,False,False,False
2527,2014-06-15,506000.0,0.06667477342008049,11.547751594391661,False,False,False
2526,2014-06-15,652500.0,0.14010418200343155,2.18773197976991,False,False,False
2523,2014-06-15,269950.0,0.08964069810653347,22.98606448668507,False,False,False
2528,2014-06-15,416000.0,0.10755350807127123,4.480905046245493,False,False,False
2525,2014-06-15,520500.0,0.0744506240039996,10.334492754803692,False,False,False
2613,2014-06-16,798800.0,0.03826088057433036,13.371624565610656,False,False,False
2596,2014-06-16,699850.0,0.12116922544777553,6.810563193085522,False,False,False
2558,2014-06-16,410000.0,0.10810796210296908,6.900505769069548,False,False,False
2590,2014-06-16,518000.0,0.09806275764386918,6.379571508912991,False,False,False
2616,2014-06-16,320000.0,0.060370707634781695,16.081817871898675,False,False,False
2531,2014-06-16,371025.0,0.12047200929432739,4.071602927615372,False,False,False
2554,2014-06-16,235000.0,0.04561416210949998,9.369117933258636,False,False,False
4344,2014-06-16,230000.0,0.11342515919651458,3.4664606678130263,False,False,False
2560,2014-06-16,680000.0,0.1339742645905943,3.1410482575183067,False,False,False
4496,2014-06-16,163785.71,0.05865972541324077,7.879358212980992,False,False,False
2591,2014-06-16,899950.0,0.05368960652416499,7.00985070660742,False,False,False
2603,2014-06-16,340000.0,0.06271609142954038,15.991971626372353,False,False,False
2547,2014-06-16,300000.0,0.04005740584335449,15.912579432302369,False,False,False
2610,2014-06-16,850000.0,0.0617633295242041,10.462226080201507,False,False,False
2599,2014-06-16,650000.0,-0.07842625331304132,42.97439369681579,False,False,False
2601,2014-06-16,220000.0,0.10695401129593118,5.679731790093997,False,False,False
2615,2014-06-16,852880.0,0.09803719781227294,5.7281131744306055,False,False,False
2571,2014-06-16,418000.0,0.1080149987838569,7.133329843138942,False,False,False
2578,2014-06-16,862000.0,0.13162902373357432,3.693105639910927,False,False,False
2568,2014-06-16,545000.0,0.060835628764562555,7.502618205920796,False,False,False
2597,2014-06-16,450000.0,0.009539004064718248,35.60009409712195,False,False,False
2548,2014-06-16,304000.0,0.06946688468293039,12.165679365167613,False,False,False
2600,2014-06-16,378000.0,0.08168277580445366,7.47150929152417,False,False,False
2621,2014-06-16,542525.0,0.12670403127685603,3.9885447799777354,False,False,False
2533,2014-06-16,353500.0,0.1283595275287252,3.8862508689848223,False,False,False
2619,2014-06-16,492500.0,0.09859821926003093,6.678513522711596,False,False,False
2604,2014-06-16,921000.0,0.0963870483948373,6.456202984004785,False,False,False
2565,2014-06-16,825000.0,0.09678144976023034,4.275596651354605,False,False,False
2573,2014-06-16,150000.0,0.1141578845210095,2.9514062282062126,False,False,False
2585,2014-06-16,1712500.0,-0.09885481233837734,30.31521535630906,False,False,False
2532,2014-06-16,576000.0,0.13248389385034232,6.307047129094347,False,False,False
2538,2014-06-16,825000.0,0.06458454818049514,10.976113991384556,False,False,False
2587,2014-06-16,465000.0,0.10276161182840249,6.427904655497982,False,False,False
2579,2014-06-16,524000.0,0.022640463389262067,12.688260710847546,False,False,False
2569,2014-06-16,435000.0,0.14144752514280784,2.726458790852345,False,False,False
2551,2014-06-16,963000.0,0.11580176706815792,6.528696260172335,False,False,False
2539,2014-06-16,265000.0,0.10416397224460966,5.4929321484806835,False,False,False
2598,2014-06-16,455000.0,0.07683321916936303,5.070124950723974,False,False,False
2572,2014-06-16,499000.0,0.09133669798838018,15.648784702471053,False,False,False
2542,2014-06-16,554000.0,0.01896519243424072,38.08784740673629,False,False,False
2606,2014-06-16,999000.0,0.12980296477038777,3.6005459676990146,False,False,False
2605,2014-06-16,375000.0,0.020389869221756562,18.656057312694106,False,False,False
2617,2014-06-16,749995.0,0.0982698048928563,4.542380065086142,False,False,False
2564,2014-06-16,445000.0,-0.005187315138610926,6.037607525872718,False,False,False
4497,2014-06-16,351250.0,0.09848644177620325,7.681902184787844,False,False,False
2577,2014-06-16,660000.0,-0.02582424542077677,34.798409054211724,False,False,False
2559,2014-06-16,566000.0,0.13308422792169028,2.191948749335983,False,False,False
2574,2014-06-16,759950.0,0.12491285735925728,7.545189976383407,False,False,False
2583,2014-06-16,220000.0,0.08624170978474904,5.124543192224629,False,False,False
2566,2014-06-16,1095000.0,-0.0010048193104882364,25.48755453517054,False,False,False
2545,2014-06-16,530000.0,0.13834676533310702,2.2095042841130743,False,False,False
2543,2014-06-16,534500.0,0.12933412573300995,3.2395363727084936,False,False,False
2544,2014-06-16,690000.0,-0.007650874461302304,16.282722194441686,False,False,False
2546,2014-06-16,357186.0,0.047640986862627244,11.90128492936414,False,False,False
2556,2014-06-16,470000.0,0.11342038604656307,3.268206737790798,False,False,False
2537,2014-06-16,460000.0,0.06082111938065038,22.06776280620547,False,False,False
2552,2014-06-16,792500.0,0.06241850711571373,23.880415864821977,False,False,False
2593,2014-06-16,385000.0,0.13420360137161147,4.912216019784661,False,False,False
2589,2014-06-16,565000.0,0.04258852291809845,22.083371349398103,False,False,False
2561,2014-06-16,332000.0,-0.029556621841538067,21.592487931180468,False,False,False
2614,2014-06-16,284000.0,0.1402113348452137,2.5933035474256667,False,False,False
2555,2014-06-16,667000.0,0.06061658900329159,15.306524033937155,False,False,False
2602,2014-06-16,285500.0,0.10249150750316088,6.673570528228733,False,False,False
2608,2014-06-16,1920000.0,0.011492296884080766,7.819567062090817,False,False,False
2549,2014-06-16,385000.0,0.051060795262773406,13.656376214035824,False,False,False
2563,2014-06-16,500000.0,0.03641921850638197,15.248989457508968,False,False,False
2612,2014-06-16,523950.0,0.06605523170357136,13.719902290155751,False,False,False
2534,2014-06-16,1735000.0,-0.00782836724028757,13.768760702574525,False,False,False
2584,2014-06-16,460000.0,-0.013257592269781182,21.657797465926677,False,False,False
2553,2014-06-16,309212.0,0.11801331635608314,4.7904402358524525,False,False,False
2586,2014-06-16,175000.0,0.1179488880551875,3.5489829548342944,False,False,False
2575,2014-06-16,427000.0,0.06112571573927783,26.246620325522414,False,False,False
2540,2014-06-16,295000.0,0.10741371691679186,5.8446944101320435,False,False,False
2582,2014-06-16,575000.0,0.13793037690813942,2.4695127324220887,False,False,False
2536,2014-06-16,763101.0,0.08963669293620774,6.370866642611899,False,False,False
2592,2014-06-16,373000.0,0.04464669516054648,11.435819019628832,False,False,False
2611,2014-06-16,429000.0,0.09358482378535976,8.510960154709503,False,False,False
2622,2014-06-16,435000.0,0.050023840317237556,13.984881647426674,False,False,False
2620,2014-06-16,685000.0,0.021733730769058768,9.789854802869822,False,False,False
2557,2014-06-16,375000.0,0.01194213518235443,31.21168641501208,False,False,False
2580,2014-06-16,470000.0,0.10839614297761785,4.551625487750583,False,False,False
2530,2014-06-16,460000.0,0.08561751300207254,5.782009969231723,False,False,False
2570,2014-06-16,638000.0,0.13438143134192954,3.2808285969778286,False,False,False
2618,2014-06-16,468500.0,0.0720476529601024,16.43928723545045,False,False,False
2562,2014-06-16,902000.0,0.13604102238435167,3.488639635165141,False,False,False
2588,2014-06-16,552000.0,0.0021505781441670813,11.440730915476625,False,False,False
2535,2014-06-16,183000.0,0.10136021386550748,4.904186372375757,False,False,False
2609,2014-06-16,385000.0,-0.16356993420605592,12.708660822681386,True,False,False
2550,2014-06-16,415000.0,0.05197402428632536,9.454416511248434,False,False,False
2581,2014-06-16,385000.0,0.12752934852161962,4.1062795203584805,False,False,False
2594,2014-06-16,245000.0,0.05882697206785914,15.140898286865074,False,False,False
2529,2014-06-16,500000.0,0.0371926902116228,13.65829104270753,False,False,False
2607,2014-06-16,335000.0,0.10660780848807894,6.205518648910957,False,False,False
2576,2014-06-16,632500.0,0.10183300137025741,6.754449887998425,False,False,False
2567,2014-06-16,277000.0,0.10934777406565699,4.2010820512502765,False,False,False
2595,2014-06-16,375000.0,0.06339522782947737,15.912674570819927,False,False,False
2541,2014-06-16,418000.0,0.04446943945754672,9.698308911141828,False,False,False
2668,2014-06-17,320000.0,0.062474228076160265,9.435008450515086,False,False,False
2672,2014-06-17,479000.0,0.03413685101183822,18.2766870917515,False,False,False
2625,2014-06-17,837700.0,0.09916322419760037,5.586806539365258,False,False,False
2693,2014-06-17,675000.0,-0.035090620050066024,25.790319898638863,False,False,False
2689,2014-06-17,729000.0,0.04502797848866985,16.299759006476272,False,False,False
2630,2014-06-17,235000.0,0.10960096222403581,4.051188866488814,False,False,False
2705,2014-06-17,294999.0,0.13015048258269435,5.356550849637502,False,False,False
2623,2014-06-17,242000.0,0.08406562863736444,3.881510957202286,False,False,False
2717,2014-06-17,720000.0,0.08884780083819632,12.164825539557647,False,False,False
2701,2014-06-17,253000.0,0.055824354334214954,11.143936020379162,False,False,False
2697,2014-06-17,310000.0,0.10060957065079168,4.249938260758881,False,False,False
2678,2014-06-17,382500.0,0.14329407722483856,1.8792828494007463,False,False,False
2631,2014-06-17,259000.0,0.10648460990590836,4.834159580141007,False,False,False
2686,2014-06-17,493000.0,0.07768975950394869,4.508503374070661,False,False,False
2714,2014-06-17,1728000.0,0.03225490667226355,13.10926337116814,False,False,False
2652,2014-06-17,738500.0,0.09580430864492268,12.127453618245822,False,False,False
2703,2014-06-17,554000.0,0.07722684748102288,10.242739717398917,False,False,False
2681,2014-06-17,840000.0,0.06490351497964442,15.681334007632035,False,False,False
2641,2014-06-17,605500.0,0.1349726497538452,4.625361392911995,False,False,False
2691,2014-06-17,465000.0,-0.1525985405261715,15.895946493456723,True,False,False
2709,2014-06-17,725000.0,0.140826510870327,2.111702204714223,False,False,False
2683,2014-06-17,402000.0,0.09873979557367596,4.857511621537579,False,False,False
2676,2014-06-17,440000.0,0.08429625664644713,4.47048799636158,False,False,False
2667,2014-06-17,605000.0,0.13482244514223873,2.546318761413725,False,False,False
2707,2014-06-17,752000.0,0.10402455240105901,4.467378518276851,False,False,False
2637,2014-06-17,499500.0,0.12795676920892396,6.632673589833431,False,False,False
2666,2014-06-17,854000.0,0.06339501216684507,14.873824153998976,False,False,False
2695,2014-06-17,809000.0,0.1396802311014108,3.2590722828784515,False,False,False
2669,2014-06-17,229950.0,0.11679969897959724,4.636012889088486,False,False,False
2649,2014-06-17,260000.0,0.04628225146101661,8.317037395363162,False,False,False
2640,2014-06-17,550000.0,0.03349980646942324,28.062352598873755,False,False,False
2653,2014-06-17,545000.0,0.0955663722586706,9.991658762571936,False,False,False
2710,2014-06-17,345000.0,0.0945506882244131,5.052829658998202,False,False,False
2632,2014-06-17,866059.0,0.022476412953601033,16.74038914285667,False,False,False
2656,2014-06-17,170000.0,0.07964011823810385,12.425599931705708,False,False,False
2677,2014-06-17,506000.0,0.11184097231333989,5.562379786035053,False,False,False
2700,2014-06-17,1538000.0,0.06225667715534339,9.154969062861836,False,False,False
2711,2014-06-17,206000.0,0.10901933959677163,5.824846812247242,False,False,False
4503,2014-06-17,329333.33,0.08995421142279858,7.423880004316936,False,False,False
2664,2014-06-17,669000.0,0.05032652917949021,14.956594534294856,False,False,False
2671,2014-06-17,1170000.0,0.14167887239866445,2.4601967371132485,False,False,False
2661,2014-06-17,380000.0,0.12689902011408583,10.0117775094146,False,False,False
2660,2014-06-17,1010000.0,0.022176897476486823,11.169417478865663,False,False,False
2721,2014-06-17,286800.0,0.11805345343489432,4.90255718199284,False,False,False
2674,2014-06-17,472000.0,0.05663874897625226,16.760781284943793,False,False,False
2687,2014-06-17,142500.0,0.07592924939584517,10.438776373700833,False,False,False
2626,2014-06-17,210000.0,0.03505296180987122,9.752961868261506,False,False,False
2663,2014-06-17,1008000.0,0.07305471093478,11.340123805197027,False,False,False
2648,2014-06-17,250000.0,0.13417623236738652,3.6111287697115553,False,False,False
2690,2014-06-17,465000.0,0.03464483684463582,13.39031773957867,False,False,False
2708,2014-06-17,451000.0,0.12140349838881975,4.905481155644417,False,False,False
2718,2014-06-17,824000.0,-0.0628982157413549,44.50916226658255,False,False,False
2657,2014-06-17,616000.0,0.13513216100529962,2.6073322724747685,False,False,False
4505,2014-06-17,331366.67,0.12119985676063133,6.173940234018087,False,False,False
2692,2014-06-17,280000.0,0.09093683673332942,6.269342566122646,False,False,False
2644,2014-06-17,247200.0,0.11864231320655738,3.7111802446083266,False,False,False
2675,2014-06-17,198000.0,0.0852339406305544,9.18946957368213,False,False,False
2670,2014-06-17,255000.0,0.11628066520996166,5.075729540907409,False,False,False
2696,2014-06-17,400000.0,0.13451516984180167,2.6943624778309925,False,False,False
2702,2014-06-17,330000.0,0.13231214622801968,5.873693644014411,False,False,False
2665,2014-06-17,260000.0,0.004530912772772233,34.33869523419237,False,False,False
4499,2014-06-17,171224.8,0.06893286584178265,8.788759731175904,False,False,False
2719,2014-06-17,936000.0,0.028381901146728783,14.778453051183634,False,False,False
4504,2014-06-17,225279.43,0.10710148506245976,4.065027951056451,False,False,False
2698,2014-06-17,435000.0,0.07491693396732851,9.020750641221808,False,False,False
2624,2014-06-17,325000.0,0.1396472841944696,2.2612153706128453,False,False,False
2627,2014-06-17,187500.0,0.10617174807006885,4.499658279470744,False,False,False
2658,2014-06-17,640000.0,0.1069304553642309,7.493148379187761,False,False,False
2682,2014-06-17,479500.0,0.1347206328818616,3.585786254748161,False,False,False
2724,2014-06-17,435000.0,0.07010189316351778,22.145886344561628,False,False,False
2716,2014-06-17,430000.0,0.10135592842962754,4.435715843187464,False,False,False
2642,2014-06-17,421000.0,0.12613664463240143,6.4249753502960845,False,False,False
2688,2014-06-17,250000.0,0.10730977572953682,6.607638234118976,False,False,False
2643,2014-06-17,536000.0,0.13418644700786658,2.400831987245481,False,False,False
2659,2014-06-17,332000.0,0.08669928297544599,15.309935529919,False,False,False
4502,2014-06-17,233166.67,0.012836639692242802,11.333107423197486,False,False,False
2639,2014-06-17,458000.0,0.02968675485281369,30.42354577183445,False,False,False
2636,2014-06-17,475000.0,0.051468936298146806,13.222262568896753,False,False,False
2712,2014-06-17,2027000.0,-0.06933282169610655,23.498640629117705,False,False,False
2699,2014-06-17,465950.0,0.142913008598616,2.0364759586181007,False,False,False
4501,2014-06-17,540000.0,0.014643790357039277,13.357410781747237,False,False,False
2654,2014-06-17,342000.0,0.09351698460634306,6.856403537940132,False,False,False
2629,2014-06-17,272000.0,0.11703092724973385,5.046607224615167,False,False,False
2684,2014-06-17,549000.0,0.007460484158357206,15.999042076047377,False,False,False
2655,2014-06-17,4668000.0,-0.2146120691342286,108.0040958870851,True,True,True
2646,2014-06-17,204950.0,0.1038696322745305,5.987732996479096,False,False,False
2680,2014-06-17,560000.0,0.00031489388765820747,19.286715048385815,False,False,False
4506,2014-06-17,460886.92,0.12652453572741457,7.3275943316267425,False,False,False
2720,2014-06-17,535000.0,0.1303353114971293,3.330790316908456,False,False,False
2634,2014-06-17,405000.0,0.09315771465070621,11.241037053187025,False,False,False
2713,2014-06-17,2475000.0,0.00922750743401246,13.622944533590672,False,False,False
2704,2014-06-17,350000.0,0.03569215452757696,17.67035710701935,False,False,False
2723,2014-06-17,345000.0,0.12121587296740743,4.578870980803639,False,False,False
2715,2014-06-17,580000.0,0.07994313080691479,8.507428425664482,False,False,False
2650,2014-06-17,547000.0,0.029115196965692314,15.931060070199548,False,False,False
2679,2014-06-17,269500.0,0.06403697727730712,9.171345671448199,False,False,False
2725,2014-06-17,1555000.0,-0.00020119401869411746,13.00385814505945,False,False,False
4498,2014-06-17,645325.0,0.13799820010415043,3.8198047123987586,False,False,False
2633,2014-06-17,473000.0,0.059235339703527345,7.682134511359239,False,False,False
2685,2014-06-17,449950.0,0.13501045641538673,3.7878558333794685,False,False,False
2628,2014-06-17,560000.0,0.017660807931455746,28.146089299500485,False,False,False
2706,2014-06-17,1185001.0,0.008637496306478698,25.6685439963737,False,False,False
2694,2014-06-17,667500.0,0.039457663668995835,11.176374758187324,False,False,False
2662,2014-06-17,415000.0,0.07318346579524354,10.695412745147944,False,False,False
2673,2014-06-17,1200000.0,0.10158249611485654,7.826374102221306,False,False,False
2651,2014-06-17,379900.0,0.08666802477161395,9.65770339768835,False,False,False
2635,2014-06-17,870000.0,-0.032622899891816326,25.283441664469887,False,False,False
2638,2014-06-17,386000.0,0.09027916583444401,7.099021276447802,False,False,False
2722,2014-06-17,350000.0,0.02122082327793884,16.63041590216835,False,False,False
2645,2014-06-17,250000.0,0.04746353031367134,7.432317270046385,False,False,False
2647,2014-06-17,430000.0,0.09911441559796341,9.244331691022529,False,False,False
2726,2014-06-17,1325000.0,0.06366525905172393,11.881830425763537,False,False,False
2784,2014-06-18,240000.0,0.07249287160441908,11.193229438284938,False,False,False
2785,2014-06-18,574950.0,0.052078673898980465,8.44544413486662,False,False,False
2745,2014-06-18,384400.0,0.036114362142732004,14.179067974812522,False,False,False
2733,2014-06-18,475000.0,0.11093326514304863,5.36699912854104,False,False,False
2790,2014-06-18,507000.0,0.10516314302060703,4.6387067337229375,False,False,False
2793,2014-06-18,424000.0,0.11198867970336956,4.15444425128642,False,False,False
4511,2014-06-18,690408.62,0.13466549497762687,3.7721573394218004,False,False,False
2777,2014-06-18,850000.0,-0.010972815516954393,17.406666016123317,False,False,False
2773,2014-06-18,3000000.0,-0.15461117204005148,29.66830649707224,True,False,False
2801,2014-06-18,825000.0,0.054734360329143805,20.740245252105616,False,False,False
2762,2014-06-18,4489000.0,0.062902485295951,16.398909066551155,False,False,False
2769,2014-06-18,230000.0,0.09858468852297286,4.851353223625519,False,False,False
2752,2014-06-18,264000.0,0.09793059727211856,6.847783115204682,False,False,False
2736,2014-06-18,284950.0,0.060730702056827846,11.029710206895333,False,False,False
2749,2014-06-18,507000.0,0.010622926184156,13.659294967910713,False,False,False
2787,2014-06-18,1160000.0,0.05783274671279831,9.28616608730858,False,False,False
2778,2014-06-18,410000.0,0.0684483446952529,30.121660904327946,False,False,False
2814,2014-06-18,267000.0,0.11003337878042263,4.148607682754995,False,False,False
2796,2014-06-18,300000.0,0.08931404459273962,6.857382603706344,False,False,False
2772,2014-06-18,650000.0,0.07665588124803979,14.040181974329894,False,False,False
2760,2014-06-18,562000.0,0.08938519729771122,6.505963763091694,False,False,False
2774,2014-06-18,192500.0,0.04163638467401931,13.97945892564193,False,False,False
2799,2014-06-18,515500.0,0.13819480029547404,3.2497915113304203,False,False,False
2800,2014-06-18,554000.0,0.08570353044916212,9.182615381070418,False,False,False
2758,2014-06-18,325000.0,0.09026521463554299,8.185884609919515,False,False,False
2729,2014-06-18,1384000.0,0.0010697900157897178,11.713195524445505,False,False,False
2761,2014-06-18,540000.0,0.104568136895074,10.87788806140503,False,False,False
2754,2014-06-18,365000.0,0.0693773172460187,7.749981023833533,False,False,False
2734,2014-06-18,250275.0,0.0804642100655239,7.101522661594268,False,False,False
2728,2014-06-18,770000.0,0.12727901372521117,5.419801961459692,False,False,False
2804,2014-06-18,299000.0,0.0627223871217879,13.494416957124034,False,False,False
2757,2014-06-18,295000.0,0.1133204842279647,4.1701126343447505,False,False,False
2780,2014-06-18,469000.0,0.06718092496354111,14.878478180974163,False,False,False
2743,2014-06-18,975000.0,0.05114942810447537,12.178492766375973,False,False,False
2738,2014-06-18,242000.0,0.11615177432123674,5.370803726788899,False,False,False
2797,2014-06-18,615000.0,0.08731561378225822,7.616211880704791,False,False,False
2792,2014-06-18,688000.0,0.10910904473333033,8.613882867861886,False,False,False
2763,2014-06-18,279950.0,0.0842162098050887,11.290255958679895,False,False,False
2808,2014-06-18,564000.0,0.08531038170587879,12.834624548074084,False,False,False
2748,2014-06-18,764000.0,0.14140394600814715,2.550438079528883,False,False,False
2768,2014-06-18,1400000.0,-0.011388268117156541,24.840994971638445,False,False,False
2731,2014-06-18,322500.0,0.13781993286160282,3.1272612094969254,False,False,False
2786,2014-06-18,180000.0,0.1160995925169882,2.7138258245979134,False,False,False
2756,2014-06-18,375000.0,0.14268113388548653,2.0039786061423115,False,False,False
2802,2014-06-18,855000.0,0.045694449539157134,25.855823332113356,False,False,False
2783,2014-06-18,568450.0,0.005136071977580869,19.228628849045503,False,False,False
2737,2014-06-18,264950.0,0.05723714485104875,13.244092937378166,False,False,False
2739,2014-06-18,913000.0,0.12931471030277075,5.731701527020171,False,False,False
2803,2014-06-18,315000.0,0.1353323174718467,2.4258091232674945,False,False,False
2759,2014-06-18,265000.0,0.08068981892113097,12.465245699712128,False,False,False
2732,2014-06-18,1600000.0,-0.1481219486738834,46.944117362472596,True,False,False
2750,2014-06-18,545500.0,0.04189947136675293,25.251503490042314,False,False,False
2817,2014-06-18,485000.0,-0.04823197616384933,46.060884833632294,False,False,False
2806,2014-06-18,465000.0,0.01883287858810162,9.190953486981302,False,False,False
2805,2014-06-18,650000.0,0.11870831098908058,3.537755212589049,False,False,False
2730,2014-06-18,330000.0,0.124214303170324,12.322995945915196,False,False,False
2791,2014-06-18,287500.0,0.09728495452290958,4.15410347684726,False,False,False
2775,2014-06-18,239950.0,0.11146361095933965,4.629339226897207,False,False,False
2727,2014-06-18,461000.0,0.0808817687149801,8.395573352589436,False,False,False
2767,2014-06-18,440000.0,0.13895714729559128,2.795974942693725,False,False,False
2794,2014-06-18,400000.0,0.024455295501807306,30.355556574725394,False,False,False
2741,2014-06-18,711000.0,0.03995361914227996,13.19146126271633,False,False,False
2740,2014-06-18,555000.0,0.06261471728850454,11.547520954637617,False,False,False
2735,2014-06-18,274500.0,0.09519327078671652,7.960640817431362,False,False,False
2779,2014-06-18,570000.0,0.14379377738805071,1.8945402312154664,False,False,False
2771,2014-06-18,175000.0,0.051990774475618395,12.155745818877168,False,False,False
4507,2014-06-18,337945.75,0.06879590878741226,10.359766849443341,False,False,False
2764,2014-06-18,540000.0,0.07203369096119738,11.525477030031693,False,False,False
2820,2014-06-18,690000.0,0.020562161187399508,15.616491246687556,False,False,False
2742,2014-06-18,403500.0,0.0589595435999567,8.299834164793307,False,False,False
2782,2014-06-18,739888.0,-0.030369626735949673,22.793051964971745,False,False,False
2818,2014-06-18,482000.0,0.03261281354979911,18.232239073848604,False,False,False
2795,2014-06-18,620000.0,0.1380624015905168,2.864656703165609,False,False,False
2770,2014-06-18,455000.0,0.11307952544425942,5.416561901649694,False,False,False
2744,2014-06-18,253779.0,0.08258106201898763,7.378276691862644,False,False,False
2811,2014-06-18,309000.0,0.07691102294754082,15.26615491037121,False,False,False
2798,2014-06-18,206000.0,0.04851012423168927,15.29124977799423,False,False,False
2809,2014-06-18,515000.0,0.05001937338376844,20.643371780521903,False,False,False
2781,2014-06-18,559000.0,-0.0014089800055757662,20.262906337479517,False,False,False
2746,2014-06-18,646000.0,0.05717415437297968,12.079830385607876,False,False,False
2816,2014-06-18,1399950.0,0.11815637880157626,5.8925870048804745,False,False,False
2788,2014-06-18,300000.0,0.12984896925755973,2.7246444405193886,False,False,False
2813,2014-06-18,415000.0,0.13866825865364624,3.085949347686865,False,False,False
2747,2014-06-18,415000.0,0.11100416616026432,5.51613521970271,False,False,False
2751,2014-06-18,450000.0,0.05921736677301409,5.7596389805227535,False,False,False
2819,2014-06-18,535000.0,0.13963850932046162,3.976979360549779,False,False,False
2755,2014-06-18,343566.0,0.09627985411257423,5.747921091244037,False,False,False
2766,2014-06-18,190000.0,-0.0011106498540518484,14.224951109325142,False,False,False
2765,2014-06-18,310000.0,0.09970211030665521,3.7590058769232435,False,False,False
2753,2014-06-18,650000.0,0.03796685222618623,20.419137304268194,False,False,False
4509,2014-06-18,243069.23,0.11420859153536916,4.706348190036941,False,False,False
2789,2014-06-18,630000.0,0.14091342319050765,2.4339719228475434,False,False,False
2776,2014-06-18,175000.0,-0.01592082032385922,49.3326033006253,False,True,False
2807,2014-06-18,535000.0,0.1292980098716729,4.442632142194958,False,False,False
2812,2014-06-18,536751.0,0.0941340567218536,11.387063759493023,False,False,False
2815,2014-06-18,820000.0,0.13311003998953896,4.380652604724047,False,False,False
2810,2014-06-18,580000.0,0.1287689938421861,6.670479032226438,False,False,False
2908,2014-06-19,232603.0,0.10173431514854525,5.566187424994531,False,False,False
2877,2014-06-19,240000.0,0.035174273171939,32.303732465498065,False,False,False
2884,2014-06-19,1240000.0,0.06511730592305998,20.73130061385104,False,False,False
2902,2014-06-19,319950.0,0.09690380405291699,5.7031835382308955,False,False,False
2835,2014-06-19,659500.0,0.07925005949183955,9.747640640025638,False,False,False
2911,2014-06-19,750000.0,0.05518343164627826,25.980915622246627,False,False,False
2824,2014-06-19,210000.0,0.11737313065598565,4.6510357541617084,False,False,False
2860,2014-06-19,186000.0,0.04069618671352493,12.788448742139211,False,False,False
4513,2014-06-19,220083.33,0.10077431016878025,5.476952327804375,False,False,False
2893,2014-06-19,507000.0,0.14159568440334358,2.2275443544421516,False,False,False
4517,2014-06-19,323833.33,0.07888281643716838,11.750824237848958,False,False,False
2829,2014-06-19,450000.0,0.11905592616728533,3.78220227937523,False,False,False
2843,2014-06-19,350000.0,-0.02211036770431163,18.592719556230197,False,False,False
2906,2014-06-19,585000.0,0.13855670702589273,2.6636331532163458,False,False,False
2852,2014-06-19,506000.0,0.05888633199533083,12.013711310913196,False,False,False
2900,2014-06-19,600000.0,0.09385051124665061,6.3959578273933095,False,False,False
2914,2014-06-19,330000.0,0.13287009253744297,2.940104229365248,False,False,False
2863,2014-06-19,287000.0,0.053196991608235655,11.32001373085376,False,False,False
2823,2014-06-19,269900.0,0.08597678246144602,3.950790360147154,False,False,False
2880,2014-06-19,1068000.0,0.07137937209424616,7.988254068907511,False,False,False
2825,2014-06-19,429900.0,0.1373076057441744,2.1497036505897094,False,False,False
2836,2014-06-19,200000.0,0.11838736755781576,3.7484227668060233,False,False,False
2905,2014-06-19,390000.0,0.10760517793312158,5.6068266562489715,False,False,False
2876,2014-06-19,436000.0,0.09866365042820963,6.097217458336924,False,False,False
2840,2014-06-19,197500.0,0.0074125572742952395,18.97728655140462,False,False,False
2910,2014-06-19,607500.0,0.0413707991706328,15.962855878481538,False,False,False
2867,2014-06-19,399888.0,0.0727126190388811,10.151080751968749,False,False,False
2837,2014-06-19,280000.0,0.07495123984390772,8.724978406827038,False,False,False
4515,2014-06-19,297857.14,0.1264919254153255,7.80056847045128,False,False,False
2881,2014-06-19,352450.0,0.07894720988319776,10.330828878101434,False,False,False
2845,2014-06-19,519000.0,0.06278424747740563,11.555566004622795,False,False,False
2866,2014-06-19,340000.0,0.14031842252249782,3.2894042241842674,False,False,False
2851,2014-06-19,380000.0,0.07309149935150461,13.595121886202334,False,False,False
2858,2014-06-19,120000.0,0.024478695761817548,21.079634518275366,False,False,False
2864,2014-06-19,510000.0,0.14378699654950833,2.1292683491528064,False,False,False
2865,2014-06-19,249000.0,0.10675823894302144,4.516670852807913,False,False,False
2849,2014-06-19,437000.0,0.08008189687198675,11.235221077792582,False,False,False
2856,2014-06-19,520000.0,0.051503836117690216,25.006683228475868,False,False,False
2869,2014-06-19,899000.0,0.05595469874549325,5.393199099116399,False,False,False
2832,2014-06-19,580000.0,0.10256413750499788,6.892550012420681,False,False,False
2912,2014-06-19,728050.0,0.09473326475376881,11.866813302140153,False,False,False
2889,2014-06-19,505000.0,0.13379544569981877,2.7377037191915026,False,False,False
2887,2014-06-19,850000.0,-0.031998338104007984,20.26335671916206,False,False,False
2839,2014-06-19,346150.0,0.10912502136921687,4.7616467910039235,False,False,False
2904,2014-06-19,775000.0,0.133188858668498,3.011371256085573,False,False,False
2903,2014-06-19,712000.0,0.12368991998525264,6.498092603753079,False,False,False
2871,2014-06-19,385000.0,0.10318008181567534,8.069211789240363,False,False,False
2861,2014-06-19,756000.0,0.03789307145236015,12.554099435326673,False,False,False
2898,2014-06-19,265000.0,0.11679893055996593,5.302949491262079,False,False,False
2859,2014-06-19,1440000.0,0.0562986511912727,12.811625261880085,False,False,False
2827,2014-06-19,360000.0,0.13547386332416123,4.631018799525679,False,False,False
2882,2014-06-19,335000.0,0.04877294881329808,13.272738725052815,False,False,False
4518,2014-06-19,309000.0,0.12212007232628475,4.153136305112174,False,False,False
2888,2014-06-19,930000.0,0.022598106705385423,20.601305740490062,False,False,False
2901,2014-06-19,470000.0,0.09330800109514165,8.406719644158931,False,False,False
2891,2014-06-19,275000.0,0.10541131400008458,4.129757497679512,False,False,False
2875,2014-06-19,232500.0,0.08669500236563438,7.862723174579028,False,False,False
2833,2014-06-19,464000.0,0.017777469998266737,17.481452830055655,False,False,False
4514,2014-06-19,280000.0,0.10220390056454443,10.576181233701123,False,False,False
2907,2014-06-19,1027000.0,0.09514771344350648,2.93474658059184,False,False,False
2834,2014-06-19,945000.0,0.09745292929553506,9.74678437992178,False,False,False
2826,2014-06-19,1525000.0,-0.015319861279278535,16.41857262492822,False,False,False
2848,2014-06-19,410000.0,0.05028855501127982,18.917764050395462,False,False,False
2909,2014-06-19,543000.0,0.04945653990698334,15.976694990396846,False,False,False
2822,2014-06-19,378750.0,0.0165233697708988,18.489787288026836,False,False,False
2873,2014-06-19,600000.0,0.03032815163779634,26.06903429707405,False,False,False
2850,2014-06-19,221000.0,0.10463488389625875,5.0945569059055655,False,False,False
2874,2014-06-19,450000.0,0.1425618912309396,2.09442488143572,False,False,False
2838,2014-06-19,1325000.0,-0.028757531870439168,24.743985737460818,False,False,False
2841,2014-06-19,799000.0,0.14287729412946942,2.208342414625818,False,False,False
2899,2014-06-19,475000.0,0.08825856350538702,13.776284057655161,False,False,False
2896,2014-06-19,310000.0,0.10162338677604293,7.719587584185918,False,False,False
2830,2014-06-19,703000.0,0.10001403564708489,4.698528900948114,False,False,False
2846,2014-06-19,590300.0,0.05075061563777855,13.122977423631962,False,False,False
2879,2014-06-19,680000.0,-0.04331810586516194,31.00884959510746,False,False,False
2853,2014-06-19,395000.0,0.07524651177877695,15.236900381908036,False,False,False
2894,2014-06-19,619850.0,0.06358447421571833,8.734512326787128,False,False,False
2870,2014-06-19,540500.0,0.06064531900122794,10.424283721133953,False,False,False
2847,2014-06-19,2200000.0,-0.16439970468289855,19.532578309448265,True,False,False
2890,2014-06-19,925000.0,0.06797491292799412,26.774311986876654,False,False,False
4516,2014-06-19,950833.33,0.03277409137715459,16.83761894942767,False,False,False
2862,2014-06-19,248000.0,0.07490588425909933,12.616115335237797,False,False,False
2872,2014-06-19,558000.0,0.10945721985311924,3.0550882135718562,False,False,False
2885,2014-06-19,618250.0,0.03830836718537817,14.626778502154645,False,False,False
2892,2014-06-19,499000.0,0.03151585195607359,12.678592406676463,False,False,False
4512,2014-06-19,592105.71,0.12538810156295394,10.228275914467552,False,False,False
2844,2014-06-19,720000.0,0.1312476277723606,7.676993319314082,False,False,False
2883,2014-06-19,549000.0,0.009384782139327863,17.462466435955903,False,False,False
2842,2014-06-19,1309500.0,-0.02180414705147926,20.75035248533109,False,False,False
2854,2014-06-19,285000.0,0.04626976729961213,12.542316269506674,False,False,False
2886,2014-06-19,1815000.0,0.06830757589276992,8.55783091692607,False,False,False
2831,2014-06-19,661000.0,0.14274370424978872,1.9572251432703598,False,False,False
2855,2014-06-19,311000.0,-0.006917894432542315,15.786876014825564,False,False,False
2821,2014-06-19,576000.0,0.06826052741014732,13.073184581906062,False,False,False
2897,2014-06-19,646000.0,0.13676251852839538,3.6170061180197117,False,False,False
2878,2014-06-19,489950.0,0.13045487975149234,1.8381620733186832,False,False,False
2868,2014-06-19,440000.0,0.11133308363992767,4.111388620100098,False,False,False
2895,2014-06-19,500000.0,0.001349105311044707,13.504095013757881,False,False,False
2828,2014-06-19,405000.0,0.08531132260035756,7.069540296332287,False,False,False
2857,2014-06-19,435000.0,0.10994467310139655,3.582669505801849,False,False,False
2913,2014-06-19,734990.0,0.13438825723043002,3.2889670608937163,False,False,False
2959,2014-06-20,397000.0,0.14227648827039857,2.327938843816116,False,False,False
2938,2014-06-20,665900.0,0.02767009046374963,18.972141644829943,False,False,False
2966,2014-06-20,282000.0,0.13092089918886646,3.741720255521527,False,False,False
2951,2014-06-20,332000.0,0.10592214072485012,6.9357875184649265,False,False,False
2986,2014-06-20,237000.0,0.10972182600602676,4.703899745373736,False,False,False
3004,2014-06-20,489000.0,0.07167725792646268,9.461359554621655,False,False,False
2997,2014-06-20,800000.0,0.12908452133118398,3.600409553746157,False,False,False
2926,2014-06-20,210000.0,0.022880252964685988,16.734904303829747,False,False,False
2973,2014-06-20,1462497.0,-0.09640711369266719,18.07494317791954,False,False,False
2937,2014-06-20,359950.0,0.10226194437104874,7.801700084015011,False,False,False
2964,2014-06-20,329950.0,0.1309375870156338,2.807954921926291,False,False,False
2993,2014-06-20,355000.0,-0.004062353638574101,21.549640488052436,False,False,False
2975,2014-06-20,355000.0,0.14015942984589025,2.36002063594038,False,False,False
2979,2014-06-20,2110000.0,0.08376128360151458,9.680170211901446,False,False,False
2984,2014-06-20,482500.0,0.017947129427885122,17.427482653124805,False,False,False
2924,2014-06-20,600000.0,0.06338479738900599,7.346101264267078,False,False,False
2981,2014-06-20,2400000.0,-0.10376077175044207,28.906606767487634,False,False,False
2957,2014-06-20,400000.0,0.08250606527421317,5.367263763589136,False,False,False
2940,2014-06-20,203000.0,0.10843938076149695,4.065822611280573,False,False,False
2967,2014-06-20,250000.0,-0.05293591941171971,37.1556217208201,False,False,False
2971,2014-06-20,200000.0,0.05592360639461086,10.310230185799012,False,False,False
2988,2014-06-20,623000.0,0.07691563306832072,11.40581881177933,False,False,False
3007,2014-06-20,359900.0,0.08117977215771599,10.605363025698301,False,False,False
2991,2014-06-20,405000.0,0.06913403892910758,9.890888727608024,False,False,False
2920,2014-06-20,245000.0,-0.05495148121733695,32.701157128017854,False,False,False
2998,2014-06-20,830000.0,0.06503416725840644,8.506352421521346,False,False,False
2916,2014-06-20,441000.0,0.09718479841573979,8.612923193557627,False,False,False
2992,2014-06-20,337000.0,0.1300461189093554,3.844688877703271,False,False,False
2945,2014-06-20,477000.0,0.11158745205373577,4.342704222415653,False,False,False
4520,2014-06-20,994500.0,0.03735443734803884,14.982584967522637,False,False,False
2963,2014-06-20,436500.0,0.05311269157584281,10.064288556615764,False,False,False
2989,2014-06-20,565000.0,0.10432049902323381,5.9974569983588255,False,False,False
2946,2014-06-20,455000.0,0.05082046438382137,4.728659696818094,False,False,False
2977,2014-06-20,869000.0,0.06072835566715096,19.095535095725502,False,False,False
2976,2014-06-20,425000.0,0.1117701546179643,5.7372251434917505,False,False,False
3005,2014-06-20,1240000.0,-0.09981931069675509,44.749893687675204,False,False,False
2968,2014-06-20,1135000.0,-0.12823025798866727,38.13666221211877,True,False,False
3012,2014-06-20,775950.0,0.11317725438469267,6.347377768667611,False,False,False
2934,2014-06-20,725000.0,-0.002229115550123617,24.178560865694717,False,False,False
2990,2014-06-20,400000.0,0.10201029925697536,4.733546370225121,False,False,False
2970,2014-06-20,681500.0,0.04391996255397662,13.976098548648693,False,False,False
3014,2014-06-20,654000.0,0.06313910622343083,19.42796321041474,False,False,False
2953,2014-06-20,279000.0,0.0850026189816509,12.284175770226382,False,False,False
2939,2014-06-20,812000.0,0.1087453849721789,7.731601660780206,False,False,False
3008,2014-06-20,1080000.0,0.01155418560379573,30.741901784939042,False,False,False
2928,2014-06-20,175000.0,0.09480932016676269,4.690734633643344,False,False,False
2925,2014-06-20,632500.0,0.13585496498337868,2.6859714795509064,False,False,False
2917,2014-06-20,650000.0,0.1370195449181607,4.119089885582198,False,False,False
2983,2014-06-20,330000.0,0.13738112387657636,3.008517443803626,False,False,False
2943,2014-06-20,280000.0,0.11796434464652544,4.612498780796826,False,False,False
2929,2014-06-20,455000.0,0.10015854386978251,4.085367931544691,False,False,False
4519,2014-06-20,248400.0,0.10787210755051724,6.182019943200752,False,False,False
2922,2014-06-20,660000.0,0.04609262721484225,12.741275340747137,False,False,False
2952,2014-06-20,291000.0,0.05696446409748396,17.492147208789557,False,False,False
2941,2014-06-20,456000.0,0.08565317667925543,5.968536749010142,False,False,False
2972,2014-06-20,1300000.0,-0.06143086788892371,48.664652966705916,False,True,False
2985,2014-06-20,525000.0,0.05101629260560214,11.761130158376416,False,False,False
2996,2014-06-20,448000.0,0.07009411401378413,2.4985368311143357,False,False,False
2961,2014-06-20,371000.0,0.13960638805736486,3.423420899045934,False,False,False
2950,2014-06-20,218000.0,0.08215543225824007,6.08896864945828,False,False,False
2978,2014-06-20,915000.0,0.07714922084894132,13.52203997881744,False,False,False
3015,2014-06-20,725000.0,0.10144052776061224,11.224712691897526,False,False,False
2944,2014-06-20,640000.0,0.03905054441879874,15.653881819052273,False,False,False
3013,2014-06-20,420000.0,0.00358659187477689,10.353856748064825,False,False,False
3006,2014-06-20,595000.0,0.08113320859012058,9.389470109995134,False,False,False
2969,2014-06-20,400000.0,-0.07858117174636026,31.202483212908145,False,False,False
2931,2014-06-20,790000.0,0.034173229485704504,6.445466001042453,False,False,False
2982,2014-06-20,390000.0,0.05230793918365556,10.52128946077456,False,False,False
2923,2014-06-20,378000.0,0.10393505192347025,6.212518071169965,False,False,False
2935,2014-06-20,380000.0,0.0947747112138646,4.610620826889607,False,False,False
4325,2014-06-20,443500.0,0.13586886929377756,6.292932706601847,False,False,False
2955,2014-06-20,970500.0,0.10239050728495724,7.062631119118354,False,False,False
2999,2014-06-20,725000.0,-0.010240995141424403,32.915075210417164,False,False,False
3010,2014-06-20,625000.0,0.12740428700252587,4.457315560204409,False,False,False
2954,2014-06-20,950000.0,0.1304781796716083,4.278194076566628,False,False,False
2995,2014-06-20,420000.0,0.08144458778148589,12.426995129037902,False,False,False
3000,2014-06-20,780000.0,0.039774005694761805,20.63159643283821,False,False,False
2965,2014-06-20,950000.0,-0.12498498766645172,17.20863940282012,True,False,False
2974,2014-06-20,995000.0,-0.0015636918938796152,24.056714736676575,False,False,False
3011,2014-06-20,339990.0,0.12532602903299184,5.254667838935681,False,False,False
2987,2014-06-20,205000.0,0.061596813269299555,10.995613266055734,False,False,False
3003,2014-06-20,1320000.0,0.08802670983615968,11.244005435166473,False,False,False
3009,2014-06-20,925000.0,0.10612642495250407,6.209210218615037,False,False,False
3002,2014-06-20,488800.0,0.10561499759232867,4.1382631692066125,False,False,False
4326,2014-06-20,1234582.0,-0.043675131372835185,20.335622237404305,False,False,False
2994,2014-06-20,885000.0,0.09525327668602063,9.775487938319007,False,False,False
2947,2014-06-20,587206.0,0.05764092761924294,23.60715511281517,False,False,False
2933,2014-06-20,850000.0,0.0822204389379696,13.37592842010528,False,False,False
2932,2014-06-20,480000.0,0.04833215823333209,18.261226285657205,False,False,False
2949,2014-06-20,511500.0,0.059741520254886105,12.755124456180653,False,False,False
3001,2014-06-20,325000.0,0.09278156938944926,5.523048347452436,False,False,False
2942,2014-06-20,547000.0,0.0086818989620287,17.77864537890048,False,False,False
2930,2014-06-20,450000.0,0.08207405440932458,6.004966365872671,False,False,False
2958,2014-06-20,200000.0,0.022077546304473505,17.345016967891922,False,False,False
2918,2014-06-20,1950000.0,-0.0612891116833012,26.76144580700068,False,False,False
2915,2014-06-20,605000.0,0.14337719936285814,2.1608412132874877,False,False,False
2980,2014-06-20,925000.0,0.08934518248077483,6.918311118485262,False,False,False
2948,2014-06-20,425000.0,0.13933768739644248,3.4984433168242326,False,False,False
2956,2014-06-20,412000.0,0.007294774097904411,13.467999484031692,False,False,False
2919,2014-06-20,395000.0,0.05254488610954,9.278363261958223,False,False,False
2962,2014-06-20,458000.0,0.14193387273839647,2.222956093850435,False,False,False
2936,2014-06-20,979000.0,0.055967613418678286,3.4181635690460106,False,False,False
2960,2014-06-20,715000.0,0.13290931033407388,5.323535365735612,False,False,False
2921,2014-06-20,905000.0,0.0786799396020817,13.726491761453515,False,False,False
2927,2014-06-20,754800.0,0.09424898728259418,11.345959439274235,False,False,False
3020,2014-06-21,418000.0,0.09526500861332843,6.7953321513755975,False,False,False
3018,2014-06-21,639500.0,0.1346216136010051,2.3055890097549563,False,False,False
3023,2014-06-21,930000.0,0.1265598746436286,7.531691054366659,False,False,False
3017,2014-06-21,1100000.0,0.053980833750349844,9.310153826072723,False,False,False
3016,2014-06-21,375000.0,-0.03850554600180667,17.31004201321942,False,False,False
3021,2014-06-21,442900.0,0.050029984906318326,11.90271414134595,False,False,False
3019,2014-06-21,849000.0,0.020616613613699486,8.175317018305607,False,False,False
3022,2014-06-21,750000.0,0.06985333088659146,10.65352461384643,False,False,False
3028,2014-06-22,687000.0,0.05583736967228836,10.14875783145995,False,False,False
3030,2014-06-22,439500.0,0.0685439192558277,15.02510839013941,False,False,False
3029,2014-06-22,810000.0,0.13628858119110682,2.4466674882286426,False,False,False
3033,2014-06-22,374000.0,0.1423705591223705,2.674277286230683,False,False,False
3026,2014-06-22,545000.0,0.13933084123990658,2.1172025927472395,False,False,False
3031,2014-06-22,802000.0,0.03130905597211542,16.213981914073123,False,False,False
3024,2014-06-22,565000.0,0.025969252176257618,11.275553865849997,False,False,False
3034,2014-06-22,330000.0,0.14096662192889176,2.670578947460698,False,False,False
3032,2014-06-22,732600.0,0.10157555220358144,4.988339158704305,False,False,False
3027,2014-06-22,500000.0,0.10784792420256545,6.050290466902983,False,False,False
3025,2014-06-22,874150.0,0.05657769195311474,10.352173205003254,False,False,False
3109,2014-06-23,265000.0,0.08000561609558532,8.061023726455948,False,False,False
3099,2014-06-23,375000.0,0.13885881115585275,2.9743093859068193,False,False,False
3078,2014-06-23,347000.0,0.11623031638321729,4.319420366971062,False,False,False
3065,2014-06-23,345100.0,0.05789435161941886,27.816004436971742,False,False,False
3038,2014-06-23,280000.0,0.05959047386360694,7.313297562225587,False,False,False
3113,2014-06-23,415000.0,0.03182736834633754,5.8601752669928695,False,False,False
3079,2014-06-23,725000.0,0.08902319733551017,9.118837890972546,False,False,False
3094,2014-06-23,234000.0,0.09300489460102379,6.9454872446942195,False,False,False
3168,2014-06-23,362500.0,0.04671758427545569,10.33731840781896,False,False,False
4334,2014-06-23,205425.0,0.07095986852654929,8.763830602324093,False,False,False
3080,2014-06-23,345000.0,0.028806254773130757,14.889324837811932,False,False,False
3132,2014-06-23,300000.0,0.13632958249115595,3.2629515908289357,False,False,False
3041,2014-06-23,299995.0,0.09612970556537259,4.484765639466227,False,False,False
3085,2014-06-23,494000.0,0.08090113923139153,17.674459209210006,False,False,False
3118,2014-06-23,1580000.0,-0.12948103454613524,25.111440151818382,True,False,False
3056,2014-06-23,603500.0,0.0163317226635738,19.383338460841077,False,False,False
3107,2014-06-23,560000.0,0.11339768972458841,5.04640022674084,False,False,False
3064,2014-06-23,579000.0,0.06523929266661727,12.052040444010464,False,False,False
3066,2014-06-23,350000.0,0.10666518733785674,2.0422230902169436,False,False,False
3105,2014-06-23,396500.0,0.09424525623524965,8.751282229013173,False,False,False
3124,2014-06-23,780000.0,0.019710103211285412,21.178935194044605,False,False,False
3129,2014-06-23,326000.0,0.10846123244695205,5.352690109371329,False,False,False
3048,2014-06-23,334000.0,0.08842248439817807,7.898886014725459,False,False,False
3036,2014-06-23,290900.0,0.04177271917865688,17.56792232154665,False,False,False
3151,2014-06-23,403500.0,0.09558116255765092,9.435946643863637,False,False,False
3091,2014-06-23,360000.0,0.10434847206905729,7.718828512096369,False,False,False
3082,2014-06-23,550000.0,0.11248809234260149,4.959231353816274,False,False,False
3087,2014-06-23,442500.0,0.1093336321928503,4.8931328999188315,False,False,False
3149,2014-06-23,685000.0,-0.019234589162584137,14.040034103884176,False,False,False
3081,2014-06-23,345950.0,0.1356065846759133,2.529061230268481,False,False,False
3111,2014-06-23,430000.0,0.11951660971627703,4.10758834093005,False,False,False
3139,2014-06-23,165000.0,0.10673183776332024,4.871142677903389,False,False,False
3145,2014-06-23,337000.0,0.11702179601942259,5.065193141259394,False,False,False
3126,2014-06-23,831500.0,0.01996444080188231,16.21701554775374,False,False,False
4525,2014-06-23,288500.0,0.007998408023856873,15.978205220637038,False,False,False
3150,2014-06-23,905000.0,0.05438211235760976,10.124239963286367,False,False,False
3086,2014-06-23,453000.0,0.07886245485130372,9.820113698068106,False,False,False
3140,2014-06-23,261350.0,0.10642284749897407,3.7883900087396287,False,False,False
3075,2014-06-23,479000.0,0.1082799957950909,4.150749414565843,False,False,False
3093,2014-06-23,290000.0,0.036407072561719045,21.121984766867207,False,False,False
3119,2014-06-23,905000.0,0.11842136915734286,4.9394346486229885,False,False,False
3052,2014-06-23,275000.0,0.09527389627690136,5.109527388832718,False,False,False
3135,2014-06-23,590000.0,0.06872042184669336,8.202820436957545,False,False,False
3059,2014-06-23,2075000.0,0.10058299828610218,8.219581486444342,False,False,False
3067,2014-06-23,291500.0,0.03305727329482999,14.034530136404458,False,False,False
3096,2014-06-23,349900.0,0.015032983297985525,20.413324475518984,False,False,False
3116,2014-06-23,300000.0,0.13765028650888994,4.125661047970046,False,False,False
3160,2014-06-23,345000.0,0.05252698222358021,20.422735021863485,False,False,False
3062,2014-06-23,200000.0,0.10559396110674146,4.176184273728114,False,False,False
3072,2014-06-23,324000.0,0.09914753636824891,8.565745476130752,False,False,False
3101,2014-06-23,470000.0,0.14092361914947055,2.1311557556738845,False,False,False
3098,2014-06-23,725000.0,0.12248879942352159,6.569990042498169,False,False,False
3153,2014-06-23,385000.0,0.12305744055936163,8.139798579256858,False,False,False
3164,2014-06-23,515000.0,0.028907319515760532,8.882046865485703,False,False,False
3156,2014-06-23,249900.0,0.09887970206996533,6.4109016573362805,False,False,False
3125,2014-06-23,400000.0,0.06471431028081981,16.4794007548193,False,False,False
3165,2014-06-23,497000.0,0.1260082917148051,2.6987578310678555,False,False,False
3162,2014-06-23,562500.0,0.05634985632037398,13.77256070219037,False,False,False
3047,2014-06-23,350000.0,-0.04091276198934668,35.99586884915604,False,False,False
3114,2014-06-23,600000.0,0.13854046902380196,2.6645484003238247,False,False,False
3136,2014-06-23,750000.0,0.05490533398099251,33.95235755030542,False,False,False
3159,2014-06-23,310000.0,0.1385477241022246,4.273600280210555,False,False,False
3039,2014-06-23,675000.0,0.12879542966102053,2.7235035770602787,False,False,False
4527,2014-06-23,180785.71,0.004457582762763923,22.36680582818278,False,False,False
3146,2014-06-23,560000.0,0.14198643614168877,1.83539095103217,False,False,False
3089,2014-06-23,389800.0,0.11701074440372022,4.422960006707266,False,False,False
3144,2014-06-23,715000.0,0.0833164306826541,6.102708802772438,False,False,False
3084,2014-06-23,269500.0,0.10850333988753119,4.699259039057113,False,False,False
3074,2014-06-23,233500.0,0.11587402924537199,2.4250279789887026,False,False,False
3120,2014-06-23,199950.0,0.04593587204954658,14.327002045955878,False,False,False
3097,2014-06-23,275000.0,0.10484339075639337,4.320578125291595,False,False,False
3092,2014-06-23,650000.0,0.14058143359422165,1.8587151042093402,False,False,False
3110,2014-06-23,502000.0,0.04583822300939472,17.71810083226158,False,False,False
3073,2014-06-23,495000.0,0.025554912927003515,25.824763241168768,False,False,False
3057,2014-06-23,230000.0,-0.014745119305543786,50.18844098558802,False,True,False
3117,2014-06-23,491234.0,0.09436157684775393,8.650121386885417,False,False,False
3133,2014-06-23,269950.0,0.07177660495406069,10.296367399786334,False,False,False
3076,2014-06-23,322200.0,0.09980748508321813,6.500791065533137,False,False,False
3134,2014-06-23,1220000.0,-0.03720310853604325,30.15480152927907,False,False,False
3137,2014-06-23,239950.0,0.1076600333077406,5.035228237043274,False,False,False
3043,2014-06-23,249500.0,0.09598851714309786,6.454422027858565,False,False,False
3054,2014-06-23,550000.0,0.13144653865300532,2.7900832873249173,False,False,False
3051,2014-06-23,264000.0,0.11068201726245791,4.769565343314394,False,False,False
3138,2014-06-23,215000.0,0.09922811247723873,9.376185397142956,False,False,False
3142,2014-06-23,425000.0,0.07716505198774343,16.51460610399911,False,False,False
3046,2014-06-23,320000.0,0.14273776214858463,2.2860754093345497,False,False,False
3155,2014-06-23,285000.0,0.13559088575242184,2.977299131010311,False,False,False
3068,2014-06-23,649950.0,0.058794612923478706,13.57096369891039,False,False,False
3154,2014-06-23,1700000.0,-0.1301874524931007,7.815465870257904,True,False,False
3095,2014-06-23,260000.0,0.12707602698647152,11.175540118870066,False,False,False
3123,2014-06-23,649000.0,-0.06815381851226388,71.81808334322845,False,True,False
3143,2014-06-23,800000.0,0.054967141865865043,14.78591768671405,False,False,False
3060,2014-06-23,420000.0,0.08572457281065049,10.075000177127524,False,False,False
3131,2014-06-23,320000.0,0.06128272600862039,8.51976200824856,False,False,False
3115,2014-06-23,225000.0,0.11836979859721924,3.4392930222285134,False,False,False
3104,2014-06-23,249000.0,0.09652183513792945,7.951836513300468,False,False,False
3103,2014-06-23,615000.0,0.011366226318051453,15.62787314827577,False,False,False
3049,2014-06-23,235000.0,0.04793989671980664,19.75721263424127,False,False,False
3166,2014-06-23,312891.0,0.06712835013797369,7.943429793405735,False,False,False
3157,2014-06-23,633634.0,0.10037030076453785,6.408553358886167,False,False,False
4526,2014-06-23,379509.17,0.10205765632659941,5.074265672101812,False,False,False
3128,2014-06-23,385000.0,0.040393077600769545,14.697903419659058,False,False,False
3061,2014-06-23,735000.0,0.06556167455161477,8.702706817807531,False,False,False
3083,2014-06-23,399950.0,0.07322510950909894,8.395719800795067,False,False,False
3070,2014-06-23,500000.0,0.0517277265175311,14.98917309052818,False,False,False
3044,2014-06-23,690000.0,0.06036474355511473,8.169328999388048,False,False,False
3161,2014-06-23,160797.0,0.0854957680950903,8.80744763058832,False,False,False
3037,2014-06-23,577000.0,0.10308029152636156,5.63761329035955,False,False,False
3035,2014-06-23,365000.0,-0.023294334560054808,25.411490638253657,False,False,False
3148,2014-06-23,660000.0,0.016470015831510865,14.075442914429095,False,False,False
3088,2014-06-23,235000.0,0.06746189002024705,16.069112931664097,False,False,False
3122,2014-06-23,899000.0,0.07046435536324364,9.887232414286387,False,False,False
3050,2014-06-23,442000.0,0.14189364086503653,2.0036533575159865,False,False,False
3063,2014-06-23,286000.0,0.024752982975924986,17.325162042375556,False,False,False
3112,2014-06-23,525000.0,-0.050516853333603895,8.54828684198457,False,False,False
3077,2014-06-23,835000.0,0.13142769355487627,5.730098096408207,False,False,False
4347,2014-06-23,12899000.0,0.09871444629043719,7.680364932431051,False,False,False
4528,2014-06-23,950100.0,0.04530281381073631,12.045529906785184,False,False,False
3106,2014-06-23,405000.0,0.019176870053504103,11.064553659752951,False,False,False
3102,2014-06-23,490000.0,0.07286028828906227,8.00538838942408,False,False,False
3090,2014-06-23,346000.0,0.09777995631567293,6.0695025458410585,False,False,False
3069,2014-06-23,458500.0,0.060595786804369445,13.215438589279936,False,False,False
3058,2014-06-23,449000.0,0.07872405401691324,11.513178175490562,False,False,False
3127,2014-06-23,471001.0,0.015865974694084184,14.858244635182587,False,False,False
3141,2014-06-23,569000.0,0.04705902060901013,9.666471172942922,False,False,False
3040,2014-06-23,800000.0,0.10222086335805808,5.281599861458123,False,False,False
3130,2014-06-23,335000.0,-0.004735779453492461,15.859957185074313,False,False,False
3163,2014-06-23,664950.0,-0.010900183248947815,12.824432477411525,False,False,False
3045,2014-06-23,235000.0,0.10903557791659757,5.19069853383293,False,False,False
3121,2014-06-23,450000.0,0.09436865419467921,6.201567204889538,False,False,False
3152,2014-06-23,405000.0,0.064611519833766,13.087500941921148,False,False,False
3100,2014-06-23,806000.0,0.020696514283655376,21.6774261981033,False,False,False
3053,2014-06-23,430000.0,0.08037952400344145,5.771664992280459,False,False,False
3042,2014-06-23,440000.0,0.09830135052638411,10.454411672815368,False,False,False
3108,2014-06-23,459950.0,0.13962188123172975,2.5753617060134855,False,False,False
3055,2014-06-23,775000.0,0.1424221442381478,2.0639862796277093,False,False,False
3169,2014-06-23,402101.0,0.01581756277838614,18.761821210883234,False,False,False
3071,2014-06-23,362300.0,0.13829571105881378,3.9671859854998885,False,False,False
3167,2014-06-23,670000.0,0.03956328414728183,11.928873208884555,False,False,False
3147,2014-06-23,449500.0,0.06575624415224518,6.853515106517415,False,False,False
3158,2014-06-23,329900.0,0.1326361289376342,3.2855580915308455,False,False,False
3263,2014-06-24,329950.0,0.08990047003776797,4.949889548212621,False,False,False
4536,2014-06-24,198995.0,0.10673888495795258,4.8130939756078,False,False,False
4534,2014-06-24,391400.0,0.06287389997011822,11.852444007395976,False,False,False
3176,2014-06-24,585000.0,0.09687111993879766,22.335204662635697,False,False,False
3173,2014-06-24,415000.0,0.11207092952569875,5.458475738524027,False,False,False
3177,2014-06-24,640000.0,0.143392663673806,1.9616869311319356,False,False,False
3237,2014-06-24,343500.0,0.05432692984573029,4.226249568672911,False,False,False
3275,2014-06-24,790000.0,0.10423471147780827,9.267454106399986,False,False,False
3254,2014-06-24,218000.0,0.07844682855425905,8.457472097741077,False,False,False
3273,2014-06-24,745641.0,0.12655871212471642,3.7486640782819456,False,False,False
3206,2014-06-24,751000.0,0.08283215001334249,8.785280467085723,False,False,False
3193,2014-06-24,348500.0,0.11431118725770256,2.9295577998639555,False,False,False
3245,2014-06-24,252000.0,0.10484367183606247,5.2344664689982485,False,False,False
3225,2014-06-24,464500.0,0.08198012680344025,9.397560672759578,False,False,False
3259,2014-06-24,350000.0,0.13080013593085177,3.204141191532848,False,False,False
3201,2014-06-24,1157400.0,0.005112862798435924,20.18066496339569,False,False,False
3203,2014-06-24,2466350.0,-0.051719481038843496,40.25254947291081,False,False,False
4539,2014-06-24,325187.5,0.10759366591730951,4.282430998820437,False,False,False
3207,2014-06-24,941000.0,0.03865060392565395,22.764742639439454,False,False,False
3235,2014-06-24,1250000.0,0.02872577507072005,13.249794260759343,False,False,False
3196,2014-06-24,549000.0,-0.1720454310228896,21.61054130371853,True,False,False
3221,2014-06-24,1010000.0,-0.06729974135189687,20.304206989649202,False,False,False
4537,2014-06-24,278900.0,0.1111825596182881,5.617828777961452,False,False,False
3242,2014-06-24,257500.0,0.07866736847904371,10.934164640633368,False,False,False
3230,2014-06-24,457500.0,0.0702032464089572,8.424637519542596,False,False,False
3222,2014-06-24,875000.0,0.13264700368454818,4.814140778108895,False,False,False
3200,2014-06-24,1215000.0,0.02131725769275189,22.185094642198536,False,False,False
3271,2014-06-24,639888.0,0.11809879845363636,5.3272142129218905,False,False,False
3183,2014-06-24,625000.0,0.0561401648606924,17.651248646629462,False,False,False
3231,2014-06-24,366000.0,0.10351466832409595,6.741016478895485,False,False,False
4531,2014-06-24,362750.0,0.031200508363045776,15.753123564297056,False,False,False
3217,2014-06-24,689000.0,0.06492145868483667,13.064560565911021,False,False,False
4324,2014-06-24,400000.0,0.05665425053088047,16.333204790075566,False,False,False
3238,2014-06-24,325000.0,0.10346269143339776,6.575223537923734,False,False,False
3270,2014-06-24,859000.0,0.031905528587601095,17.374322368160186,False,False,False
3179,2014-06-24,520000.0,0.09303529000296334,7.945273989397099,False,False,False
3190,2014-06-24,324950.0,0.11923923726390284,3.3684755844144387,False,False,False
3223,2014-06-24,304000.0,0.09972892698853641,7.406463251601132,False,False,False
3180,2014-06-24,367500.0,0.07502029180132219,12.368398275159198,False,False,False
3220,2014-06-24,440000.0,0.0635753560973219,6.739442047965915,False,False,False
3195,2014-06-24,925000.0,0.06820715120232623,7.865933340163691,False,False,False
3208,2014-06-24,600000.0,0.06771969180744952,11.767960366214647,False,False,False
3267,2014-06-24,295000.0,0.07328067886469025,8.714548350622687,False,False,False
3261,2014-06-24,839000.0,0.0152321021241269,23.901727345046965,False,False,False
3202,2014-06-24,349950.0,0.1372126268994487,2.2649505111296566,False,False,False
3239,2014-06-24,600000.0,0.026415170900034424,14.129818494338073,False,False,False
3257,2014-06-24,360000.0,0.11680531563229796,4.0666133925849755,False,False,False
3210,2014-06-24,1295648.0,0.07813634022683291,19.064286147130346,False,False,False
3248,2014-06-24,355000.0,-0.013541463477091953,18.569326317801885,False,False,False
3194,2014-06-24,725000.0,0.1310872721564847,3.521776354486394,False,False,False
3172,2014-06-24,160000.0,0.10375140306641689,4.770950272588656,False,False,False
3253,2014-06-24,599000.0,0.05919757969113071,14.594775143830095,False,False,False
3197,2014-06-24,400000.0,0.0855893716906575,13.43471915216907,False,False,False
3272,2014-06-24,329445.0,0.03756623743772386,12.001028629547788,False,False,False
3170,2014-06-24,438000.0,0.0742958102026009,10.929604745016126,False,False,False
3249,2014-06-24,675000.0,0.07261721068775906,22.91333041737344,False,False,False
3250,2014-06-24,396500.0,0.07322728256976357,9.04292305112531,False,False,False
3240,2014-06-24,850000.0,0.09385381472276139,10.244736228070675,False,False,False
3228,2014-06-24,425000.0,0.13782620838462095,2.0670024255358497,False,False,False
3256,2014-06-24,218000.0,0.11442559609824976,3.3643780107072074,False,False,False
3198,2014-06-24,620000.0,0.1197366936648161,12.038508046466937,False,False,False
3214,2014-06-24,258000.0,0.08091690918806033,11.067000591176956,False,False,False
3266,2014-06-24,631500.0,0.053161004518671895,8.983307351850009,False,False,False
4332,2014-06-24,236000.0,0.13689790790361267,3.0319786012170638,False,False,False
3244,2014-06-24,970000.0,0.01493832269332096,11.132650099749544,False,False,False
3255,2014-06-24,589950.0,0.13275012063481179,4.403642386100922,False,False,False
3269,2014-06-24,415000.0,0.1330574338819231,3.116922336651512,False,False,False
3247,2014-06-24,289000.0,0.055978869621361005,16.77776735603385,False,False,False
4532,2014-06-24,234975.0,0.13722567476272457,2.7212304014935476,False,False,False
3174,2014-06-24,405000.0,0.07647996458487488,11.930170511732152,False,False,False
3241,2014-06-24,420000.0,0.1371576835844981,3.183065776498938,False,False,False
3215,2014-06-24,455000.0,0.009934819137815465,22.80602709149966,False,False,False
3184,2014-06-24,530000.0,0.0077304767329067214,16.65379949866154,False,False,False
3182,2014-06-24,300000.0,0.10069863536640838,13.669887629876298,False,False,False
3178,2014-06-24,819000.0,-0.05117186950316133,36.979542886004225,False,False,False
3205,2014-06-24,615000.0,0.07146472027556738,6.9770932988383825,False,False,False
4538,2014-06-24,171758.33,0.09374048487321135,8.238576399672889,False,False,False
3233,2014-06-24,194000.0,0.1009792197339337,6.587409840975768,False,False,False
3189,2014-06-24,314900.0,0.059051754113928434,14.271392765237472,False,False,False
3218,2014-06-24,319000.0,0.10026656699310443,4.627187687877792,False,False,False
3219,2014-06-24,510000.0,0.06605523170357136,13.695689965675777,False,False,False
3264,2014-06-24,425000.0,0.08880186141700941,5.8352403323836795,False,False,False
3262,2014-06-24,850000.0,0.05502937199634028,15.987628141900984,False,False,False
3232,2014-06-24,502000.0,0.11449551137226865,6.446585621958965,False,False,False
3234,2014-06-24,305000.0,0.10076030061805463,3.8232870122050424,False,False,False
3251,2014-06-24,362500.0,0.10913804151202672,6.108801329129993,False,False,False
3212,2014-06-24,358000.0,0.020171196723638152,19.892866811883998,False,False,False
3274,2014-06-24,395000.0,0.11859999503234897,5.283442217492917,False,False,False
3192,2014-06-24,535000.0,0.13627001021677332,2.4935875681385236,False,False,False
3185,2014-06-24,379000.0,0.12793328018555294,11.75911270634774,False,False,False
3236,2014-06-24,575000.0,0.06498154239381676,12.270846802590796,False,False,False
3265,2014-06-24,210000.0,0.09625505286001829,4.720566143410871,False,False,False
3209,2014-06-24,455000.0,0.13240690261155802,5.336617590994561,False,False,False
3188,2014-06-24,380000.0,0.09241291692589942,6.367950403607247,False,False,False
3199,2014-06-24,665000.0,-0.0031968899109023896,22.15013594151578,False,False,False
3211,2014-06-24,485000.0,0.034863856285347994,14.343577406534445,False,False,False
3187,2014-06-24,660000.0,-0.030842623875885766,32.6706137622739,False,False,False
3226,2014-06-24,336500.0,0.08950085093001903,7.872093139422444,False,False,False
4530,2014-06-24,542500.0,-0.11899298247724666,10.402849893942578,True,False,False
3243,2014-06-24,317000.0,0.06303446838800975,12.67370216798188,False,False,False
3175,2014-06-24,880000.0,0.043470565019137763,11.507500154088143,False,False,False
3227,2014-06-24,230000.0,0.1001214010218976,4.975183447578605,False,False,False
3246,2014-06-24,683500.0,0.06514291925904231,26.338631629782082,False,False,False
3171,2014-06-24,687500.0,0.06995765049843422,7.8906616252320365,False,False,False
3252,2014-06-24,395000.0,0.03549141218358648,14.272774670812867,False,False,False
3186,2014-06-24,615000.0,0.06038153608982083,20.204219795064887,False,False,False
3260,2014-06-24,845000.0,0.04743600483226584,16.30302819161033,False,False,False
3224,2014-06-24,139000.0,0.07364223276265652,7.033917813403448,False,False,False
3229,2014-06-24,300000.0,0.07876603333454918,5.907903400209313,False,False,False
3204,2014-06-24,339000.0,0.07539058970874879,14.666578923676688,False,False,False
4319,2014-06-24,342500.0,0.09521342471018196,6.137129957820231,False,False,False
3213,2014-06-24,339000.0,0.05800627878491693,6.127895003613766,False,False,False
3181,2014-06-24,762500.0,0.09464598085190501,5.194763408364057,False,False,False
3268,2014-06-24,575000.0,0.062251193773919244,8.779333687060264,False,False,False
4533,2014-06-24,672500.0,0.10800772006006104,3.8692128674323976,False,False,False
3216,2014-06-24,437000.0,0.10756274985928349,5.713818710376661,False,False,False
3258,2014-06-24,350000.0,0.05770586481754264,7.955750290274939,False,False,False
3191,2014-06-24,225000.0,0.12195332849160057,3.7034362110175745,False,False,False
3397,2014-06-25,309620.0,0.1264518859445961,3.299156134162809,False,False,False
3396,2014-06-25,425000.0,0.052573306340575054,10.879322685241574,False,False,False
3326,2014-06-25,315000.0,0.00333085269391431,15.753410274120528,False,False,False
3351,2014-06-25,270000.0,0.06351993805936351,16.323802581521374,False,False,False
4544,2014-06-25,360500.0,0.04375443425988407,17.39728917591541,False,False,False
4542,2014-06-25,216000.0,0.13122472927253293,3.7623449577835193,False,False,False
3305,2014-06-25,276000.0,0.08555079555770362,7.414323472448267,False,False,False
3343,2014-06-25,283000.0,0.1004809350816987,5.636808169851073,False,False,False
3299,2014-06-25,308000.0,0.0764322297197847,8.082345262619667,False,False,False
3387,2014-06-25,519000.0,0.023107382215881933,13.891009128194897,False,False,False
3394,2014-06-25,328423.0,0.11982709431599459,3.662939883278303,False,False,False
3377,2014-06-25,255950.0,0.12978004762376055,2.5020572657781273,False,False,False
3280,2014-06-25,390000.0,0.1429962114574045,1.825516073330222,False,False,False
3385,2014-06-25,585000.0,0.07861904301973816,9.80694498353577,False,False,False
3325,2014-06-25,152000.0,0.06973685715142774,8.078320993556005,False,False,False
3294,2014-06-25,739900.0,0.09408971254505061,8.386809503161484,False,False,False
3398,2014-06-25,260000.0,0.09803427720283991,8.537540064515518,False,False,False
3369,2014-06-25,1330000.0,-0.04009203807106998,19.33226931865002,False,False,False
3371,2014-06-25,280000.0,0.03904837013176582,36.98180903902813,False,False,False
3366,2014-06-25,280000.0,0.12070143966251806,3.91994705537777,False,False,False
3293,2014-06-25,409900.0,0.08441227560288139,8.24145971892983,False,False,False
3380,2014-06-25,595888.0,0.08503651095104497,10.307081803657805,False,False,False
3337,2014-06-25,505000.0,0.03712814982125473,3.407064685987228,False,False,False
3376,2014-06-25,150000.0,0.09761896719154156,5.658355897606147,False,False,False
3322,2014-06-25,725000.0,0.10756024526113195,4.993657462339551,False,False,False
3374,2014-06-25,625000.0,0.0597532116430286,10.496817101002335,False,False,False
3287,2014-06-25,1229000.0,0.05717694528272926,17.248335525342014,False,False,False
3363,2014-06-25,913888.0,0.06515564579322936,9.202022850415839,False,False,False
3284,2014-06-25,995000.0,-0.12661649982086032,51.88998416307638,True,True,True
3306,2014-06-25,725000.0,0.1413711355286063,3.3186926626149083,False,False,False
3354,2014-06-25,1140000.0,-0.030417010295166746,32.75215178015814,False,False,False
3353,2014-06-25,349000.0,0.10063896145658746,4.178893301503328,False,False,False
3282,2014-06-25,1200000.0,0.09608752399115517,17.551667481821266,False,False,False
3338,2014-06-25,1355000.0,-0.02559359455745347,26.73410787443124,False,False,False
3320,2014-06-25,450000.0,0.08921393466158767,9.521159884128421,False,False,False
3390,2014-06-25,1280000.0,0.007405678109798031,8.752596831409443,False,False,False
3283,2014-06-25,276900.0,0.10744609917140419,4.558326132651658,False,False,False
3382,2014-06-25,299900.0,0.1050059929775159,5.826131253077424,False,False,False
3277,2014-06-25,400000.0,0.10236645957323726,4.831450436063336,False,False,False
3278,2014-06-25,365500.0,0.1089021850420151,4.847717075039917,False,False,False
3276,2014-06-25,890000.0,-0.022356152172795185,60.625227456555656,False,True,False
4541,2014-06-25,375000.0,0.08892470346847459,6.710437495057833,False,False,False
3312,2014-06-25,589950.0,-0.04075986312388402,15.230935406998537,False,False,False
3386,2014-06-25,383000.0,0.12019559633069604,3.337987966887386,False,False,False
3291,2014-06-25,270000.0,0.07707009413963972,10.919586333510056,False,False,False
3368,2014-06-25,260000.0,0.1042367109278175,5.573340669992977,False,False,False
3319,2014-06-25,286000.0,0.05762470862170882,6.362511447361406,False,False,False
3321,2014-06-25,870000.0,0.011948061879125504,18.945456420392738,False,False,False
3334,2014-06-25,200000.0,0.074074725511663,5.044808118123908,False,False,False
3316,2014-06-25,565000.0,0.07923672439569451,13.7460760115049,False,False,False
3378,2014-06-25,246500.0,0.13465443792768927,3.5161835693300856,False,False,False
3308,2014-06-25,205000.0,0.1146422129075676,4.572171519446957,False,False,False
3317,2014-06-25,500000.0,0.07413448911045939,13.58352744909783,False,False,False
3358,2014-06-25,531500.0,0.024300627170063593,11.500227414185439,False,False,False
3311,2014-06-25,386000.0,0.02422848704529884,21.602917703687588,False,False,False
3345,2014-06-25,530000.0,0.07129667625113595,15.583676410124959,False,False,False
3341,2014-06-25,770000.0,0.12255693822553904,6.9003123193475755,False,False,False
3355,2014-06-25,320000.0,0.14104022167687158,2.9207459347386373,False,False,False
3347,2014-06-25,1005000.0,-0.03365685858606571,50.77665230136765,False,True,False
3315,2014-06-25,690500.0,-0.01909102973184662,16.354534849826358,False,False,False
3307,2014-06-25,285000.0,0.11581233699033455,5.803100468137337,False,False,False
3346,2014-06-25,440000.0,0.10210624769020604,4.803131202497216,False,False,False
3389,2014-06-25,578000.0,0.14145006450781322,2.2675217489522304,False,False,False
3342,2014-06-25,245700.0,0.11110385401634881,5.712717277014274,False,False,False
3279,2014-06-25,245000.0,0.11424815880525352,5.362242988688028,False,False,False
3330,2014-06-25,249000.0,0.13147873138451227,2.778892822666467,False,False,False
3336,2014-06-25,305000.0,0.020660836188149567,28.909461583688977,False,False,False
3281,2014-06-25,196500.0,0.11667519495883094,4.762504269512239,False,False,False
3359,2014-06-25,1150000.0,0.06853167307180441,14.077964074199134,False,False,False
3392,2014-06-25,364000.0,0.12131711532571604,4.031058323949018,False,False,False
3372,2014-06-25,205000.0,0.11693860065736589,4.501905878070094,False,False,False
3340,2014-06-25,299950.0,-0.008222539580540422,4.95304573373235,False,False,False
3383,2014-06-25,200000.0,0.11187809159986822,6.742167800576933,False,False,False
3292,2014-06-25,235000.0,0.1006744225428805,6.789539424646307,False,False,False
3329,2014-06-25,233000.0,0.09066404612406043,4.385851370568722,False,False,False
3303,2014-06-25,750000.0,0.025178908529506994,15.871405274670675,False,False,False
3301,2014-06-25,762000.0,0.1025106814978678,6.84671924397525,False,False,False
3367,2014-06-25,557500.0,0.11132510819014568,4.372557191265928,False,False,False
3399,2014-06-25,563500.0,0.03856051896091728,23.4045825983053,False,False,False
3400,2014-06-25,975000.0,0.08662123360925328,7.193538520820076,False,False,False
3373,2014-06-25,957000.0,0.017567707756538042,7.853806787641717,False,False,False
3375,2014-06-25,680000.0,0.010694092283086098,17.19403608258546,False,False,False
3300,2014-06-25,905000.0,-0.041757147479058454,17.796879793999754,False,False,False
3393,2014-06-25,240000.0,0.10736025744770145,4.3724731538846315,False,False,False
3352,2014-06-25,435000.0,0.05030432210640928,5.799423115205926,False,False,False
3333,2014-06-25,860000.0,-0.0466741069406067,9.701648212399698,False,False,False
3348,2014-06-25,599990.0,0.10095837074085767,8.05863636669806,False,False,False
3349,2014-06-25,544000.0,0.13136074582648466,2.913660323761944,False,False,False
3362,2014-06-25,744500.0,0.08068951785640188,6.680946401341744,False,False,False
4320,2014-06-25,299950.0,0.14001899917652277,2.3701679186777107,False,False,False
3391,2014-06-25,395000.0,0.04275179911563659,13.64956449521421,False,False,False
3286,2014-06-25,505000.0,0.10993711168500597,3.943025721939674,False,False,False
3302,2014-06-25,356000.0,0.07442762507959771,11.073497969568262,False,False,False
3384,2014-06-25,346500.0,0.09017454592985347,4.246851319035194,False,False,False
3357,2014-06-25,594000.0,0.05973160922188414,17.649635957440662,False,False,False
3285,2014-06-25,2300000.0,0.10237914758653732,7.532006759204596,False,False,False
3296,2014-06-25,381500.0,0.021622255252095435,11.528254029770343,False,False,False
3365,2014-06-25,346500.0,0.0758073899560412,8.647503307064722,False,False,False
3323,2014-06-25,275000.0,0.06646910771581777,6.3329507721497365,False,False,False
3297,2014-06-25,562100.0,-0.0034612764764725412,25.67506743169355,False,False,False
3290,2014-06-25,800000.0,0.0937841461148195,12.345501024041134,False,False,False
3318,2014-06-25,330000.0,0.02727085179064992,18.017247114467285,False,False,False
3324,2014-06-25,645000.0,-0.0018039692420270814,11.560699240913248,False,False,False
3335,2014-06-25,402000.0,0.024113073541831342,27.920522161409085,False,False,False
3313,2014-06-25,575000.0,0.055380429073012216,10.525235932714974,False,False,False
3356,2014-06-25,804100.0,0.13340020376944162,3.851196786993561,False,False,False
3314,2014-06-25,574000.0,0.1420769216793481,2.704106620564559,False,False,False
3388,2014-06-25,410000.0,0.07623208713346652,9.384671168951705,False,False,False
3339,2014-06-25,482000.0,0.14236299504910177,2.6603047477386315,False,False,False
4540,2014-06-25,190368.75,0.10189567389959653,5.353425940301764,False,False,False
3304,2014-06-25,418800.0,0.10628090618034058,3.643437300761826,False,False,False
3310,2014-06-25,657000.0,0.06305982374978641,8.884405316481661,False,False,False
3327,2014-06-25,190000.0,-0.00506436182287251,17.3464653286803,False,False,False
3288,2014-06-25,352000.0,0.05290229938183327,11.341342492300818,False,False,False
3370,2014-06-25,640000.0,0.06745430102238464,7.1173932139028295,False,False,False
3364,2014-06-25,760000.0,0.03870233424026065,23.733714591091655,False,False,False
3360,2014-06-25,374500.0,0.1270470844580886,6.368994051619121,False,False,False
3289,2014-06-25,597326.0,0.035538645804999214,15.714846628303897,False,False,False
3381,2014-06-25,454000.0,0.07646357657613007,10.249448672599872,False,False,False
3332,2014-06-25,265950.0,0.11275427659938658,3.2206652870260037,False,False,False
3298,2014-06-25,740000.0,0.13815608900655135,2.9411974015244424,False,False,False
3395,2014-06-25,594000.0,0.13356984314303127,3.61633584349901,False,False,False
3379,2014-06-25,450000.0,0.04306981365286233,7.987084140376856,False,False,False
3344,2014-06-25,650000.0,0.07887427025143451,13.63975405211868,False,False,False
3309,2014-06-25,583000.0,0.1345354214456777,2.7244536496046403,False,False,False
3328,2014-06-25,700000.0,0.14026984456359742,3.5176829216246017,False,False,False
3331,2014-06-25,310000.0,0.09845843465767434,5.098043091036065,False,False,False
3350,2014-06-25,1700000.0,-0.03854772966098752,21.68854312691875,False,False,False
3295,2014-06-25,608000.0,0.13881447738277736,3.715272681375705,False,False,False
3361,2014-06-25,450000.0,0.0391249501484397,9.653386515413656,False,False,False
