meta_source_row_id,meta_sale_date,price,leverage,studentized_residual,cooks_distance,high_leverage_2p_n,cooks_over_4_n
24,2014-05-02,612500.0,0.04602477881521061,0.2804582955653776,3.1623501137331975e-05,False,False
28,2014-05-02,698000.0,0.02333746181292451,-0.0076915988892986425,1.1780428848153173e-08,False,False
18,2014-05-02,367500.0,0.018261858146881867,-0.5456389517160987,4.615075247301079e-05,False,False
4310,2014-05-02,436110.0,0.015323204502875859,-0.9547251156445166,0.0001182037740699039,False,False
43,2014-05-02,308500.0,0.02783158260526719,0.8090565121203432,0.000156161101680703,False,False
4340,2014-05-02,440000.0,0.01609833747393824,-0.6891161531574448,6.474898235043091e-05,False,False
20,2014-05-02,275000.0,0.027764588705476802,0.15531106319707202,5.740415766891832e-06,False,False
62,2014-05-02,459990.0,0.03910975809674476,-0.19399312658087997,1.2764469968416768e-05,False,False
16,2014-05-02,242500.0,0.025334705610120134,0.492162301916756,5.246815635784155e-05,False,False
31,2014-05-02,382500.0,0.01473900198108935,-0.22681336105542582,6.413170826838843e-06,False,False
17,2014-05-02,419000.0,0.03352269121199508,-0.6781540236846081,0.0001329298927599942,False,False
50,2014-05-02,838000.0,0.01444386065044495,-0.4278449781460007,2.235597183243615e-05,False,False
46,2014-05-02,315000.0,0.027924102814649347,0.0958959559940673,2.2013971178113295e-06,False,False
19,2014-05-02,257950.0,0.028028050037149643,0.6691978906754931,0.00010761356851267445,False,False
34,2014-05-02,625000.0,0.047117377086382195,0.24713297758265032,2.5166444138084918e-05,False,False
39,2014-05-02,403000.0,0.0573090375217202,-0.6983329642064557,0.00024705725468153006,False,False
13,2014-05-02,588500.0,0.018020396672475972,0.08363880171523773,1.069784343453693e-06,False,False
1,2014-05-02,313000.0,0.023927047284329206,0.051947272762564486,5.512531539394543e-07,False,False
55,2014-05-02,470000.0,0.04635934597657293,0.35915650086382545,5.2256312588470295e-05,False,False
32,2014-05-02,499950.0,0.02676053517658915,-0.5069326553710771,5.888360271482858e-05,False,False
42,2014-05-02,260000.0,0.04695704155584013,-0.10208112172520313,4.278562412572676e-06,False,False
25,2014-05-02,495000.0,0.01610623848074136,1.2939449298976031,0.00022840008373028602,False,False
38,2014-05-02,287200.0,0.02110007151167794,-0.3308295206584882,1.9659519351859003e-05,False,False
29,2014-05-02,675000.0,0.022958485012842034,-0.31655882071965297,1.9622656505883378e-05,False,False
8,2014-05-02,482000.0,0.01766762958011407,0.6442775791609918,6.221349793962293e-05,False,False
14,2014-05-02,365000.0,0.021639071231860846,1.4957647602920456,0.00041236791243134024,False,False
47,2014-05-02,437500.0,0.016557785314865486,-0.5344896883163868,4.00821322423047e-05,False,False
7,2014-05-02,335000.0,0.016579946723618455,-0.8493844468709816,0.0001013611276403389,False,False
3,2014-05-02,342000.0,0.025091175644735286,0.5621454163570268,6.777555940733958e-05,False,False
49,2014-05-02,445700.0,0.02666248116016348,-0.10689262990918821,2.608262970903713e-06,False,False
51,2014-05-02,630000.0,0.016596658433943395,-0.10760998546623798,1.62859417038311e-06,False,False
26,2014-05-02,285000.0,0.032482312165372895,-0.28620414893612456,2.2917045482736112e-05,False,False
64,2014-05-02,300000.0,0.025872481660212887,-0.824040295240729,0.00015029271426134793,False,False
36,2014-05-02,604000.0,0.024255826620935172,0.8326787933814437,0.00014363288224499392,False,False
23,2014-05-02,626000.0,0.036739011181173925,1.2737793879045534,0.0005156923380831899,False,False
21,2014-05-02,750000.0,0.015156649173564268,-0.11085898935767197,1.5761466569321598e-06,False,False
54,2014-05-02,284000.0,0.016480046714296925,-1.0581000685456163,0.0001563318625944992,False,False
30,2014-05-02,790000.0,0.014478252047355922,0.4011417279137469,1.969991517216978e-05,False,False
59,2014-05-02,385000.0,0.0248667661068927,-1.2674299787780987,0.0003413674092115604,False,False
61,2014-05-02,555000.0,0.025971117807080023,-0.5447250416943787,6.593139167249118e-05,False,False
15,2014-05-02,1200000.0,0.029234251658714905,0.6325355385441896,0.0001004074996947999,False,False
40,2014-05-02,750000.0,0.031719954469578815,-0.05757019202898137,9.047856071170282e-07,False,False
57,2014-05-02,491500.0,0.029915734020148015,1.2949808556357802,0.00043095870015792117,False,False
12,2014-05-02,1400000.0,0.03369900699685488,1.3803214830730854,0.0005537119884234377,False,False
22,2014-05-02,435000.0,0.017436679381523212,-0.01240077203700183,2.274151724302808e-08,False,False
52,2014-05-02,550000.0,0.019858472547043107,-1.0501617758414832,0.00018620366203708855,False,False
56,2014-05-02,430000.0,0.016422558432729883,-0.5513672972049989,4.2299284114781204e-05,False,False
48,2014-05-02,407500.0,0.015642792920685433,0.11610003514736088,1.785027976567426e-06,False,False
44,2014-05-02,439950.0,0.027392113139433155,-0.9787311527659054,0.00022481916364974186,False,False
41,2014-05-02,335000.0,0.01647476127142311,-0.2262735660833237,7.146938053905276e-06,False,False
9,2014-05-02,452500.0,0.03130052762593481,-0.05503530997556636,8.155755224119587e-07,False,False
37,2014-05-02,440000.0,0.028969686104836884,0.3616168122776501,3.2510749543692107e-05,False,False
35,2014-05-02,400000.0,0.020298985207407336,-0.5554695792639797,5.327458582241386e-05,False,False
4353,2014-05-02,237227.86,0.025912890070864003,-0.9556924511123049,0.00020247579898835497,False,False
6,2014-05-02,490000.0,0.013594526779357435,0.9484149902341132,0.00010330567849320211,False,False
60,2014-05-02,295000.0,0.027895514642147817,-0.1698108353207288,6.895582863429926e-06,False,False
53,2014-05-02,805000.0,0.014073634073383856,0.33976164565955697,1.3731855699293017e-05,False,False
10,2014-05-02,640000.0,0.01321965419939708,0.9326801366588574,9.711444072484715e-05,False,False
2,2014-05-02,2384000.0,0.06818501366182073,0.8746908793900765,0.0004665381802125469,True,False
33,2014-05-02,650000.0,0.033044197821403776,-0.1211325875579382,4.178585881651086e-06,False,False
58,2014-05-02,785000.0,0.026497476006653135,-0.12985150069565543,3.824548088545193e-06,False,False
45,2014-05-02,235000.0,0.06281378498683746,0.2403540901207179,3.2266425713411706e-05,False,False
27,2014-05-02,615000.0,0.022925760318425553,0.2597155591790701,1.3188969835342221e-05,False,False
4,2014-05-02,420000.0,0.027014851205923618,-0.7145794768518331,0.00011814523216386065,False,False
5,2014-05-02,550000.0,0.012352194778192882,0.1595018770990425,2.6515045648140897e-06,False,False
63,2014-05-02,625000.0,0.02306388695698891,0.7946360888822708,0.00012422861995248674,False,False
11,2014-05-02,463000.0,0.04296340384572939,0.8819425513908874,0.0002909842508121484,False,False
67,2014-05-03,379880.0,0.016628847445487455,-0.45495495167123967,2.9167568831809845e-05,False,False
65,2014-05-03,625000.0,0.020572065282609686,0.7575755738108071,0.00010045604784734587,False,False
68,2014-05-03,310000.0,0.024270694599022168,0.49514882822188044,5.082099009989418e-05,False,False
66,2014-05-03,553000.0,0.012987777409864038,1.4674964115261706,0.00023614848078157023,False,False
69,2014-05-04,775000.0,0.025277087284508448,0.5655541522649773,6.912147507493424e-05,False,False
70,2014-05-04,365000.0,0.019750888820567802,-0.28947019970609084,1.4069435167825865e-05,False,False
72,2014-05-04,783500.0,0.02847401498423477,-0.18062014566238704,7.967928321435736e-06,False,False
73,2014-05-04,628000.0,0.0411925948105257,-0.030305994010876355,3.2882406242201703e-07,False,False
71,2014-05-04,331950.0,0.02513195097121915,-0.8115417145453502,0.00014148839409005413,False,False
115,2014-05-05,740000.0,0.04422508701560626,-0.006351446419172186,1.555525376362954e-08,False,False
102,2014-05-05,570000.0,0.012414957807272198,0.3192567308060108,1.067750104546547e-05,False,False
88,2014-05-05,620000.0,0.01871535856724904,1.1383717038518941,0.00020596341721700685,False,False
98,2014-05-05,384900.0,0.018253271588101472,0.6058959162094042,5.687953765359761e-05,False,False
91,2014-05-05,800866.0,0.02014211217484707,-0.44379260059020464,3.3738112731969824e-05,False,False
77,2014-05-05,831000.0,0.024245446021498085,-0.13311228482661852,3.6689738884923714e-06,False,False
143,2014-05-05,830000.0,0.013584385695042445,-0.28780683676035357,9.506070525764717e-06,False,False
93,2014-05-05,823000.0,0.0424001250900124,0.1399056730407455,7.222249064242228e-06,False,False
104,2014-05-05,328000.0,0.01728228532842857,-0.1123838639782559,1.8509686365652413e-06,False,False
79,2014-05-05,755000.0,0.04801857179133889,0.5214888428162584,0.00011431140405178636,False,False
150,2014-05-05,419190.0,0.040103229595032014,-0.21745712445954357,1.646345018110205e-05,False,False
118,2014-05-05,206000.0,0.05734031079137655,0.9278979439329531,0.0004364397370827922,False,False
92,2014-05-05,650000.0,0.03888986585547835,0.06885139422491197,1.5984811549750627e-06,False,False
114,2014-05-05,525888.0,0.022542000937281703,-0.3708664359246092,2.6433104554483495e-05,False,False
142,2014-05-05,340000.0,0.01976223405863814,-0.32816008830431154,1.8092345876399623e-05,False,False
138,2014-05-05,487585.0,0.014808086783214769,0.28783027220215535,1.0376951892590194e-05,False,False
75,2014-05-05,900000.0,0.02793832407565744,2.6114389290112685,0.0016333717174279703,False,True
105,2014-05-05,435000.0,0.028666651382925762,-0.06573221228315938,1.062634514309252e-06,False,False
128,2014-05-05,329950.0,0.023639256421724375,-2.550212633856028e-06,1.3121849185363824e-15,False,False
76,2014-05-05,531000.0,0.0259179359547754,0.5377657320881605,6.41224146689627e-05,False,False
116,2014-05-05,340000.0,0.02429455109568668,0.44789330046498615,4.162536311944478e-05,False,False
85,2014-05-05,485000.0,0.015405097207920715,-0.22663978071549565,6.697271368254621e-06,False,False
145,2014-05-05,366750.0,0.018050259513478384,-0.3301097792151166,1.6692820552506444e-05,False,False
130,2014-05-05,549000.0,0.014856867251406058,0.3236175233541029,1.3161661657465947e-05,False,False
121,2014-05-05,379950.0,0.026105748624963176,-0.1831486029105146,7.492906680035062e-06,False,False
151,2014-05-05,712198.0,0.023388304206549693,0.3290035127261758,2.1602133051176807e-05,False,False
101,2014-05-05,736500.0,0.026851807385541937,0.05009766592415969,5.770962888216043e-07,False,False
82,2014-05-05,865000.0,0.01702664789955577,0.10108172517861407,1.4748622360288087e-06,False,False
124,2014-05-05,309950.0,0.04598724759536965,-0.24980250753685607,2.506660850645737e-05,False,False
4354,2014-05-05,117833.33,0.047007546234556954,-3.6230001441103603,0.005395523354676699,False,True
132,2014-05-05,249950.0,0.015903216595735403,-1.2029271112664113,0.00019486980097820308,False,False
120,2014-05-05,600000.0,0.020878593741823576,0.8889061223509239,0.00014040909724430246,False,False
136,2014-05-05,615000.0,0.014072398651243878,-0.15704197608014714,2.9334140067109083e-06,False,False
134,2014-05-05,1425000.0,0.027899659689353762,1.8607010692307764,0.0008280561348640412,False,False
81,2014-05-05,627000.0,0.016297746886361486,1.7951353157110026,0.00044491499010197754,False,False
4349,2014-05-05,2199900.0,0.03391376900805532,10.612478756602444,0.03294675050413738,False,True
90,2014-05-05,232000.0,0.027232340375739683,0.5208357533694771,6.328432837049037e-05,False,False
148,2014-05-05,478000.0,0.021952902523578732,-0.0906013985603728,1.5353971769527055e-06,False,False
87,2014-05-05,549000.0,0.02736342438062153,-0.7111896336731117,0.00011857945183214696,False,False
133,2014-05-05,210000.0,0.030413956725558078,-0.8828136511246906,0.00020372456655306162,False,False
86,2014-05-05,400000.0,0.07147758801192766,0.5812700385070749,0.00021674651722668425,True,False
94,2014-05-05,770000.0,0.023518211988085846,-0.7725771359252923,0.00011979608058238396,False,False
103,2014-05-05,787000.0,0.025720373614163128,0.7490327125209855,0.0001234280807691844,False,False
74,2014-05-05,560000.0,0.015482082886453918,0.4441184992484654,2.5847720277684242e-05,False,False
131,2014-05-05,800000.0,0.019257564072404948,0.30406263538808814,1.5128339037541798e-05,False,False
112,2014-05-05,309950.0,0.01630217671271038,-0.5037564153750393,3.5046432806114843e-05,False,False
78,2014-05-05,780000.0,0.022103191486260484,0.23945184260586166,1.0799833945485008e-05,False,False
84,2014-05-05,410000.0,0.015998790650463723,-0.4814808014310183,3.141002100359011e-05,False,False
107,2014-05-05,501000.0,0.028441747895583014,0.3712922462000982,3.363085830905694e-05,False,False
117,2014-05-05,398750.0,0.02296733054145922,-1.5426724390814368,0.0004661950203094898,False,False
123,2014-05-05,2280000.0,0.6498055833820741,-2.5308367374301852,0.09904241811552571,True,True
113,2014-05-05,300000.0,0.03190174421645262,0.8548406757820434,0.00020067076339612858,False,False
137,2014-05-05,618500.0,0.012140711426020107,0.5029621499116421,2.590826974668242e-05,False,False
129,2014-05-05,245000.0,0.027340817804663395,0.08535811272709831,1.7067077958473403e-06,False,False
80,2014-05-05,705380.0,0.01689005525280496,0.39851187340502847,2.2736848388023727e-05,False,False
106,2014-05-05,499000.0,0.019816826944400897,-0.5784175806881656,5.636747714009698e-05,False,False
95,2014-05-05,524000.0,0.024315236043016997,-0.08128692086012423,1.3722368140635943e-06,False,False
97,2014-05-05,670000.0,0.034776527660819234,0.18336731738417875,1.009534020656057e-05,False,False
135,2014-05-05,585000.0,0.01898297720610176,-0.05813992824453347,5.450740664868452e-07,False,False
100,2014-05-05,1395000.0,0.05230298283812082,-0.6286014724650608,0.0001817299410115678,False,False
111,2014-05-05,657100.0,0.01552506531082079,1.417536367420317,0.00026406810322291986,False,False
141,2014-05-05,555000.0,0.017278568608448425,0.8672423291854812,0.0001101988399440412,False,False
109,2014-05-05,400000.0,0.024175510314360327,0.8153967749033045,0.00013726527036633766,False,False
119,2014-05-05,1030000.0,0.02532828400118431,0.5066420024186269,5.55863990298668e-05,False,False
139,2014-05-05,509900.0,0.018011117409301114,0.7937702995849667,9.630360175702529e-05,False,False
110,2014-05-05,220000.0,0.017218487296600693,0.5684491195962006,4.717804785536324e-05,False,False
127,2014-05-05,449250.0,0.027813975618522946,0.3816683929337859,3.473000473132385e-05,False,False
96,2014-05-05,541125.0,0.016531780405215746,-0.5997671870513565,5.038989524008512e-05,False,False
4356,2014-05-05,744312.5,0.01418400365321007,0.19444879892696237,4.533485774634144e-06,False,False
147,2014-05-05,416286.0,0.018492645893806753,-0.22413957373579838,7.887898852804747e-06,False,False
149,2014-05-05,890000.0,0.01972599367267089,0.48724666327617383,3.981144161310201e-05,False,False
125,2014-05-05,600000.0,0.012865677993642743,0.3141905151974677,1.0721642447168375e-05,False,False
144,2014-05-05,890000.0,0.02038247430480064,0.18817054246225698,6.139349889139237e-06,False,False
99,2014-05-05,406100.0,0.011065851670051335,-0.6347054658095189,3.7564767180056104e-05,False,False
83,2014-05-05,580000.0,0.03863421033844436,0.5580700857778254,0.00010429887345235989,False,False
122,2014-05-05,287000.0,0.018930358276828152,-0.897821402997199,0.00012961571469971892,False,False
108,2014-05-05,1090000.0,0.021988128337318613,0.30846342741630856,1.7826671032132453e-05,False,False
126,2014-05-05,418000.0,0.013747118819033732,-1.1285945851347385,0.00014795105960906495,False,False
89,2014-05-05,405000.0,0.034457971975692586,-0.18439225839242093,1.0111664509813097e-05,False,False
140,2014-05-05,631625.0,0.03194615452010777,-1.0401492415241864,0.0002975288892148421,False,False
146,2014-05-05,415000.0,0.02973340893567783,-0.019596538710412986,9.8068858371081e-08,False,False
182,2014-05-06,460000.0,0.02697928013700468,-0.7133588269184864,0.00011758261163230814,False,False
222,2014-05-06,191000.0,0.02119796463761947,0.6925200744483072,8.65531319567751e-05,False,False
152,2014-05-06,397000.0,0.016140626229232513,0.1647505714575314,3.7107352187406003e-06,False,False
154,2014-05-06,353000.0,0.017913963960867113,0.22864112700886274,7.946385288698095e-06,False,False
183,2014-05-06,345000.0,0.01699666409151812,-0.21542400350931112,6.686758510925343e-06,False,False
209,2014-05-06,387000.0,0.04996771616117379,0.04823816220266814,1.0198854527784732e-06,False,False
195,2014-05-06,280000.0,0.02934744424565488,-0.7195165220339776,0.00013043879547364675,False,False
184,2014-05-06,455000.0,0.015062822660232955,-0.0722401271287181,6.650795427733323e-07,False,False
223,2014-05-06,500000.0,0.024586679172807047,-0.8545203097569404,0.00015338211584545378,False,False
200,2014-05-06,365000.0,0.023901379754929786,0.12073612181253936,2.974558199426252e-06,False,False
170,2014-05-06,390000.0,0.025937982344703847,-0.1741542443765943,6.730331595107599e-06,False,False
228,2014-05-06,1800000.0,0.04470960245522829,-0.25116575993300216,2.460396032856383e-05,False,False
207,2014-05-06,725126.0,0.04457089277658255,-0.2296843410600206,2.050852350722168e-05,False,False
167,2014-05-06,425000.0,1.0000000000000806,-8.189005029635155e-07,0.005588316947949605,True,True
179,2014-05-06,379900.0,0.023531228043361274,0.5682196440505554,6.483917423634273e-05,False,False
210,2014-05-06,483500.0,0.0249647483061769,-1.1349083361095271,0.00027481928174656,False,False
185,2014-05-06,610000.0,0.016888005074451873,-0.5910724028927691,5.001214424679566e-05,False,False
189,2014-05-06,404000.0,0.027276311189994018,-0.40851536934906096,3.8997044937037286e-05,False,False
198,2014-05-06,599000.0,0.015474075070844084,-0.13756134984956564,2.4785013187902915e-06,False,False
161,2014-05-06,279900.0,0.03979344413082003,0.16639068688129632,9.561447512535342e-06,False,False
229,2014-05-06,776000.0,0.012768737448719703,-0.08601205070506665,7.973819782830386e-07,False,False
211,2014-05-06,655500.0,0.03663445877897853,-0.7488213107658654,0.0001776944309430693,False,False
187,2014-05-06,612500.0,0.013590892831413931,0.5094005537417047,2.9793978089008878e-05,False,False
175,2014-05-06,362000.0,0.04760755162438857,0.16654704289633204,1.155453599571052e-05,False,False
172,2014-05-06,736000.0,0.015415822919841227,0.4125140999818678,2.220292592518631e-05,False,False
203,2014-05-06,562000.0,0.013557535352146877,-1.064853508163756,0.00012986959073727183,False,False
178,2014-05-06,367500.0,0.03378595722878497,-0.20088829463864555,1.175955535435493e-05,False,False
155,2014-05-06,609000.0,0.012699554805413737,-0.20160449183499327,4.35670672475712e-06,False,False
169,2014-05-06,250000.0,0.0241387913232754,-0.1829213083215086,6.89723172948938e-06,False,False
4361,2014-05-06,280000.0,0.04299014250499289,-1.6467186048167504,0.0010151027679422744,False,False
171,2014-05-06,475000.0,0.03440029734534733,-1.569950749307921,0.0007317384632243608,False,False
181,2014-05-06,175000.0,0.08063134465930008,0.08018283715682419,4.698895660598019e-06,True,False
220,2014-05-06,499000.0,0.022022174404601164,0.5813496283318021,6.341978160461024e-05,False,False
205,2014-05-06,525000.0,0.017507379374110538,-0.9676652733865234,0.00013904677202594514,False,False
193,2014-05-06,575000.0,0.026821393989338804,-1.0053269683185633,0.0002321251579937242,False,False
201,2014-05-06,762300.0,0.01636759995665686,-0.37501942646603176,1.9501968955821312e-05,False,False
173,2014-05-06,407000.0,0.04190361339724791,0.1388201533521348,7.02370181400588e-06,False,False
199,2014-05-06,685000.0,0.015114092868405926,-0.03687316404034581,1.7387443356711664e-07,False,False
190,2014-05-06,860000.0,0.0179380453546793,-0.09936504549897662,1.5028729112029664e-06,False,False
221,2014-05-06,1050000.0,0.035937810623856675,2.867505643545115,0.0025543116388787846,False,True
4330,2014-05-06,518000.0,0.033466882552877275,0.4144473218232489,4.956281322641302e-05,False,False
156,2014-05-06,234000.0,0.031562241176288086,0.11550491767542716,3.6233961944448895e-06,False,False
177,2014-05-06,284000.0,0.026111461847973638,-0.27568989656539805,1.6981747797293176e-05,False,False
194,2014-05-06,1225000.0,0.025293196182646915,0.8834862497013551,0.00016879052276949034,False,False
162,2014-05-06,606000.0,0.015615791191323919,0.8693720538447459,9.991471639792626e-05,False,False
163,2014-05-06,312000.0,0.027945339681178932,0.11699780516772834,3.2793886511553864e-06,False,False
216,2014-05-06,197000.0,0.02612792147536142,-0.6805271374449224,0.00010354105795093625,False,False
158,2014-05-06,469000.0,0.013617657210012124,0.3864520494602104,1.7181737986151434e-05,False,False
208,2014-05-06,360000.0,0.03075923577997869,-0.16893022761464413,7.547052275024964e-06,False,False
219,2014-05-06,295000.0,0.01651144058823284,0.23644524436201406,7.821599506084934e-06,False,False
174,2014-05-06,272000.0,0.016154924118905845,-1.3348421850719219,0.0002438129709338284,False,False
212,2014-05-06,345000.0,0.012891252202030745,-0.8134572050854219,7.201422290769132e-05,False,False
204,2014-05-06,530000.0,0.02655527423499987,-0.8108054376429285,0.00014944849761406922,False,False
191,2014-05-06,136500.0,0.01611674847247424,-1.8885123262897732,0.00048684673518860377,False,False
188,2014-05-06,218000.0,0.015457885274193839,-0.5381495821035632,3.7891391136353585e-05,False,False
4360,2014-05-06,439333.33,0.026535538652344648,-2.91866939929853,0.0019350686200063048,False,True
224,2014-05-06,390000.0,0.027372993486141223,-2.3180236114073436,0.001260173766496405,False,True
165,2014-05-06,1135000.0,0.034337008132476726,0.8347308889100588,0.00020646602040080698,False,False
153,2014-05-06,450000.0,0.027030758718915332,0.1575128373842031,5.743938595433919e-06,False,False
192,2014-05-06,313950.0,0.01332075227593682,-1.7483175901658503,0.00034388415542341695,False,False
215,2014-05-06,675000.0,0.02848548835192083,2.103676652497706,0.001081312205469717,False,False
4352,2014-05-06,7800.0,0.23669292098642353,-10.617552422530478,0.2913087709823316,True,True
206,2014-05-06,484000.0,0.029763391372411435,-1.4301634248298023,0.0005228713502435495,False,False
214,2014-05-06,385000.0,0.01811121256610626,-0.2194145993766391,7.4000562937538105e-06,False,False
180,2014-05-06,520000.0,0.017497929487294284,0.23313618939275013,8.066614990079058e-06,False,False
166,2014-05-06,325000.0,0.023279392171643792,-0.028319122041911816,1.5928673479144416e-07,False,False
202,2014-05-06,1580000.0,0.03293342395054888,0.6324733656240396,0.00011352297096222073,False,False
164,2014-05-06,650000.0,0.029637443227929355,0.27187225337148624,1.8812877712127556e-05,False,False
157,2014-05-06,561000.0,0.028864953200711807,-0.2137424783032021,1.1315966823534778e-05,False,False
225,2014-05-06,979000.0,0.030595098404761212,0.6990760124310564,0.0001285328678411429,False,False
226,2014-05-06,580000.0,0.05745220091658537,0.28537197802156417,4.136611089700518e-05,False,False
217,2014-05-06,485000.0,0.01547818590326544,-0.29211042558055067,1.1179119127337517e-05,False,False
186,2014-05-06,563000.0,0.024452284979139927,-0.5039978881047145,5.305754118039869e-05,False,False
213,2014-05-06,533000.0,0.016695377402559164,-0.2818323391878483,1.1238505552719997e-05,False,False
218,2014-05-06,1870000.0,0.024423631716239957,1.4698884214117292,0.00045075075481398224,False,False
176,2014-05-06,535000.0,0.01555536239818145,0.369321995260608,1.796047987314545e-05,False,False
168,2014-05-06,219000.0,0.021962963645280165,-0.23189164972790663,1.0062933811905844e-05,False,False
227,2014-05-06,369950.0,0.011026386590170134,-0.7780192342014567,5.624033928310466e-05,False,False
160,2014-05-06,488000.0,0.016261617089914027,-0.9001182922801926,0.00011160972624129216,False,False
197,2014-05-06,513000.0,0.022639113322612314,0.7749854158268955,0.00011593385362046152,False,False
196,2014-05-06,515000.0,0.01563078520313045,0.2865255432601349,1.086346114109977e-05,False,False
159,2014-05-06,329350.0,0.01774824578739695,-0.4310480610679607,2.797710463281295e-05,False,False
297,2014-05-07,560000.0,0.0155563999913578,0.9048967691733285,0.0001078288790874021,False,False
233,2014-05-07,510000.0,0.028199940537008195,0.18241474967293445,8.046553965787354e-06,False,False
231,2014-05-07,255000.0,0.06122976073560715,0.12786070593313234,8.885793143740605e-06,False,False
243,2014-05-07,758000.0,0.01866759776969884,0.33994101060564796,1.8318848544065934e-05,False,False
311,2014-05-07,1040000.0,0.018139181366737755,-0.17911343858338888,4.93904348997558e-06,False,False
310,2014-05-07,1532500.0,0.02249217889583166,1.1295456160560475,0.00024464570226760067,False,False
262,2014-05-07,581000.0,0.018559728440192158,-0.47766739612810194,3.595652349689113e-05,False,False
309,2014-05-07,245000.0,0.027464480686568316,-1.025291238317896,0.0002473883055449589,False,False
288,2014-05-07,239900.0,0.03146730171054091,0.19890602336969662,1.071173550408501e-05,False,False
280,2014-05-07,640000.0,0.025559254755750216,1.6111325278327135,0.0005673800186241966,False,False
272,2014-05-07,630000.0,0.0316363803393252,1.6254800268999916,0.0007193336086551801,False,False
253,2014-05-07,3200000.0,0.07599679566257647,1.3020794344479463,0.0011620251207036193,True,True
315,2014-05-07,417250.0,0.019968404673978507,0.5544127098845814,5.219013280158026e-05,False,False
277,2014-05-07,940000.0,0.04214786230509188,0.30109799037751045,3.324386787001758e-05,False,False
4364,2014-05-07,176225.0,0.02677294022533655,-3.0800313525470915,0.0021747579211880805,False,True
273,2014-05-07,900000.0,0.030733486279853086,0.11015102160557849,3.20600674289979e-06,False,False
268,2014-05-07,420000.0,0.014115953287689997,-0.30929623436043285,1.141438173088837e-05,False,False
308,2014-05-07,185000.0,0.05244709926022054,-0.14158043813635754,9.245773833745806e-06,False,False
291,2014-05-07,100000.0,0.20486824731153927,-1.613240801941569,0.005587952480989306,True,True
238,2014-05-07,249000.0,0.03191263349295689,-0.025232378413407676,1.7489734799489107e-07,False,False
292,2014-05-07,540000.0,0.09220853244923005,-1.6544954027394652,0.0023170472867384126,True,True
250,2014-05-07,415000.0,0.9999999999999889,4.902744876744691e-07,0.0020030756105371707,True,True
244,2014-05-07,248500.0,0.03464759425913605,-0.4008068312556599,4.8048096328366065e-05,False,False
254,2014-05-07,420000.0,0.025281296869029718,0.3522970564810906,2.682605632031334e-05,False,False
271,2014-05-07,492000.0,0.03123513415114959,-1.3216240014689635,0.000469309757481644,False,False
230,2014-05-07,519950.0,0.043562233278998275,0.5204349121663143,0.00010280281777490625,False,False
282,2014-05-07,300000.0,0.033051169163335586,-0.1635891004988114,7.622734914452158e-06,False,False
289,2014-05-07,314950.0,0.016482422631887206,0.9619402279391344,0.00012922717429059426,False,False
263,2014-05-07,651000.0,0.02979544981216381,1.1793254400892754,0.00035593666530261893,False,False
293,2014-05-07,480500.0,0.02337177390015576,-0.2964131667094595,1.7521695980074764e-05,False,False
276,2014-05-07,705000.0,0.033341642287286255,0.23838164768985218,1.6333466499124202e-05,False,False
303,2014-05-07,409500.0,0.022944849472938345,-0.15583683139041,4.752532623588758e-06,False,False
239,2014-05-07,310000.0,0.016162014675730862,0.0779655865086635,8.321403188515221e-07,False,False
284,2014-05-07,339950.0,0.016815386167530755,0.36243857201529234,1.8722306344013614e-05,False,False
245,2014-05-07,310000.0,0.027348540732161808,-0.0030525829592721113,2.183386498243537e-09,False,False
259,2014-05-07,230000.0,0.0821166798620189,-0.9048519123890777,0.0006104044273366893,True,False
287,2014-05-07,500000.0,0.016938247078234048,-0.05946720577199816,5.077635045599571e-07,False,False
237,2014-05-07,275000.0,0.01810928398656165,-0.16662657007219178,4.2672234886817455e-06,False,False
304,2014-05-07,690000.0,0.0227687190828349,0.5779948869235502,6.486463607063875e-05,False,False
261,2014-05-07,250000.0,0.08731606062082709,1.1234751999440709,0.0010062814329569987,True,False
269,2014-05-07,428000.0,0.018463044689801533,0.13840437645144668,3.0027215811772568e-06,False,False
257,2014-05-07,515000.0,0.04483656958560417,-0.1808834863120082,1.2798859889147857e-05,False,False
241,2014-05-07,630000.0,0.023981938246434853,0.5898944714814492,7.125147046570475e-05,False,False
306,2014-05-07,375000.0,0.016537759670442978,0.7932582367385664,8.817935562481829e-05,False,False
235,2014-05-07,253000.0,0.017039434430607042,-0.6629075058270537,6.348099236389831e-05,False,False
264,2014-05-07,600000.0,0.018739638986333185,0.0697364904768842,7.739553267125638e-07,False,False
234,2014-05-07,1150000.0,0.02088123781611545,0.022459005496810788,8.964388373585469e-08,False,False
301,2014-05-07,226500.0,0.03236184344704279,-0.32797050510789155,2.997841024930182e-05,False,False
240,2014-05-07,750000.0,0.03714314593778412,-0.6230000917981431,0.00012477050523585317,False,False
4366,2014-05-07,444845.0,0.030362771263527377,1.3365484189463577,0.00046614418740489655,False,False
252,2014-05-07,314500.0,0.03184760525298208,0.4603616119915258,5.809650621235179e-05,False,False
313,2014-05-07,495000.0,0.045983455203886366,0.987432855626904,0.00039163328559175083,False,False
300,2014-05-07,209950.0,0.030687539309354583,-0.26320037656870787,1.827637399705937e-05,False,False
249,2014-05-07,560000.0,0.025424163196727995,-1.7398262812190985,0.0006580540340158879,False,False
307,2014-05-07,794154.0,0.040032444265149514,0.0544347215469237,1.0297369995428979e-06,False,False
278,2014-05-07,313000.0,0.01663970486046401,0.31060992118206315,1.3604492662417254e-05,False,False
283,2014-05-07,379500.0,0.0231443440973344,-0.2950383526194485,1.7186608535007044e-05,False,False
265,2014-05-07,500000.0,0.025550168671053614,-0.4432229987986535,4.292374600138311e-05,False,False
255,2014-05-07,535000.0,0.01948575894291743,0.10199438630377748,1.7227994011832885e-06,False,False
286,2014-05-07,1340000.0,0.027812695062829434,0.9766437397121449,0.0002273967344661378,False,False
312,2014-05-07,425000.0,0.01729224898625789,-0.024575996755036862,8.856622514366136e-08,False,False
267,2014-05-07,352000.0,0.02529555434917785,-1.8175654426419947,0.0007144471730875467,False,False
295,2014-05-07,440000.0,0.0185260350411513,0.7978620280930303,0.00010013318828399722,False,False
248,2014-05-07,526000.0,0.03479686163141363,-0.15176316277003232,6.919470183953333e-06,False,False
247,2014-05-07,675000.0,0.047718579668144745,0.6553906810903176,0.00017936655843966105,False,False
4367,2014-05-07,330000.0,0.03006069322149299,-2.2964656065311946,0.001362050082998635,False,True
258,2014-05-07,749950.0,0.029391869575556256,-0.27558865723326,1.9165701435134104e-05,False,False
281,2014-05-07,485000.0,0.027119217257083855,0.09892899800789569,2.2734400170715043e-06,False,False
279,2014-05-07,618080.0,0.01641032508421278,1.1461354218966895,0.00018263913720302247,False,False
266,2014-05-07,475000.0,0.017396449789510215,0.9027415565074198,0.00012023417371387377,False,False
296,2014-05-07,530000.0,0.03455945433405749,-0.38507734542321814,4.423398183731929e-05,False,False
246,2014-05-07,460000.0,0.011695584639243528,-0.7199255564815558,5.111226609016869e-05,False,False
316,2014-05-07,339950.0,0.01943894803931981,0.1403038729051625,3.2520423491689e-06,False,False
294,2014-05-07,280000.0,0.026617043254249986,0.5869047015402504,7.849283290848908e-05,False,False
298,2014-05-07,775000.0,0.032349207419963805,-0.21881831493004858,1.333923981656075e-05,False,False
260,2014-05-07,568000.0,0.019613289237459225,0.651560693155584,7.077526831078854e-05,False,False
232,2014-05-07,495000.0,0.029528889755442045,-0.023930069810638464,1.4520152981051976e-07,False,False
4365,2014-05-07,500324.0,0.018771735913539395,0.2597948066703352,1.0760044581368985e-05,False,False
290,2014-05-07,361280.0,0.022994130622473657,0.9085071597884588,0.00016188077833058874,False,False
305,2014-05-07,405000.0,0.02441246259526486,0.31906523635034595,2.122868426102767e-05,False,False
251,2014-05-07,246000.0,0.03277485746402417,-0.6525091215950571,0.00012022787265928172,False,False
270,2014-05-07,599000.0,0.015341055905328166,0.10345490226605711,1.3896016653598348e-06,False,False
275,2014-05-07,575000.0,0.01343906745133891,0.3446468959057427,1.3483812871443167e-05,False,False
299,2014-05-07,160000.0,0.07868191632806862,-0.9898812661363883,0.0006973491846179834,True,False
314,2014-05-07,365000.0,0.02081995160223482,-1.1680078690866882,0.00024172827406807038,False,False
302,2014-05-07,380000.0,0.03484113754132254,0.2858539134778264,2.4581057440652208e-05,False,False
242,2014-05-07,599999.0,0.04508403411794551,-1.631600998928285,0.0010473800420995748,False,False
285,2014-05-07,1500000.0,0.039132250127258045,1.1012372577638854,0.0004115776187792681,False,False
236,2014-05-07,503000.0,0.018252659055628895,0.31833142144905496,1.5700163637852548e-05,False,False
256,2014-05-07,350000.0,0.01985783077750103,-0.47318351764000816,3.7802515649438243e-05,False,False
274,2014-05-07,1110000.0,0.09558671636067254,1.1458531424251477,0.001156397873812732,True,True
361,2014-05-08,868500.0,0.021729640718881282,2.6181405599807697,0.0012688150524983346,False,True
352,2014-05-08,716500.0,0.0168108447392558,-0.13065616422478982,2.4323777370119193e-06,False,False
368,2014-05-08,595000.0,0.019901290810534267,0.2673368361686831,1.2093382539244399e-05,False,False
341,2014-05-08,246000.0,0.025449523582175837,0.15624253706962649,5.312422866356179e-06,False,False
328,2014-05-08,402000.0,0.014500435674561718,-0.6953078381379666,5.92785563932172e-05,False,False
365,2014-05-08,229000.0,0.07717243337931609,1.6193988403545427,0.0018275448216961837,True,True
364,2014-05-08,230000.0,0.04066288511290772,-0.594135557647755,0.000124685739665586,False,False
343,2014-05-08,207000.0,0.03393784039298134,-1.5360830267532986,0.0006907601359586637,False,False
354,2014-05-08,405000.0,0.03387119637793232,0.25443822738957106,1.8913808311628426e-05,False,False
363,2014-05-08,450000.0,0.02886928552216661,0.5634711519184891,7.865393816228913e-05,False,False
345,2014-05-08,489990.0,0.026114013075129727,1.4587322462845873,0.00047548346749587764,False,False
359,2014-05-08,535000.0,0.029419091916402185,-0.27110406404946247,1.8564716816018527e-05,False,False
4348,2014-05-08,2110000.0,0.05122667724979582,9.808937228680355,0.043290877259952606,False,True
384,2014-05-08,499000.0,0.03778806726664438,0.0725102289799837,1.720684507452083e-06,False,False
4372,2014-05-08,232333.33,0.019307500049387194,-2.9476157692630887,0.001425455575914403,False,True
348,2014-05-08,385000.0,0.017166026158258962,-0.4067781621578295,2.4083722980880627e-05,False,False
4368,2014-05-08,292285.71,0.028195411338083565,-0.35783786177713667,3.095927797193622e-05,False,False
333,2014-05-08,270000.0,0.026621599050919653,-0.16620428868932238,6.295868363871016e-06,False,False
337,2014-05-08,325900.0,0.025541913786267134,-0.18226648296144277,7.2564240110318565e-06,False,False
373,2014-05-08,543200.0,0.04487570304329813,-0.10832511493010029,4.59439619283571e-06,False,False
377,2014-05-08,424500.0,0.011628507652594933,-0.32791811638114726,1.0542736393934866e-05,False,False
326,2014-05-08,753888.0,0.024026972642562178,-0.037220726513095485,2.8421675996974106e-07,False,False
372,2014-05-08,245000.0,0.17567800620961008,-0.2675639093191775,0.00012714354783046884,True,False
371,2014-05-08,297950.0,0.017126728304370675,0.8025197731174127,9.352056470339861e-05,False,False
366,2014-05-08,437000.0,0.01217486658102862,-0.0701818105992172,5.058852644228858e-07,False,False
338,2014-05-08,647500.0,0.051095093864928054,2.5618679922329775,0.0029450234589458303,False,True
351,2014-05-08,358000.0,0.027619034815785426,-0.4351676853872746,4.482332598474532e-05,False,False
322,2014-05-08,537500.0,0.0173572886088285,-0.5101458554099955,3.830837471563415e-05,False,False
346,2014-05-08,335000.0,0.05933204696783631,1.1881218849681248,0.0007419826127271822,False,False
347,2014-05-08,295000.0,0.03162527166353263,0.019440348015735905,1.0285316069887397e-07,False,False
388,2014-05-08,438000.0,0.03951111327802426,-0.3468145406711275,4.123255733290657e-05,False,False
385,2014-05-08,321950.0,0.022131613197684308,-0.02719856315809225,1.3952220867172866e-07,False,False
369,2014-05-08,660000.0,0.031361794129681514,0.7547377996058463,0.0001536916458563322,False,False
4311,2014-05-08,589900.0,0.04733496234357583,-0.9515556351837384,0.0003749116482357929,False,False
327,2014-05-08,134000.0,0.024911272103229076,-2.7146482372736935,0.0015689086133566885,False,True
331,2014-05-08,559950.0,0.018558231092585864,0.3715260123890722,2.175050014476008e-05,False,False
332,2014-05-08,260000.0,0.06639371983334114,0.4425186898284606,0.00011605002191243831,False,False
339,2014-05-08,1039000.0,0.0324288261452598,1.4049891879583414,0.000551331778113081,False,False
358,2014-05-08,636000.0,0.039558605578703804,-0.1484281561649599,7.561734832408319e-06,False,False
4342,2014-05-08,375000.0,0.07845789862410005,0.22805176283789375,3.6898364120613074e-05,True,False
334,2014-05-08,295000.0,0.02560378475913666,-1.934076801701272,0.0008190959239660219,False,False
318,2014-05-08,403000.0,0.037881985145320596,-0.091890523385132,2.7705410365131336e-06,False,False
4369,2014-05-08,160000.0,0.1331958634843664,2.3071608084562443,0.006816230181787303,True,True
336,2014-05-08,266000.0,0.03181703776829642,-0.28525557732283235,2.2283805064107467e-05,False,False
317,2014-05-08,615000.0,0.04038980799403569,0.02391888517256079,2.0066773949622397e-07,False,False
4373,2014-05-08,237333.33,0.03417046904878762,-3.943018967659063,0.004583813576126695,False,True
382,2014-05-08,988500.0,0.08297048281120767,0.527771562404951,0.00021001534482318303,True,False
344,2014-05-08,780000.0,0.0270671284859606,-0.5269983407693074,6.438675791227743e-05,False,False
320,2014-05-08,258000.0,0.015547256490805739,0.4760992576250243,2.9831332467063265e-05,False,False
378,2014-05-08,230000.0,0.2029356585836916,1.200828819415402,0.003059468198837377,True,True
356,2014-05-08,530000.0,0.027528612352775317,-0.0577977533966183,7.880398095061178e-07,False,False
370,2014-05-08,347500.0,0.015463007481935354,0.382593883695664,1.9158289302304584e-05,False,False
324,2014-05-08,712000.0,0.038587163557153165,1.4336755648430939,0.0006874695393924556,False,False
367,2014-05-08,1307000.0,0.052928816743586155,0.7989704150995393,0.00029729644300004193,False,False
376,2014-05-08,330000.0,0.07983689820671433,0.2564809750065952,4.756285408186075e-05,True,False
383,2014-05-08,500000.0,0.0187130450913712,0.3615412214993998,2.0772216221025497e-05,False,False
335,2014-05-08,719000.0,0.04243923972970329,0.29888106267656483,3.299262005250509e-05,False,False
350,2014-05-08,235000.0,0.023666197497093144,-1.0211223383601673,0.00021062235618526045,False,False
325,2014-05-08,262000.0,0.20174114627548442,0.5212753401597092,0.0005722737885161268,True,False
4370,2014-05-08,274333.33,0.04226636933914615,-1.8922998639906907,0.001316888108890939,False,True
349,2014-05-08,350000.0,0.03975376123668645,0.27041600033522806,2.5227785754003215e-05,False,False
379,2014-05-08,930000.0,0.03778727461069878,0.05703079352465115,1.0644176229007083e-06,False,False
380,2014-05-08,349000.0,0.015606239194557281,0.24345768833363057,7.830601956061666e-06,False,False
323,2014-05-08,830000.0,0.021234777234489802,-0.6406266610309546,7.419898273348916e-05,False,False
321,2014-05-08,533000.0,0.014979206691658725,0.34048343611956516,1.469109433229885e-05,False,False
355,2014-05-08,538000.0,0.012353305427154515,0.4292263599014926,1.9203177183597474e-05,False,False
353,2014-05-08,228000.0,0.027953870509344197,-0.5275670309463755,6.670050510343088e-05,False,False
330,2014-05-08,553650.0,0.028104875675035362,-0.2692010189174205,1.7463625828454098e-05,False,False
4371,2014-05-08,537500.0,0.041651681115314976,-2.4782589838193703,0.002224443000340798,False,True
340,2014-05-08,569000.0,0.017213692346339404,-0.1096066201447919,1.753506036892944e-06,False,False
319,2014-05-08,980000.0,0.02028236574700001,0.453838953039486,3.553366275284818e-05,False,False
387,2014-05-08,441750.0,0.012268866470479062,0.4939747668259777,2.5257710463258597e-05,False,False
381,2014-05-08,835000.0,0.01598684538394779,0.8551234685492554,9.900070236044806e-05,False,False
386,2014-05-08,494000.0,0.024612842946196978,-0.002946655810266344,1.8258383381032228e-09,False,False
362,2014-05-08,530000.0,0.014782551400021604,-0.6930635853817189,6.005957004424948e-05,False,False
357,2014-05-08,1750000.0,0.02778641551559069,1.6369773279328537,0.0006382266337241574,False,False
342,2014-05-08,515000.0,0.013512423311438787,0.6361121071205683,4.618784491778702e-05,False,False
329,2014-05-08,205000.0,0.026658314896130964,-0.1528387613490908,5.331545785950139e-06,False,False
374,2014-05-08,1250000.0,0.038797948417580656,-0.7917187883340744,0.0002108408356507651,False,False
375,2014-05-08,413450.0,0.013992287749227256,-1.211107957034381,0.0001734574209456551,False,False
360,2014-05-08,1500000.0,0.031983423991903126,1.4817658648620449,0.0006045331029030947,False,False
460,2014-05-09,212000.0,0.02472147546069453,-1.4304075992720828,0.0004321993381589375,False,False
406,2014-05-09,195000.0,0.03298778279512632,0.45199632081327823,5.8077741417081334e-05,False,False
452,2014-05-09,270000.0,0.015580388653483213,-1.038565345720946,0.0001422605352244647,False,False
442,2014-05-09,782000.0,0.026634368877025194,-1.5613251013047924,0.0005558682137651919,False,False
457,2014-05-09,320000.0,0.04623208749112062,-0.3704249607438817,5.5426829489988985e-05,False,False
434,2014-05-09,325000.0,0.017663841808886416,-0.24481572439662608,8.980952685833448e-06,False,False
403,2014-05-09,255000.0,0.22333950550473203,3.5977183234279018,0.03101754388631299,True,True
412,2014-05-09,270000.0,0.019025604565957144,-1.7965595724407624,0.0005216543019664875,False,False
415,2014-05-09,1370000.0,0.040858054533919774,0.6156628977899399,0.00013455490001575466,False,False
419,2014-05-09,1157200.0,0.03935635395980536,-0.47657567832557945,7.754165152453885e-05,False,False
411,2014-05-09,303500.0,0.015074751110786488,-0.38556601168396865,1.8961082148632894e-05,False,False
390,2014-05-09,352000.0,0.016017315408607458,0.06543701491987446,5.808553379567277e-07,False,False
423,2014-05-09,580000.0,0.022568249543790497,0.23814012529645612,1.0911773497536032e-05,False,False
395,2014-05-09,254000.0,0.032609248602520235,-0.4210304471420385,4.979487210167741e-05,False,False
455,2014-05-09,585000.0,0.023613807803378958,-0.1671732636713793,5.6324428166680066e-06,False,False
425,2014-05-09,742500.0,0.031123691472981663,-0.32106544508091595,2.7594889075151994e-05,False,False
4374,2014-05-09,346750.0,0.02812640857980553,-1.6680224974377467,0.0006710070169056476,False,False
438,2014-05-09,330000.0,0.017300693440857995,0.13694907093387793,2.751565121563924e-06,False,False
456,2014-05-09,445000.0,0.017876948273241877,-0.10642857922654464,1.718156668178175e-06,False,False
413,2014-05-09,323000.0,0.016796806577803747,0.29791820051099505,1.2635611569263986e-05,False,False
427,2014-05-09,590000.0,0.025064995032819518,0.20657687516385925,9.14269264737677e-06,False,False
437,2014-05-09,360000.0,0.0552992034602785,1.2586392203368622,0.0007727621984817574,False,False
4376,2014-05-09,1020000.0,0.022738322834564062,1.0364880977422786,0.00020830272548625175,False,False
459,2014-05-09,557000.0,0.028093163902801865,0.07386297603651744,1.314160393070709e-06,False,False
392,2014-05-09,765000.0,0.015839441887000677,0.9204011795238548,0.0001136179648887117,False,False
389,2014-05-09,985000.0,0.028523055953208584,0.6764180596314993,0.00011194706153055684,False,False
397,2014-05-09,610000.0,0.028030753583033814,0.2577791799881732,1.596969711660253e-05,False,False
408,2014-05-09,387000.0,0.020170184370111865,0.4159978829117666,2.968658300529005e-05,False,False
444,2014-05-09,542500.0,0.03356955837381248,-1.0172842237351933,0.0002995562597332302,False,False
451,2014-05-09,225000.0,0.017649149155415215,-1.6664624429580719,0.00041578322409150243,False,False
428,2014-05-09,312000.0,0.024910428863831824,0.4930800249440022,5.1759523013957464e-05,False,False
440,2014-05-09,234950.0,0.017257561124018495,-0.8779383715455781,0.00011279413678753157,False,False
445,2014-05-09,851000.0,0.019496515831778582,-0.1395164282821011,3.2253534850882047e-06,False,False
404,2014-05-09,445000.0,0.023075596588302855,-0.374772690133047,2.764691044780844e-05,False,False
422,2014-05-09,532000.0,0.01665872280959632,-1.2467033460774346,0.00021942314540769926,False,False
391,2014-05-09,839900.0,0.050276067372492794,0.6199548676040352,0.00016955196205020582,False,False
418,2014-05-09,201500.0,0.06528081388143767,0.35465824559037634,7.320542728794168e-05,False,False
458,2014-05-09,769900.0,0.029358568482754727,-0.17042622295160717,7.32095340479452e-06,False,False
430,2014-05-09,511555.0,0.02601773709810251,0.6406751342859551,9.137196485446624e-05,False,False
443,2014-05-09,833000.0,0.01718155250419391,-0.10293237174571268,1.5435184233947455e-06,False,False
446,2014-05-09,325000.0,0.01834368494057234,0.15292439183849826,3.641659999995948e-06,False,False
449,2014-05-09,465000.0,0.016334890243487,2.244177420287743,0.0006969507409230792,False,False
396,2014-05-09,255000.0,0.053242870086369964,0.06784874521852736,2.157373145706036e-06,False,False
398,2014-05-09,920000.0,0.01832303246745272,0.5893222902917908,5.401983328474105e-05,False,False
432,2014-05-09,290000.0,0.02660612652220992,0.417552767467771,3.9713167760710465e-05,False,False
447,2014-05-09,415000.0,0.016385759043071907,-1.3248314352530157,0.00024365860809994684,False,False
394,2014-05-09,224500.0,0.02056976433173298,-0.05665534060710292,5.617670633918783e-07,False,False
417,2014-05-09,260000.0,0.016487653185658313,-0.1413433595482117,2.7909277934986226e-06,False,False
462,2014-05-09,800000.0,0.020771533146203836,0.4886478969457967,4.2208055475182336e-05,False,False
450,2014-05-09,336900.0,0.03511051858109107,-0.23977128814460905,1.7433026041277598e-05,False,False
399,2014-05-09,402500.0,0.015342886504888686,0.6898366234984799,6.179214887611502e-05,False,False
426,2014-05-09,260000.0,0.06736825539422048,0.6597923811412184,0.00026204655435630824,True,False
416,2014-05-09,280000.0,0.02669787757540233,0.14789065310646538,4.999531102287733e-06,False,False
433,2014-05-09,311100.0,0.04624686027866959,-0.12703936297492333,6.521412050659273e-06,False,False
401,2014-05-09,604000.0,0.01660289827213604,0.05230235532879265,3.8487192372777814e-07,False,False
4331,2014-05-09,525000.0,0.017808522333932486,-0.4544608655962447,3.120638487092428e-05,False,False
435,2014-05-09,491300.0,0.036877995378739814,-0.40585290480562397,5.255839221652044e-05,False,False
424,2014-05-09,463000.0,0.026197921429051113,-1.099192301535815,0.00027087083599619505,False,False
420,2014-05-09,536500.0,0.024793115749697475,0.46330343386324263,4.547619726044237e-05,False,False
402,2014-05-09,565000.0,0.04317009429329055,0.6313107348408157,0.00014984883083305134,False,False
421,2014-05-09,248000.0,0.20261769623497689,-0.1013131180787585,2.173506269605503e-05,True,False
436,2014-05-09,315000.0,0.03479461778516241,-0.4523826112231584,6.147844799154932e-05,False,False
441,2014-05-09,251000.0,0.029303082041299073,-0.20296383891590497,1.0363005808436127e-05,False,False
407,2014-05-09,275000.0,0.02146723804930098,-0.6926232729879063,8.770285192359243e-05,False,False
409,2014-05-09,490000.0,0.03530336524306213,-0.5656114399947557,9.756194863378853e-05,False,False
400,2014-05-09,280950.0,0.10016007348803369,0.3074355000745991,8.767104006874972e-05,True,False
393,2014-05-09,460000.0,0.014757060315103043,-1.0196421796856678,0.000129768970815177,False,False
463,2014-05-09,2238888.0,0.06289366228384563,0.49987282956004675,0.00013975129022973198,False,False
410,2014-05-09,505000.0,0.026278655451518335,-0.09691079524022575,2.1121828855754983e-06,False,False
439,2014-05-09,481450.0,0.012850021448270743,-0.19826353611583625,4.264078208316403e-06,False,False
448,2014-05-09,252500.0,0.019777567247076827,-0.7230440954304642,8.790155427620672e-05,False,False
464,2014-05-09,324000.0,0.01699514273261188,-0.60839510802941,5.332849569377472e-05,False,False
453,2014-05-09,1702500.0,0.030401961723846183,0.03544033930970649,3.2818926868081673e-07,False,False
461,2014-05-09,376000.0,0.011018722730932518,-0.8732098687025197,7.079444958087162e-05,False,False
414,2014-05-09,382000.0,0.012403690167743925,-1.047865768783192,0.00011492155965490997,False,False
454,2014-05-09,536000.0,0.013656300528583964,0.37381112645268066,1.6122336920586952e-05,False,False
429,2014-05-09,566000.0,0.012850331431261686,0.2330304673852467,5.89081645598873e-06,False,False
431,2014-05-09,583000.0,0.01781097141087079,-0.138637632191336,2.90451448521355e-06,False,False
405,2014-05-09,2400000.0,0.06504171702883503,2.1479147354853163,0.0026745615264387543,False,True
465,2014-05-10,549900.0,0.03434011102696949,0.10250368450192107,3.1136888354401088e-06,False,False
469,2014-05-10,394950.0,0.02557071000098604,-0.25904487710984314,1.4674429536843623e-05,False,False
467,2014-05-10,875000.0,0.015256853690997885,1.0046130778407476,0.00013030420275373563,False,False
468,2014-05-10,265000.0,0.028398476305162512,0.3859951255577874,3.629019036795671e-05,False,False
466,2014-05-10,320000.0,0.016079217780799283,-0.3033944665072824,1.2535418822801684e-05,False,False
471,2014-05-11,368000.0,0.023011600512013702,-0.33377723762900824,2.1867020143082317e-05,False,False
470,2014-05-11,842500.0,0.03193088915212808,0.7426511880080487,0.00015159789237436923,False,False
538,2014-05-12,1264000.0,0.03189274718578333,-0.7207666257631439,0.00014261872458837257,False,False
504,2014-05-12,330000.0,0.06645794186183604,0.9969296904212989,0.0005896045323727756,False,False
476,2014-05-12,490000.0,0.028426985925814607,-0.6171789619424031,9.287447080570095e-05,False,False
542,2014-05-12,1033888.0,0.034742450818735615,0.5503697335127192,9.085421574969294e-05,False,False
503,2014-05-12,751000.0,0.012522636013070798,-0.21429867480415252,4.853179262277431e-06,False,False
516,2014-05-12,315275.0,0.016604573172737613,-0.4911759992804227,3.394630904966956e-05,False,False
505,2014-05-12,465000.0,0.0184956350347405,-0.8750749071380631,0.00012025031615759737,False,False
500,2014-05-12,522000.0,0.01873043092218918,-0.3679796946051442,2.1539018115406078e-05,False,False
483,2014-05-12,1575000.0,0.026862256228828263,0.6981182196162083,0.00011211013329664395,False,False
524,2014-05-12,910000.0,0.015694922822498514,1.1580317290027988,0.00017819238095898198,False,False
523,2014-05-12,192000.0,0.057660462882940244,-0.3384953670690598,5.842448910814427e-05,False,False
4380,2014-05-12,268971.88,0.02569139506308382,-1.126895134129941,0.0002790467125616881,False,False
544,2014-05-12,1050000.0,0.020426612572541636,0.30899810535390615,1.6591656997503755e-05,False,False
518,2014-05-12,368000.0,0.023338485497118623,0.33139244174449134,2.186918242391089e-05,False,False
528,2014-05-12,300000.0,0.038128840538631886,-1.4781060631658243,0.0007217165206451564,False,False
4381,2014-05-12,642000.0,0.03564463953848296,0.17200718620512231,9.11316146757615e-06,False,False
4379,2014-05-12,238750.0,0.024988842426700797,-1.9762836385533,0.0008341686369557796,False,False
501,2014-05-12,770000.0,0.025872727906897958,1.3228792119703718,0.00038733403206705667,False,False
532,2014-05-12,211000.0,0.034765018340583154,-1.7930756295960781,0.0009649957032194808,False,False
494,2014-05-12,225000.0,0.017164812813341812,0.28761611043861307,1.2039364042943613e-05,False,False
487,2014-05-12,750000.0,0.02127269710743912,-0.21532589288061346,8.397927483645821e-06,False,False
531,2014-05-12,746000.0,0.015381663287433178,0.1220984660697046,1.940772145788162e-06,False,False
4378,2014-05-12,254000.0,0.01602042108929641,-2.8234759841376724,0.001081620206090005,False,False
477,2014-05-12,341000.0,0.026721843401633527,-0.40627319766992787,3.776456935695372e-05,False,False
540,2014-05-12,369000.0,0.0370319451157656,0.10869434120269976,3.7861452154645e-06,False,False
498,2014-05-12,335000.0,0.01732289100701101,-0.05974598678466135,5.243795714622097e-07,False,False
502,2014-05-12,499950.0,0.014253325834572589,1.0121143871713179,0.00012343230625295475,False,False
480,2014-05-12,560000.0,0.024874592356401666,1.5676920302328412,0.0005224391988098046,False,False
530,2014-05-12,110000.0,0.025648648659687516,-3.517839110458875,0.0027146859587577005,False,True
513,2014-05-12,339000.0,0.025758472173748936,0.8029763363680643,0.0001420619297533778,False,False
496,2014-05-12,950000.0,0.0371685002483195,-0.0315477329816572,3.201693941039025e-07,False,False
495,2014-05-12,647000.0,0.015195713422104462,-0.22758122393914196,6.659824360747572e-06,False,False
491,2014-05-12,410000.0,0.016579535410407548,0.6750773559227756,6.402638038817963e-05,False,False
4382,2014-05-12,571986.11,0.01923724130944182,-1.4313709367921859,0.0003348898383767678,False,False
543,2014-05-12,383000.0,0.01841236551509059,0.49253610170310547,3.792061746901519e-05,False,False
536,2014-05-12,615000.0,0.09689058647776906,-1.0266053360912744,0.0009422518615028164,True,False
489,2014-05-12,1315000.0,0.012988758688544322,1.3574489226876538,0.00020207439986722497,False,False
511,2014-05-12,265000.0,0.02050472256281821,-1.5300279164551518,0.0004083842785467393,False,False
514,2014-05-12,690000.0,0.01877867113363263,-0.1621280585267008,4.192113133258331e-06,False,False
497,2014-05-12,185000.0,0.019134353756018976,-0.9231996848019423,0.00013855248640490288,False,False
527,2014-05-12,840000.0,0.05134269434699143,-0.23763255815703332,2.546829904624406e-05,False,False
474,2014-05-12,453246.0,0.03454323804104553,-0.5095036675832565,7.740047034377783e-05,False,False
472,2014-05-12,1225000.0,0.027470710393626918,-0.2524859785397912,1.5005845993676537e-05,False,False
508,2014-05-12,302000.0,0.018769617379390688,-0.12062426326713291,2.3193833438391784e-06,False,False
4312,2014-05-12,620000.0,0.013284597328901693,0.6005997107124705,4.0471143804245116e-05,False,False
520,2014-05-12,156000.0,0.031823561711355364,-0.5276323516815642,7.625632328845373e-05,False,False
482,2014-05-12,255000.0,0.030718164545376764,-0.714184603554811,0.00013470537000281503,False,False
510,2014-05-12,201000.0,0.02583951175215604,-0.7108915609694123,0.0001117067107297495,False,False
485,2014-05-12,540000.0,0.038977222425496755,1.054466977606033,0.00037580445784777145,False,False
537,2014-05-12,630000.0,0.032171201948746786,-0.427456150283871,5.061399764941236e-05,False,False
473,2014-05-12,885000.0,0.030331326574743495,-0.5304023939738327,7.333271174294859e-05,False,False
479,2014-05-12,1200000.0,0.0708003461576299,-0.06633150792845272,2.793732604538359e-06,True,False
481,2014-05-12,900000.0,0.05263100805780885,-1.496618433654196,0.0010369634678696748,False,False
517,2014-05-12,505000.0,0.02947938524733243,-0.8497875134562201,0.00018279028196351124,False,False
512,2014-05-12,870300.0,0.018649396028350584,1.1784939132365881,0.00021994496217216832,False,False
486,2014-05-12,350000.0,0.02227086978583742,0.8090029780571852,0.00012423318475245911,False,False
484,2014-05-12,876650.0,0.027728620292667358,-0.09402227650253499,2.100975738857004e-06,False,False
499,2014-05-12,210000.0,0.022360777582780905,-1.52807912153703,0.0004450601629936796,False,False
493,2014-05-12,1015000.0,0.05121082251944051,-0.5788949489657127,0.00015073368048428124,False,False
490,2014-05-12,372500.0,0.03289526969572576,0.32655095252799876,3.0225995100327347e-05,False,False
539,2014-05-12,301500.0,0.025926238528714146,-0.2900784339556675,1.866368111745219e-05,False,False
515,2014-05-12,788000.0,0.016524373497725037,0.39077373460337134,2.1381141430470092e-05,False,False
509,2014-05-12,500000.0,0.028931848382148323,0.13983049152589155,4.854550154192883e-06,False,False
533,2014-05-12,675000.0,0.028428019775998264,0.17330361863711208,7.323280068983569e-06,False,False
525,2014-05-12,1300000.0,0.04241224764367818,0.028194182622185548,2.9339349235832344e-07,False,False
541,2014-05-12,635000.0,0.012004337764099482,0.8716679733003148,7.693148252781397e-05,False,False
492,2014-05-12,360000.0,0.024083490583457406,0.2639309501184564,1.4325380418626453e-05,False,False
522,2014-05-12,420000.0,0.021050705277280812,-0.12418912219275834,2.7637090568490507e-06,False,False
506,2014-05-12,850000.0,0.019460718523710445,0.3971645721844316,2.6088771667775525e-05,False,False
535,2014-05-12,1225000.0,0.030322004916163776,0.36576720295891946,3.486250985161667e-05,False,False
475,2014-05-12,927000.0,0.09399768959087948,-0.9817522168507947,0.0008333173210280413,True,False
507,2014-05-12,947500.0,0.019981908540465484,-0.28215805393224586,1.3527156993695817e-05,False,False
488,2014-05-12,582000.0,0.03181524107030698,-0.37584339214950363,3.868205773730888e-05,False,False
529,2014-05-12,505000.0,0.015732443555191544,-0.27465330028366924,1.0047809905247664e-05,False,False
521,2014-05-12,610000.0,0.03040261712864717,-0.41175440880922476,4.430113017324566e-05,False,False
478,2014-05-12,235000.0,0.033166548112486316,-1.0092465033880818,0.0002911802175204266,False,False
534,2014-05-12,734200.0,0.028587416162235618,-0.6375244295203408,9.967439205340673e-05,False,False
526,2014-05-12,1346400.0,0.09640348487280723,1.1941724183393385,0.0012678591588614755,True,True
519,2014-05-12,947500.0,0.0927679154418373,-0.39701096008881853,0.000134308390139809,True,False
560,2014-05-13,523000.0,0.02606028636923352,1.1290939763839822,0.0002842667364432732,False,False
563,2014-05-13,245000.0,0.035656664582454506,-1.0235077905386678,0.0003227825822529119,False,False
580,2014-05-13,350000.0,0.05417207412834406,-0.46716281599379894,0.00010416423310236205,False,False
591,2014-05-13,675000.0,0.04754569141989612,0.0713017908036269,2.1148844592499864e-06,False,False
586,2014-05-13,345000.0,0.014350041976310512,0.23865762494873033,6.91034684895023e-06,False,False
585,2014-05-13,225000.0,0.03163958855838617,-0.13300303677158096,4.8165455199159476e-06,False,False
620,2014-05-13,525000.0,0.02673433292888289,-1.0119011089885528,0.00023438663622758643,False,False
587,2014-05-13,230000.0,0.03520183730319987,-0.6509576554758311,0.00012884070578193728,False,False
566,2014-05-13,225000.0,0.03322573776305687,0.4367911940505844,5.464067495380116e-05,False,False
615,2014-05-13,322500.0,0.030792717881863167,0.4578380073254465,5.549754779447651e-05,False,False
578,2014-05-13,464000.0,0.02735361094578259,-0.48395934875803326,5.4890376292135524e-05,False,False
589,2014-05-13,90000.0,0.020088781962057434,-4.5565481420088805,0.0035469703313876417,False,True
602,2014-05-13,635000.0,0.034215925972012284,0.569018696110754,9.559167780964622e-05,False,False
551,2014-05-13,460000.0,0.023139498768769418,0.10420768834255623,2.143579898207467e-06,False,False
614,2014-05-13,319000.0,0.02755182703770522,-0.479828025740642,5.435930729489309e-05,False,False
570,2014-05-13,591000.0,0.030178575933210883,0.42626857003043567,4.7118596602538895e-05,False,False
605,2014-05-13,285000.0,0.03448122544246207,0.4448183225206893,5.888518703492894e-05,False,False
603,2014-05-13,580000.0,0.02749899373408482,0.7177677540449071,0.00012139851767559164,False,False
572,2014-05-13,475000.0,0.020143252315850846,-0.23299102374754455,9.299597205533634e-06,False,False
609,2014-05-13,405000.0,0.04345044225897904,0.10915887520595331,4.5104885417932e-06,False,False
577,2014-05-13,645000.0,0.027459919975164115,0.781616954434078,0.0001437468893567553,False,False
598,2014-05-13,1105000.0,0.054035874188051086,0.15711454753144197,1.1750573601224958e-05,False,False
600,2014-05-13,450000.0,0.03379778212005802,0.9065174553385259,0.00023954729319905388,False,False
574,2014-05-13,771000.0,0.028212957923934467,0.8249492121449716,0.00016464581473499179,False,False
594,2014-05-13,370000.0,0.02858395006189235,-0.12431932383736134,3.7897712991750435e-06,False,False
549,2014-05-13,480000.0,0.03639265266963525,-2.00580095331141,0.001266216680922602,False,True
571,2014-05-13,700000.0,0.027606325489979266,0.819937662134436,0.00015905484532164805,False,False
545,2014-05-13,455000.0,0.017457557668088652,-0.3347754218768059,1.6594266170883085e-05,False,False
558,2014-05-13,777000.0,0.020336039270450523,-0.201717592952543,7.038750130574387e-06,False,False
554,2014-05-13,449500.0,0.024552022173378873,1.1274917310612178,0.0002666420501228091,False,False
581,2014-05-13,591000.0,0.0259816509028817,-0.12461540520068516,3.451928778736486e-06,False,False
550,2014-05-13,757000.0,0.01933751457484781,-0.2780529718180501,1.2704422501459217e-05,False,False
621,2014-05-13,525000.0,0.025503056492181847,-0.5273806601441312,6.0656717535364e-05,False,False
606,2014-05-13,375000.0,0.04925682776994053,1.5133278845556222,0.0009887535292859438,False,False
607,2014-05-13,1400000.0,0.022881105049846265,0.8492034080469598,0.0001407251739964385,False,False
599,2014-05-13,450000.0,0.031971720683475646,0.33893511422860106,3.161766903001463e-05,False,False
553,2014-05-13,530000.0,0.01792608124144951,0.3983758822534818,2.4140486233839747e-05,False,False
559,2014-05-13,550000.0,0.05109954801850142,-0.7723958857056888,0.0002677287823298446,False,False
548,2014-05-13,651000.0,0.01510880811249303,0.15785174196586133,3.1853669067527887e-06,False,False
556,2014-05-13,373000.0,0.034395185268078554,0.016194447644521784,7.784832346628599e-08,False,False
567,2014-05-13,287000.0,0.03395654252544586,-0.3473692739728313,3.534503010896407e-05,False,False
4385,2014-05-13,554250.0,0.018104562501388866,1.7911984328399715,0.0004929795994645215,False,False
601,2014-05-13,530000.0,0.04799445616103981,-0.3376633301951382,4.7900290820866926e-05,False,False
579,2014-05-13,1050000.0,0.01990160247728205,0.11092376617089303,2.0820268953879305e-06,False,False
596,2014-05-13,675000.0,0.014165369061737765,-0.4785004294580603,2.7416198860992865e-05,False,False
552,2014-05-13,267345.0,0.015877102777418495,-0.5023197142825276,3.392353641001454e-05,False,False
613,2014-05-13,225000.0,0.02696652450939546,0.2090214017228945,1.0090146258225847e-05,False,False
595,2014-05-13,665000.0,0.028233556440446284,-0.025124876658013818,1.5283763896458512e-07,False,False
617,2014-05-13,465000.0,0.01241310635618681,0.06856370127527146,4.923936242346722e-07,False,False
569,2014-05-13,239950.0,0.030402272042807963,-0.5365628124641831,7.522710432918456e-05,False,False
590,2014-05-13,860000.0,0.03132260255963115,-2.172270830475875,0.001271526361741862,False,True
555,2014-05-13,289000.0,0.025186089790925237,0.40256908028192107,3.489302441635019e-05,False,False
584,2014-05-13,225000.0,0.053073148308354745,-1.551406193825451,0.0011241602245741042,False,True
588,2014-05-13,385000.0,0.03555573191569933,0.49970519868858443,7.671476799651458e-05,False,False
610,2014-05-13,413000.0,0.02483736186742358,0.9152155576101384,0.00017778452395809225,False,False
568,2014-05-13,799200.0,0.051521575446407064,1.3471383362515634,0.0008214948077204121,False,False
611,2014-05-13,287600.0,0.02649917790660609,0.09258748435496902,1.9445512813544843e-06,False,False
582,2014-05-13,2555000.0,0.13270430313653966,0.3499258221864964,0.0001561307879446632,True,False
575,2014-05-13,155000.0,0.018295698830683743,-2.490428560591649,0.0009632416197566992,False,False
592,2014-05-13,975000.0,0.025065898814410736,-0.45621688505001495,4.459328689051722e-05,False,False
564,2014-05-13,415000.0,0.045092015328743545,0.3099916061204948,3.781435905973883e-05,False,False
547,2014-05-13,625000.0,0.02837833986554955,0.011479970328686242,3.207672957878037e-08,False,False
625,2014-05-13,505000.0,0.014963802182227759,0.1395909387022558,2.4667377357351744e-06,False,False
573,2014-05-13,575000.0,0.018904833372460433,1.5924146546206506,0.0004071859675360131,False,False
597,2014-05-13,620000.0,0.01730727047415004,0.5642120727904882,4.672123793202005e-05,False,False
624,2014-05-13,650000.0,0.025710334683911984,-0.43265463497393125,4.116433552805009e-05,False,False
608,2014-05-13,560000.0,0.018260485624704836,0.4765586751407745,3.520201835933356e-05,False,False
626,2014-05-13,330000.0,0.02632811969032947,0.23454953847143817,1.2396387266989776e-05,False,False
618,2014-05-13,435000.0,0.020419800239080726,-0.16847678863502918,4.930720630013238e-06,False,False
576,2014-05-13,550000.0,0.02476493405917743,-2.180645732105343,0.0010062753933088855,False,False
583,2014-05-13,717000.0,0.013895132654832332,1.845973891512608,0.00040013768701121225,False,False
557,2014-05-13,525000.0,0.015853705545246233,-1.326527837176752,0.00023622323688107615,False,False
562,2014-05-13,581000.0,0.013008594191337153,0.5777448394916392,3.6661303196287135e-05,False,False
619,2014-05-13,502000.0,0.02813352103702199,0.43680245660859496,4.602633402069939e-05,False,False
616,2014-05-13,570000.0,0.012573192743532469,0.1754146028133422,3.2650580156268062e-06,False,False
623,2014-05-13,870000.0,0.024621903380832144,0.060495333643464065,7.698588924473632e-07,False,False
561,2014-05-13,628000.0,0.012679561073239393,0.12096896894554847,1.5660758926466467e-06,False,False
546,2014-05-13,819900.0,0.02442527143037354,0.039433960501581995,3.2444299737339746e-07,False,False
604,2014-05-13,1550000.0,0.026735608711142524,0.9484103022649715,0.0002059067207403627,False,False
593,2014-05-13,780000.0,0.020103670361510756,-0.05121879959760293,4.485106595117922e-07,False,False
565,2014-05-13,1895000.0,0.09484763903200288,2.361717857541193,0.004870568066762281,True,True
612,2014-05-13,1680000.0,0.02987627420513583,0.09249594837289003,2.195651879841738e-06,False,False
622,2014-05-13,660000.0,0.02641501905430111,0.02715300641555456,1.6669848815997694e-07,False,False
627,2014-05-14,385000.0,0.024849085630436446,0.35728546576757275,2.7107410563660045e-05,False,False
693,2014-05-14,1058000.0,0.025613130088756264,0.39922074072009023,3.4912116517019856e-05,False,False
686,2014-05-14,234000.0,0.019342084394005504,-0.1463890187731028,3.5222606358022153e-06,False,False
632,2014-05-14,800000.0,0.027063718919760837,1.4648088516510138,0.0004973747581079332,False,False
680,2014-05-14,543000.0,0.03064964367979428,-0.08079750781625013,1.7201223552896022e-06,False,False
642,2014-05-14,265000.0,0.01781485782605869,0.11110598388662334,1.865875463514939e-06,False,False
658,2014-05-14,325000.0,0.025646665178005068,-0.09106792453542621,1.8191313488602385e-06,False,False
699,2014-05-14,498000.0,0.014830698546332455,0.05007080764825666,3.1451306014602044e-07,False,False
654,2014-05-14,565000.0,0.04619056257872106,-0.2551396140210255,2.627036935307354e-05,False,False
687,2014-05-14,740000.0,0.01670048808656377,-0.05825904427677059,4.803843008876632e-07,False,False
670,2014-05-14,299000.0,0.03610548110113809,1.1062385504101293,0.0003819970042916694,False,False
676,2014-05-14,1120000.0,0.027533737281688245,0.8390353025135401,0.00016610008055017902,False,False
679,2014-05-14,305495.0,0.015922999955254147,-1.0789131134006569,0.00015695946495526933,False,False
636,2014-05-14,345000.0,0.01521333058368507,-0.7496467924043733,7.234595759762352e-05,False,False
667,2014-05-14,930000.0,0.03563273832038055,1.1299002488714371,0.0003931024065058301,False,False
704,2014-05-14,773000.0,0.017352529959309165,0.8129844451619733,9.726314069445291e-05,False,False
671,2014-05-14,511000.0,0.022465921494506158,0.814510318046218,0.00012705865823218012,False,False
659,2014-05-14,543000.0,0.024899789644765302,1.2769951244315132,0.0003470113343206166,False,False
674,2014-05-14,470000.0,0.02988588034369501,0.5607600195159985,8.072648931133757e-05,False,False
673,2014-05-14,356000.0,0.05343633916638138,0.8620579994228494,0.0003496057738083949,False,False
663,2014-05-14,316000.0,0.01807198918463466,0.19817782238099216,6.023586716382882e-06,False,False
4350,2014-05-14,188000.0,0.018890647021269358,-4.566002272922215,0.003345187134972544,False,True
656,2014-05-14,766950.0,0.026911200811303403,0.3731055949179222,3.2082106815031635e-05,False,False
695,2014-05-14,625000.0,0.013635847413757618,0.721328394778363,5.994178382628297e-05,False,False
689,2014-05-14,223000.0,0.04019563674611529,0.39938026940562565,5.566576195051456e-05,False,False
661,2014-05-14,364000.0,0.023755037743182217,-0.20512556130957726,8.532086266850297e-06,False,False
685,2014-05-14,267800.0,0.03304371456697858,0.49813058735001625,7.066220663437227e-05,False,False
664,2014-05-14,339950.0,0.022249135738796277,-0.4523259646908526,3.8797766703874706e-05,False,False
649,2014-05-14,310000.0,0.023078301684038627,0.5338028188260389,5.609505394832253e-05,False,False
683,2014-05-14,310000.0,0.024637670343524376,-0.1403316395551927,4.145372998313633e-06,False,False
641,2014-05-14,257200.0,0.04112583410563557,0.4181127777395213,6.24825485517361e-05,False,False
677,2014-05-14,458000.0,0.018069902722764236,0.776545478305372,9.247573400917741e-05,False,False
678,2014-05-14,966000.0,0.022322251665261528,0.22509672773134795,9.640496171292692e-06,False,False
653,2014-05-14,702500.0,0.01786423590729469,-0.6140254294160175,5.7148441099544425e-05,False,False
652,2014-05-14,317000.0,0.02387519380675552,0.07620711802816345,1.1837265426924763e-06,False,False
655,2014-05-14,723000.0,0.01739217813546126,0.42666428582691773,2.6851286284477086e-05,False,False
4388,2014-05-14,107500.0,0.03328967405010069,-5.8371002648542,0.009777464457667367,False,True
692,2014-05-14,253000.0,0.03284034933719293,-0.8471704692845708,0.00020308131639778097,False,False
648,2014-05-14,372977.0,0.03543597672863713,-0.6769940672098093,0.00014031426574029828,False,False
694,2014-05-14,300000.0,0.012598387341775014,-1.7924723264395999,0.0003416211870017871,False,False
682,2014-05-14,633100.0,0.016015359416220065,-0.10979418975835094,1.6350304318085639e-06,False,False
696,2014-05-14,707000.0,0.017028846123625402,-0.34618897452665576,1.730173541682904e-05,False,False
640,2014-05-14,266000.0,0.032274875095487154,-0.14575576503647042,5.904495419635894e-06,False,False
666,2014-05-14,160000.0,0.03569265493280871,-0.2499487470430775,1.927010409262652e-05,False,False
635,2014-05-14,740000.0,0.04870311371268704,-0.40444153892480694,6.978641918989793e-05,False,False
647,2014-05-14,405100.0,0.024841544746011746,-0.005632291341693961,6.734298840521365e-09,False,False
672,2014-05-14,499000.0,0.01704525481988431,0.7917071100073094,9.057697634610884e-05,False,False
688,2014-05-14,607500.0,0.027297594240827783,-0.4042708826764656,3.822152961085113e-05,False,False
651,2014-05-14,1400000.0,0.028075799550749292,2.536096310184856,0.0015482816813171976,False,True
657,2014-05-14,682000.0,0.036493187832180835,-0.5113257748170036,8.252226452345561e-05,False,False
675,2014-05-14,715000.0,0.02284711425979541,-0.07074968083057913,9.75296259598468e-07,False,False
668,2014-05-14,139000.0,0.026709354594048867,-1.2249501535091163,0.0003431440173481609,False,False
630,2014-05-14,925000.0,0.021944045720710792,0.6145617077162483,7.061594011768646e-05,False,False
628,2014-05-14,306000.0,0.027357110039365223,0.11305453810808802,2.995791297165515e-06,False,False
700,2014-05-14,450000.0,0.032758599636486474,0.4084335953118678,4.7081698274387787e-05,False,False
684,2014-05-14,349950.0,0.05663172897259833,-0.20149312749646514,2.0310367670978146e-05,False,False
631,2014-05-14,542000.0,0.01671301468620312,0.5448826523870431,4.205321664423208e-05,False,False
702,2014-05-14,215000.0,0.04912929884167905,0.6909299211945048,0.00020554449756704542,False,False
638,2014-05-14,530000.0,0.05326816341649379,0.2892040883384954,3.9216456716452376e-05,False,False
645,2014-05-14,582500.0,0.022773119239176992,0.7183540760607884,0.00010021275232124581,False,False
705,2014-05-14,1222500.0,0.024445578139905055,0.9692528333228286,0.0001961741246539221,False,False
643,2014-05-14,372220.0,0.02301895816033514,-0.2184894754917919,9.373015286340791e-06,False,False
698,2014-05-14,420000.0,0.017786617398375695,-0.1962817018822546,5.8138778093725105e-06,False,False
639,2014-05-14,155000.0,0.030320852531058706,-1.4341619417823657,0.0005359552046666899,False,False
681,2014-05-14,340000.0,0.02125240934743916,-0.08739733624806725,1.3821418353037512e-06,False,False
665,2014-05-14,486000.0,0.01655954473542115,0.7798091931309363,8.532882759696911e-05,False,False
697,2014-05-14,950000.0,0.01572018681082943,0.5955458936055201,4.7205037543355624e-05,False,False
644,2014-05-14,337500.0,0.039187903729561074,0.28543307971606124,2.7691146114648422e-05,False,False
691,2014-05-14,802000.0,0.011354795504653958,0.44392714779038756,1.8861707951539278e-05,False,False
690,2014-05-14,400000.0,0.02001132604908254,-0.2116326916788603,7.621475832172267e-06,False,False
650,2014-05-14,538000.0,0.021725102744396346,0.22581403261528865,9.43673015337671e-06,False,False
637,2014-05-14,510000.0,0.01682850909819686,-0.16374655586053238,3.824542287414702e-06,False,False
660,2014-05-14,525000.0,0.013681811772468244,-0.26946764129221557,8.393798999927744e-06,False,False
633,2014-05-14,620000.0,0.01638316460988773,-0.715295518442035,7.101688246265379e-05,False,False
701,2014-05-14,955000.0,0.0208739030388874,0.8675647259143324,0.00013371728845828996,False,False
629,2014-05-14,546000.0,0.014842036093565214,-0.3814824258560218,1.8270710497104814e-05,False,False
703,2014-05-14,437000.0,0.015024932294904314,-0.363342461121973,1.678179251414506e-05,False,False
646,2014-05-14,489200.0,0.018297226859519844,-0.32683063087680636,1.6590883487023498e-05,False,False
662,2014-05-14,394475.0,0.015035910643535183,0.27421112190571734,9.56529182652829e-06,False,False
669,2014-05-14,562000.0,0.02670918261631189,0.43381217522464643,4.303682246892651e-05,False,False
634,2014-05-14,175000.0,0.04317599142932227,-1.1271916879308552,0.0004777762570974379,False,False
714,2014-05-15,302000.0,0.01664858043501838,-0.31388389847615644,1.3900335721805223e-05,False,False
4393,2014-05-15,148612.5,0.026182258716810763,-2.340822887586644,0.0012276803137592932,False,True
764,2014-05-15,423000.0,0.015084527046500762,0.25630385735853567,8.38420283500535e-06,False,False
4389,2014-05-15,300000.0,0.025762701506390207,-1.6245856535414127,0.0005816083469434077,False,False
765,2014-05-15,839000.0,0.02603444470078281,1.2786390837812585,0.00036418279542337414,False,False
736,2014-05-15,575000.0,0.02635222153802319,-0.5243127792540812,6.200332728191297e-05,False,False
730,2014-05-15,316500.0,0.02529803603316244,-0.054997947011000047,6.542243074543767e-07,False,False
720,2014-05-15,349950.0,0.016549968308980867,-0.003381265109582425,1.603326859515749e-09,False,False
744,2014-05-15,475000.0,0.02937346617391559,-0.5711377305461012,8.226280148422531e-05,False,False
767,2014-05-15,467000.0,0.02675916706521997,0.5846169644054683,7.830939167926087e-05,False,False
713,2014-05-15,245000.0,0.03222799364957579,0.057491064182043236,9.172329827135405e-07,False,False
711,2014-05-15,185000.0,0.03302059858615089,-1.3390184763813024,0.0005102225067507598,False,False
770,2014-05-15,465000.0,0.026721508039758507,0.7717176602919451,0.00013625720297511692,False,False
776,2014-05-15,344000.0,0.019883047294281142,0.42533151140118797,3.0582917775619635e-05,False,False
752,2014-05-15,525000.0,0.0229615548744345,-0.5675681389903978,6.308765872712047e-05,False,False
709,2014-05-15,370000.0,0.017895187713679025,0.06080869473421804,5.614725591851806e-07,False,False
708,2014-05-15,252350.0,0.015897885050204563,-0.4369575196490422,2.5703743365043194e-05,False,False
749,2014-05-15,695000.0,0.029928255500701828,-1.5091522479760606,0.0005855478783768644,False,False
734,2014-05-15,280000.0,0.02898008650702541,0.038081986272765926,3.6068616096389525e-07,False,False
727,2014-05-15,395300.0,0.03426733277049371,0.013169408759501707,5.1283149519844046e-08,False,False
754,2014-05-15,1085000.0,0.02930403220043018,1.9568133989701362,0.0009633003945367039,False,False
723,2014-05-15,455000.0,0.014820440431858817,-0.12858758957053465,2.072824734144852e-06,False,False
717,2014-05-15,255000.0,0.031338376103167975,-0.667291509784745,0.00012004783891425386,False,False
731,2014-05-15,390000.0,0.021970786286764354,-1.0340493964009332,0.00020016820613885991,False,False
757,2014-05-15,240000.0,0.027818093407587674,-0.756871039205334,0.00013659737591586145,False,False
710,2014-05-15,465750.0,0.026152596236717174,0.6582850533468528,9.697742331989024e-05,False,False
773,2014-05-15,765000.0,0.01914382140742993,-0.17985367652811188,5.2611501431698655e-06,False,False
729,2014-05-15,749400.0,0.011695043535806193,-0.5191228917855923,2.6574798743222696e-05,False,False
751,2014-05-15,400000.0,0.029287153569427682,0.087322807379194,1.9171695407529696e-06,False,False
771,2014-05-15,270000.0,0.016696023673256954,0.5595665422124856,4.430446418975307e-05,False,False
722,2014-05-15,300000.0,0.024268053681403556,0.00830433856979432,1.429332506680302e-08,False,False
753,2014-05-15,349950.0,0.04593674934774983,0.5505948301850605,0.00012163711318647782,False,False
748,2014-05-15,350000.0,0.04432750189956042,0.3532078840282444,4.822183145445758e-05,False,False
775,2014-05-15,803100.0,0.013064486379740892,-0.03041358480212333,1.0203696752428176e-07,False,False
747,2014-05-15,790000.0,0.025779045548344315,0.4446877803913978,4.3605223062774144e-05,False,False
716,2014-05-15,250000.0,0.046236215188200536,0.2778335859675811,3.118384700786984e-05,False,False
777,2014-05-15,828950.0,0.046757499425655824,-0.21317736633935683,1.85758552787941e-05,False,False
712,2014-05-15,582800.0,0.016570729647156612,0.27157074939656517,1.0355790045560323e-05,False,False
743,2014-05-15,375000.0,0.02355192665287692,0.1225084055293057,3.016670082255885e-06,False,False
741,2014-05-15,695000.0,0.01643613602559567,-0.3866756274972479,2.0821380191394683e-05,False,False
4392,2014-05-15,274750.0,0.026492367729868238,-0.5435691586741936,6.700539673257534e-05,False,False
772,2014-05-15,340000.0,0.023190450797794943,0.09017923405260482,1.6089077099002214e-06,False,False
707,2014-05-15,592500.0,0.014903564747443004,0.2831879478150918,1.0110664457662069e-05,False,False
4391,2014-05-15,540833.33,0.0192955721746831,0.6178934466088426,6.25987206288326e-05,False,False
737,2014-05-15,1000000.0,0.028780750000895694,-1.8750486307478689,0.0008682177316492917,False,False
781,2014-05-15,914500.0,0.031930118069390834,0.0429649816709224,5.07389915568151e-07,False,False
758,2014-05-15,495000.0,0.022195011471626586,-0.33872098667108846,2.1702316393322386e-05,False,False
739,2014-05-15,620000.0,0.01743241785733346,-0.39486279679439074,2.3051881830616768e-05,False,False
745,2014-05-15,215000.0,0.018900308209108055,0.0014647008602879812,3.444073207398518e-10,False,False
762,2014-05-15,174950.0,0.03494398436505991,-0.5356537154976023,8.657787008706573e-05,False,False
766,2014-05-15,343000.0,0.027288750940922535,-0.6925015763179113,0.00011211404084844383,False,False
740,2014-05-15,204700.0,0.026363777469676188,-0.5966377068513926,8.032506064028935e-05,False,False
719,2014-05-15,190000.0,0.03111463095372391,0.03773425570213972,3.8105054453416026e-07,False,False
738,2014-05-15,585000.0,0.017289839823053127,-0.13690066582522617,2.7478650373727704e-06,False,False
780,2014-05-15,720000.0,0.021310797146394472,0.4868007688820352,4.30007631275324e-05,False,False
732,2014-05-15,225000.0,0.017921707183043478,-0.6980294936428958,7.409681928759948e-05,False,False
750,2014-05-15,263000.0,0.03276122869935005,-0.03782259228058164,4.037828053502893e-07,False,False
718,2014-05-15,840000.0,0.025477398522982198,-0.5127695854958217,5.728308954211721e-05,False,False
761,2014-05-15,417000.0,0.015677712031747504,-0.2670759386694315,9.467463620407113e-06,False,False
742,2014-05-15,689900.0,0.01705737233561444,0.5550364723915663,4.454979996785208e-05,False,False
763,2014-05-15,295000.0,0.02519550204479587,1.2626035171955365,0.0003433667482283562,False,False
755,2014-05-15,744000.0,0.025202119032620124,1.2512645871313042,0.00033731802039975163,False,False
715,2014-05-15,451555.0,0.05163291499147063,-0.6930053210519879,0.0002178923908333155,False,False
733,2014-05-15,550000.0,0.018097200432902805,-0.09517554507401789,1.3912731297323845e-06,False,False
774,2014-05-15,497000.0,0.018693653255254933,-0.06715231038006235,7.15863546096735e-07,False,False
724,2014-05-15,335000.0,0.07170327012823954,-1.2872173772885587,0.0010665339493400713,True,False
769,2014-05-15,575000.0,0.04509977936071491,0.26021621860865535,2.6650410353689428e-05,False,False
768,2014-05-15,512500.0,0.027943029902314537,-0.6255025081935202,9.372568900942646e-05,False,False
725,2014-05-15,197500.0,0.025750062315792382,-1.4363850104336973,0.00045443145023407847,False,False
779,2014-05-15,312000.0,0.028460003079302576,0.6020189665731713,8.847353089351168e-05,False,False
735,2014-05-15,1255000.0,0.032627004757423306,0.24666842713653025,1.7101300159636327e-05,False,False
721,2014-05-15,613000.0,0.016626747735364406,0.6113360833879554,5.265840868749453e-05,False,False
726,2014-05-15,412500.0,0.011935580010320634,-0.5223216464582224,2.7463322120279626e-05,False,False
759,2014-05-15,580050.0,0.02606368511593357,-1.9112727242033978,0.0008146467675183514,False,False
756,2014-05-15,312500.0,0.0266472079376886,1.0335333820636268,0.00024369645001897494,False,False
746,2014-05-15,2100000.0,0.02072914186328295,5.50096683126284,0.005337959810740643,False,True
782,2014-05-15,819995.0,0.058530640744789975,0.6236995188266021,0.00020153322757030916,False,False
728,2014-05-15,342400.0,0.02335933041694538,0.306681489105025,1.8746468439531946e-05,False,False
706,2014-05-15,256883.0,0.017118209362258385,-0.03653093017626644,1.936855672018939e-07,False,False
760,2014-05-15,640000.0,0.013617202928203703,-0.5669602948406228,3.697996240425086e-05,False,False
778,2014-05-15,386380.0,0.01882941233159202,-0.9241296353939025,0.0001365767563108361,False,False
826,2014-05-16,180000.0,0.027069193814273668,-1.7073432389327285,0.0006758554169082836,False,False
791,2014-05-16,720000.0,0.049760319281083126,1.3709103590960514,0.0008201378709648866,False,False
794,2014-05-16,446000.0,0.014202891123335615,-0.23294359223363056,6.514926321878661e-06,False,False
806,2014-05-16,725000.0,0.013122944879691845,0.02716951334463219,8.179951446249133e-08,False,False
829,2014-05-16,730100.0,0.016941959978709925,0.26004085037634717,9.711501937679326e-06,False,False
813,2014-05-16,862500.0,0.02487059071739768,0.766258229888213,0.00012479376972731574,False,False
801,2014-05-16,370000.0,0.015502362359435695,0.3242267057324409,1.3794295561753205e-05,False,False
804,2014-05-16,345000.0,0.018718453567730442,0.6276833234845041,6.262911420401133e-05,False,False
784,2014-05-16,437500.0,0.03316537118820774,-0.7243348362531118,0.0001499789002372709,False,False
796,2014-05-16,239950.0,0.05708187820570679,1.0802445556632156,0.0005886907318007875,False,False
783,2014-05-16,252700.0,0.03274001721269765,1.044472072392052,0.000307714598857669,False,False
803,2014-05-16,342000.0,0.018279146095050658,0.5021314963443166,3.912204680966646e-05,False,False
797,2014-05-16,248000.0,0.01957280906552994,-0.07959087849558631,1.0538605869639037e-06,False,False
811,2014-05-16,565000.0,0.0384922274771958,0.44773345600231446,6.687720173563634e-05,False,False
837,2014-05-16,330000.0,0.033306889667370554,-0.8842993141375762,0.00022452400752998147,False,False
807,2014-05-16,605000.0,0.03972960473846762,0.8146768493467151,0.00022882855001525525,False,False
815,2014-05-16,282613.0,0.02693444021988667,0.5864108434011921,7.93210749263859e-05,False,False
789,2014-05-16,317000.0,0.01843697152730167,-0.024166179921867183,9.141261992277849e-08,False,False
792,2014-05-16,490000.0,0.045836267084350346,-0.280492901724311,3.149552417012952e-05,False,False
847,2014-05-16,379950.0,0.03180456781858687,-0.04102282108001377,4.606767229358112e-07,False,False
798,2014-05-16,619500.0,0.016867885413659633,0.14868548343783713,3.160855568797203e-06,False,False
818,2014-05-16,445000.0,0.02217452503667646,-0.28152253516305825,1.4977456335745407e-05,False,False
839,2014-05-16,445000.0,0.027598318955486145,-0.5360756183415374,6.796851679862884e-05,False,False
827,2014-05-16,375000.0,0.02211894442303164,0.005372443501234645,5.440525280072496e-09,False,False
841,2014-05-16,377500.0,0.021136790013747103,0.42333333011762414,3.2247845659927255e-05,False,False
816,2014-05-16,174500.0,0.02774056098726496,-0.08613215769895968,1.7639345995591968e-06,False,False
843,2014-05-16,804995.0,0.04146231887493419,0.6880937759788716,0.00017067048013175355,False,False
819,2014-05-16,433000.0,0.021827126183357304,0.11739057406574945,2.56251343419315e-06,False,False
828,2014-05-16,249000.0,0.02593714943623021,0.3184233537107409,2.2499032454635566e-05,False,False
820,2014-05-16,306000.0,0.02636502458489176,0.03546904949991556,2.83889852350441e-07,False,False
800,2014-05-16,385000.0,0.019479906479394113,0.147569213377928,3.6052936867549907e-06,False,False
808,2014-05-16,350000.0,0.017335523138952057,-0.0015705405681499282,3.626175065956101e-10,False,False
836,2014-05-16,314000.0,0.015988573844187212,-0.6237263443528727,5.2676451948679166e-05,False,False
835,2014-05-16,645000.0,0.01511958619097481,-0.3698411881681431,1.7498696937284658e-05,False,False
812,2014-05-16,875000.0,0.02667652050266972,0.4649613007648523,4.9376960413216643e-05,False,False
790,2014-05-16,799000.0,0.01458268894856049,-0.5031722451192199,3.1222633693723614e-05,False,False
831,2014-05-16,375000.0,0.02958422568083474,-0.04154171228326523,4.384195382095363e-07,False,False
802,2014-05-16,425000.0,0.025920943998381685,0.26858619744622114,1.599715465800367e-05,False,False
805,2014-05-16,724800.0,0.024287189485418276,-0.16243276315971872,5.472947377804918e-06,False,False
834,2014-05-16,205000.0,0.035055667138365665,-0.29124919370539903,2.5680542508773444e-05,False,False
810,2014-05-16,250000.0,0.02205935132989654,-0.554218883987791,5.773798618747904e-05,False,False
814,2014-05-16,400000.0,0.09275257254256869,-0.9888140327149281,0.0008330061629234743,True,False
799,2014-05-16,363750.0,0.05466211241362308,-0.03961190944069443,7.560833177617998e-07,False,False
4313,2014-05-16,254000.0,0.03774026186649568,-0.9420665582278005,0.000290064461785011,False,False
824,2014-05-16,523000.0,0.025820979631297925,0.7280715244322661,0.00011708487266907439,False,False
823,2014-05-16,238000.0,0.0242663927151279,-0.6890398469265552,9.839689348917145e-05,False,False
842,2014-05-16,480000.0,0.01968731906132026,-0.1446077608702841,3.4996443863770023e-06,False,False
817,2014-05-16,306500.0,0.03336799422937342,-0.17482168500677878,8.791809890599622e-06,False,False
846,2014-05-16,611000.0,0.019067316182345834,0.6444255160372477,6.72689382709956e-05,False,False
4394,2014-05-16,326428.57,0.021898457214011152,-0.1793804527256123,6.0034176904246595e-06,False,False
793,2014-05-16,239900.0,0.0156515044041719,0.08087481997630426,8.666677053515238e-07,False,False
788,2014-05-16,451000.0,0.026958851571515757,0.2639326599875116,1.6083301549366486e-05,False,False
840,2014-05-16,2000000.0,0.048067675283963676,0.01409360283733756,8.358144126438933e-08,False,False
833,2014-05-16,605000.0,0.025013950976527644,-0.09996655058744269,2.1365450785137963e-06,False,False
809,2014-05-16,785000.0,0.020050703066957165,0.5655123628853211,5.452917927326202e-05,False,False
4398,2014-05-16,440825.0,0.022977173521816135,-0.5013916587264488,4.9267991393219066e-05,False,False
795,2014-05-16,275000.0,0.027788107045159965,-0.7312744612401142,0.00012737306539822412,False,False
848,2014-05-16,1270000.0,0.036319206051063646,-0.5287779700762502,8.781497925330348e-05,False,False
821,2014-05-16,620000.0,0.03170666812504205,-0.8538598348787587,0.00019894617322743235,False,False
4396,2014-05-16,135333.33,0.033028501281754497,-2.5338393737948226,0.0018274777948381626,False,True
845,2014-05-16,675000.0,0.02133153531564996,0.535975185766651,5.217886655153061e-05,False,False
825,2014-05-16,522500.0,0.0198822260350026,0.05437076757121282,4.997311530982345e-07,False,False
844,2014-05-16,341000.0,0.027723257314685362,-0.44490043293012327,4.703257635534206e-05,False,False
786,2014-05-16,619000.0,0.020013481234325493,0.4347524839708322,3.2166620478081e-05,False,False
4397,2014-05-16,577437.5,0.013560328222059964,-0.5276103559884495,3.1889304552304774e-05,False,False
785,2014-05-16,350000.0,0.02629161809155947,-0.09223101084887317,1.9140844611840436e-06,False,False
838,2014-05-16,490000.0,0.012699549508452534,0.27473857802070156,8.0909035951884e-06,False,False
787,2014-05-16,408200.0,0.02458837355769955,0.30575019142948207,1.963785747857481e-05,False,False
822,2014-05-16,245000.0,0.02206230133091283,0.22238857564241768,9.297866887469592e-06,False,False
832,2014-05-16,540000.0,0.033045113680945926,0.5654741914028014,9.106371598181891e-05,False,False
849,2014-05-16,500000.0,0.0310818721807036,0.020854925386297095,1.1626690814088012e-07,False,False
830,2014-05-16,551000.0,0.051362421302743766,0.4215507965175856,8.01795744205512e-05,False,False
850,2014-05-17,410000.0,0.02293647814113936,-1.2012161548689133,0.00028227019064088014,False,False
854,2014-05-18,534640.0,0.028254659026444105,0.7521203250102447,0.00013706640040181902,False,False
853,2014-05-18,575550.0,0.01196652328987019,0.1524663988139013,2.3461910288478446e-06,False,False
851,2014-05-18,415000.0,0.01637865918935738,0.19091883732236478,5.057859011392884e-06,False,False
857,2014-05-18,732000.0,0.04031522288482625,0.3646300375357399,4.654404218328921e-05,False,False
852,2014-05-18,297000.0,0.020986834627500534,-1.1327511780615214,0.00022921667442128016,False,False
855,2014-05-18,352500.0,0.031903465584374915,-0.6400980733514311,0.0001125203282219173,False,False
856,2014-05-18,488000.0,0.01693929069771724,0.29017074152529426,1.209040573825025e-05,False,False
914,2014-05-19,368000.0,0.038922230658854556,0.1531987126397716,7.920784104231312e-06,False,False
899,2014-05-19,588000.0,0.012085922674673122,0.34435802307061014,1.2089262371407966e-05,False,False
881,2014-05-19,1405000.0,0.026503208715586646,-0.18162332668744433,7.483864892642005e-06,False,False
905,2014-05-19,755000.0,0.01165902712181588,0.19409734952318589,3.7035096151499143e-06,False,False
889,2014-05-19,461000.0,0.02574996691811085,1.4658464975747594,0.0004732623844420666,False,False
877,2014-05-19,215000.0,0.02678879993199751,0.6174320648395732,8.744666958156129e-05,False,False
884,2014-05-19,285000.0,0.05691564999042398,-1.0347935207235328,0.0005385267955201279,False,False
930,2014-05-19,530000.0,0.022131179519496946,-1.1889816304719463,0.00026662017306734335,False,False
931,2014-05-19,818000.0,0.033398839454077345,0.44322541944093335,5.656556602174844e-05,False,False
864,2014-05-19,290000.0,0.022502367683409352,-0.6905684912925083,9.148392183424998e-05,False,False
924,2014-05-19,572500.0,0.04755727886651556,0.27455170537216095,3.1364991583273044e-05,False,False
4402,2014-05-19,176400.0,0.018964177361518786,-0.7941618647476586,0.00010159818594472529,False,False
909,2014-05-19,110700.0,0.059579874598648275,-2.289280030886883,0.0027669051014732686,False,True
904,2014-05-19,464000.0,0.022933390540639684,0.38932602857537885,2.9647612676094133e-05,False,False
885,2014-05-19,475000.0,0.026228503810723336,-0.35949243930911234,2.9007796170650487e-05,False,False
868,2014-05-19,366500.0,0.029986017691098876,-0.7586912876233527,0.00014828244764937464,False,False
908,2014-05-19,305000.0,0.01559446790230884,0.1873295495061294,4.6326324673067365e-06,False,False
912,2014-05-19,319950.0,0.016737422626053378,-0.3165030451873597,1.420998474454566e-05,False,False
919,2014-05-19,442500.0,0.01653353291628884,1.5702422930652729,0.00034542852871251707,False,False
892,2014-05-19,247000.0,0.01582644274303624,-0.028099290573660368,1.058086280757577e-07,False,False
911,2014-05-19,350000.0,0.033881375175472406,-1.84480809896999,0.000994607481535676,False,False
890,2014-05-19,810000.0,0.022838159055346342,0.18218578011698144,6.464609578489674e-06,False,False
932,2014-05-19,640000.0,0.03115137771039911,1.3053234169059735,0.00045653738283641244,False,False
901,2014-05-19,482500.0,0.025719675240604534,0.17084471911729643,6.421011096811901e-06,False,False
917,2014-05-19,1000000.0,0.058590418351534945,0.9830592662824408,0.0005012174020549332,False,False
903,2014-05-19,869000.0,0.01794789384733045,0.16782046375670198,4.2893111217545934e-06,False,False
898,2014-05-19,373000.0,0.023856920624496285,-0.5172946719498215,5.4499895621148026e-05,False,False
4404,2014-05-19,646212.5,0.039193031787158404,-0.87502345596991,0.0002602740436764454,False,False
928,2014-05-19,1190000.0,0.060979742255928726,1.1840186979719676,0.0007586587976842565,False,False
895,2014-05-19,333000.0,0.06206369846220705,-0.6490967410406226,0.00023232819510720596,False,False
923,2014-05-19,446000.0,0.026155911019168143,-0.22430831664913686,1.1261336219182349e-05,False,False
860,2014-05-19,290000.0,0.025178351776542596,0.22208943485249386,1.061638558581827e-05,False,False
925,2014-05-19,477000.0,0.01392984778780118,-0.14860210462116133,2.5996042138913425e-06,False,False
4403,2014-05-19,193000.0,0.023764785140847122,-5.554518631901406,0.0062587994017020265,False,True
920,2014-05-19,485000.0,0.03991218983061712,1.5326266074881802,0.0008137407721787467,False,False
916,2014-05-19,611000.0,0.5006460247133796,0.14844290262622697,0.00018410258656487058,True,False
902,2014-05-19,251200.0,0.17788725011614748,0.00467335684108169,3.93813027725233e-08,True,False
888,2014-05-19,241000.0,0.01881886815698716,-0.24635485243170746,9.700303161780266e-06,False,False
886,2014-05-19,386591.0,0.03545669882740721,-0.521779464152706,8.340062170779522e-05,False,False
4399,2014-05-19,195000.0,0.044005776378695266,-8.543471364844729,0.027998960611343507,False,True
921,2014-05-19,367000.0,0.019207876009975644,0.32718804914885957,1.7470928743803452e-05,False,False
893,2014-05-19,296500.0,0.06538844116316067,0.2236924693311603,2.917368689089103e-05,False,False
866,2014-05-19,339000.0,0.016697956087150523,0.4100295447120792,2.3791697457683038e-05,False,False
858,2014-05-19,215000.0,0.028634597619020152,-1.2074199201622684,0.00035813262085090974,False,False
879,2014-05-19,359950.0,0.029835365444979993,1.9372610223628448,0.000961791550958429,False,False
933,2014-05-19,298450.0,0.03911248393487071,0.06054916290933791,1.243591908205037e-06,False,False
882,2014-05-19,390000.0,0.017198418782697348,0.36817265487408796,1.9767169471708594e-05,False,False
934,2014-05-19,575000.0,0.030891653103665075,0.5225317287769548,7.252920248427427e-05,False,False
907,2014-05-19,485000.0,0.013977557173966565,0.31518434401679957,1.1735254299369872e-05,False,False
878,2014-05-19,762000.0,0.05293522823510041,-1.635850480560037,0.0012464391266388847,False,True
927,2014-05-19,462000.0,0.03934893327431582,0.4658768811361923,7.408467273707014e-05,False,False
880,2014-05-19,480000.0,0.05314562139017828,-2.4082710477588747,0.002712775038272348,False,True
872,2014-05-19,280000.0,0.028996887643791387,-0.24790776110100937,1.5294305614994794e-05,False,False
4400,2014-05-19,257500.0,0.016568672374507126,-2.449662562465232,0.0008425097890330513,False,False
906,2014-05-19,280000.0,0.022223428927771238,-0.34680942719610575,2.2780958044911773e-05,False,False
897,2014-05-19,565000.0,0.016125489717649794,0.6359349283353456,5.523537608632011e-05,False,False
863,2014-05-19,1216000.0,0.026753808518254096,0.9437881677326878,0.0002040472340299121,False,False
918,2014-05-19,307000.0,0.017356915194139094,0.34791058130506436,1.7816843624562444e-05,False,False
865,2014-05-19,487250.0,0.03089623127718749,-0.6849312256757372,0.00012463726509133273,False,False
869,2014-05-19,462000.0,0.020184530126281047,0.6455169941877298,7.153333388368025e-05,False,False
873,2014-05-19,210000.0,0.02183282334539277,-0.9163917475852836,0.0001561988774187996,False,False
883,2014-05-19,413500.0,0.019652419190275883,-0.05241482592769063,4.5894747758158375e-07,False,False
891,2014-05-19,885000.0,0.017367056069416437,1.049978634805262,0.00016237328018053537,False,False
4401,2014-05-19,692000.0,0.022384063015380817,-2.4652604612582905,0.0011596181968553298,False,True
896,2014-05-19,602000.0,0.017319440982662637,-0.9686411121296983,0.00013780534280521354,False,False
867,2014-05-19,440000.0,0.029959206622243273,-0.2515583975047534,1.6286835239882628e-05,False,False
910,2014-05-19,850000.0,0.0321475436054334,0.31558719274016983,2.7567420564948917e-05,False,False
915,2014-05-19,433500.0,0.018442161256222334,-0.5349855267893634,4.4812455258930954e-05,False,False
861,2014-05-19,475000.0,0.015068150726487373,0.07613766504768778,7.39046281863698e-07,False,False
922,2014-05-19,429000.0,0.02802856611691234,0.36315229300533874,3.1691567094898966e-05,False,False
874,2014-05-19,690000.0,0.014015034521262848,0.5651608450883779,3.7834392479456294e-05,False,False
870,2014-05-19,560000.0,0.014217293010144405,0.49921087548819226,2.995177390822123e-05,False,False
887,2014-05-19,524950.0,0.014288792637133368,-0.1797037617701156,3.901026764140398e-06,False,False
875,2014-05-19,256500.0,0.054356041971546094,-0.12871226967702792,7.935582744447291e-06,False,False
859,2014-05-19,592500.0,0.025136486150362736,-0.6294079862820601,8.512242807349831e-05,False,False
871,2014-05-19,285000.0,0.027718241724338816,0.04719785530561761,5.292207002877357e-07,False,False
900,2014-05-19,485000.0,0.03042880818291044,-0.5822164873462357,8.865290940082915e-05,False,False
894,2014-05-19,141800.0,0.02227538662564077,-1.9345299102926772,0.000710523348774507,False,False
876,2014-05-19,411000.0,0.020396532287432406,-0.8873215962406013,0.00013661138078639818,False,False
862,2014-05-19,320000.0,0.016529993070727278,-0.3498143221973847,1.7139789299206035e-05,False,False
926,2014-05-19,518000.0,0.013733160236926611,-0.34619082350115393,1.3906758517453973e-05,False,False
913,2014-05-19,700000.0,0.0360534810711603,0.32599595393150077,3.3123592865934203e-05,False,False
929,2014-05-19,137000.0,0.021193077876376365,-2.268211991182033,0.0009282886491411171,False,False
1028,2014-05-20,879950.0,0.05338673897562432,0.4688470046737158,0.00010330987949572767,False,False
989,2014-05-20,315000.0,0.017507705291037734,-0.12751347981702127,2.414521204737703e-06,False,False
976,2014-05-20,452000.0,0.033033817992772996,0.10274020440180168,3.0050180899603845e-06,False,False
1026,2014-05-20,423000.0,0.02523016022292665,0.1914982445998169,7.909814047547263e-06,False,False
995,2014-05-20,699000.0,0.019447641622139994,0.5878257701497203,5.710999882659837e-05,False,False
1009,2014-05-20,475000.0,0.023770417233115265,0.8016742274053932,0.00013040655994749816,False,False
981,2014-05-20,326000.0,0.03150082766080736,-0.025826638508432302,1.8079117710173324e-07,False,False
1040,2014-05-20,772000.0,0.04324062438047055,0.6986138452366549,0.00018381559748627122,False,False
946,2014-05-20,250000.0,0.02745528377883888,-0.6062642993778019,8.646873435597945e-05,False,False
944,2014-05-20,192500.0,0.034446426146629516,-0.912102405485937,0.0002473282647699133,False,False
1021,2014-05-20,325000.0,0.01533479475771804,-1.2342655371730138,0.00019770849756369725,False,False
4343,2014-05-20,291000.0,0.02831386615275508,0.4919254086887428,5.876116987401168e-05,False,False
984,2014-05-20,300000.0,0.01853352689987653,-0.4541990240080661,3.24633811874927e-05,False,False
1036,2014-05-20,860000.0,0.033674961128268954,-0.3471065514964017,3.4988735390516844e-05,False,False
940,2014-05-20,520000.0,0.020967794245218052,-0.5938615177036742,6.294263058125386e-05,False,False
967,2014-05-20,300000.0,0.01330098425200621,-1.0164627169912297,0.00011606485833310951,False,False
949,2014-05-20,639000.0,0.011285935054857754,0.08050754104307471,6.16536386486403e-07,False,False
1043,2014-05-20,490000.0,0.057677510538541976,-4.609145632887095,0.010835939363456002,False,True
4407,2014-05-20,317061.88,0.015842450535243247,0.3822808140569478,1.9603855369406353e-05,False,False
943,2014-05-20,390000.0,0.017748569113245294,1.0371445253631906,0.00016197127032761946,False,False
955,2014-05-20,467000.0,0.026395887320822764,0.037807719406531756,3.22948730916858e-07,False,False
1017,2014-05-20,372500.0,0.029366497701248162,0.0479597759765684,5.799224522221784e-07,False,False
970,2014-05-20,458000.0,0.16471992017521997,-0.03920418038360045,2.5257915755839602e-06,True,False
969,2014-05-20,387500.0,0.02881313324441509,-0.7410128306926399,0.00013575564467830452,False,False
1014,2014-05-20,345000.0,0.015964013598533777,-0.8881807070630698,0.00010664795509649481,False,False
1032,2014-05-20,439000.0,0.04232988407371055,0.3873025927413845,5.525234389160015e-05,False,False
998,2014-05-20,749950.0,0.0345816626659336,-0.4153556353642256,5.149787333391829e-05,False,False
1020,2014-05-20,507500.0,0.02759696499691816,0.21702060237308055,1.1138730598281427e-05,False,False
952,2014-05-20,405000.0,0.017701536449669042,0.4513465400628792,3.059190261384128e-05,False,False
951,2014-05-20,675000.0,0.012065447709409594,0.46205945114004204,2.172849951640251e-05,False,False
971,2014-05-20,1212500.0,0.028493365559032313,-0.23787550166075538,1.3829808532315494e-05,False,False
964,2014-05-20,570000.0,0.031543284566372065,0.32552216038901727,2.8761171462375363e-05,False,False
1006,2014-05-20,765000.0,0.011500894146645735,0.5917749026015426,3.395370449853942e-05,False,False
938,2014-05-20,675000.0,0.051652131592633516,1.3571420909306904,0.0008359686104288394,False,False
992,2014-05-20,289000.0,0.032468462614892335,-0.1836648995742014,9.433387628978194e-06,False,False
978,2014-05-20,792000.0,0.06521334054222058,1.1180971626886442,0.0007267780231754288,False,False
1002,2014-05-20,499950.0,0.017779473543532376,-0.6952218006394457,7.290803774563079e-05,False,False
997,2014-05-20,299950.0,0.04086190783497834,-0.03776442409428985,5.063163906435994e-07,False,False
963,2014-05-20,519900.0,0.011995779447431798,-0.07045788780840881,5.022820590090931e-07,False,False
937,2014-05-20,271310.0,0.06221282673542394,-0.09877357089533413,5.393564912311014e-06,False,False
979,2014-05-20,315000.0,0.05877551781026481,1.891428161815789,0.0018616657327947498,False,True
1015,2014-05-20,598000.0,0.017407855552856663,-0.21989243819554571,7.138571769576817e-06,False,False
988,2014-05-20,700000.0,0.015407935958408364,1.1433672879099452,0.00017048195349781767,False,False
965,2014-05-20,450000.0,0.028931536560391064,-0.22598976232551524,1.2679961483952304e-05,False,False
993,2014-05-20,210000.0,0.202714283243627,-1.0766110798157231,0.0024558781219589914,True,True
4405,2014-05-20,268971.88,0.02455826011139728,-0.026468021415628134,1.4697990697334945e-07,False,False
987,2014-05-20,1125000.0,0.020690627108163467,1.688691077942251,0.0005020799912001307,False,False
1004,2014-05-20,350000.0,0.017141798855761347,0.07253990277529768,7.647829920917312e-07,False,False
1022,2014-05-20,329900.0,0.01613646730389239,-0.09482485809485992,1.228957192469188e-06,False,False
950,2014-05-20,710000.0,0.02993207656504257,0.038768586415543295,3.864678660343495e-07,False,False
972,2014-05-20,380000.0,0.016544238867696404,-0.46864528128081734,3.078925738047017e-05,False,False
1007,2014-05-20,250000.0,0.06604998357479405,-0.32945635455939387,6.396812353008012e-05,False,False
977,2014-05-20,426000.0,0.01689751451736813,0.14297728318693756,2.9280390811276914e-06,False,False
1045,2014-05-20,785000.0,0.017128296590728842,0.9423036456856414,0.00012894895862193206,False,False
968,2014-05-20,320000.0,0.02075172921855445,0.3422675182678301,2.0687671155223906e-05,False,False
4408,2014-05-20,83300.0,0.03255803580667321,-4.634503223578657,0.006023631641759158,False,True
986,2014-05-20,978000.0,0.02773616374179458,0.805891869045119,0.00015439547297455954,False,False
956,2014-05-20,480000.0,0.02825869108517942,-0.7929273777630753,0.00015236561085598722,False,False
996,2014-05-20,1800000.0,0.02420582684779593,4.232771529445802,0.003703651467189211,False,True
1008,2014-05-20,376000.0,0.022460776576051528,-0.9720099241784059,0.0001809050654710372,False,False
935,2014-05-20,730000.0,0.01684743112608096,-0.09168821867210125,1.200490135635757e-06,False,False
1027,2014-05-20,259000.0,0.020744718178326738,-0.1455821304082388,3.741506562948273e-06,False,False
980,2014-05-20,1275000.0,0.040694755786747,1.0908301541138874,0.00042064395431511397,False,False
1013,2014-05-20,619500.0,0.02571053112834612,0.17553039202054155,6.7755794101332345e-06,False,False
994,2014-05-20,260000.0,0.0156905430596056,-0.20440457923012806,5.55017035308093e-06,False,False
957,2014-05-20,755000.0,0.042593636593719314,0.5793604828992374,0.00012444140457832146,False,False
1010,2014-05-20,120750.0,0.016321279002410094,-2.0636958930453533,0.000588858659199756,False,False
1001,2014-05-20,384000.0,0.020523036264641185,-0.09339214348585391,1.5229541427709194e-06,False,False
1029,2014-05-20,345600.0,0.03263874553434465,-3.7128889759220103,0.003876032854512715,False,True
945,2014-05-20,330000.0,0.02812164543134693,1.0611731220793672,0.00027153139776826915,False,False
961,2014-05-20,415000.0,0.033672415924202406,3.2509442946591802,0.003068935141022911,False,True
1041,2014-05-20,329995.0,0.03824857308563138,0.4149242881117186,5.705699138347805e-05,False,False
1011,2014-05-20,1690000.0,0.04109806730827137,1.1717599480792835,0.0004903918655943693,False,False
1037,2014-05-20,500000.0,0.011034695785654497,0.5288951192171167,2.6009810110385524e-05,False,False
985,2014-05-20,525000.0,0.02125924106768906,1.3026840760452205,0.00030716876016052,False,False
991,2014-05-20,219950.0,0.031019592914415806,-0.29086181937902555,2.2569050332292543e-05,False,False
1035,2014-05-20,415000.0,0.03910655477781316,0.16737303698524805,9.500885256615402e-06,False,False
1033,2014-05-20,380000.0,0.040263340552026294,0.6582836777520896,0.00015149651690271907,False,False
941,2014-05-20,599950.0,0.03671941867026776,0.02276324971844857,1.6460016677831944e-07,False,False
942,2014-05-20,483945.0,0.02799062050016929,0.06654640875994591,1.0626985083247623e-06,False,False
953,2014-05-20,615000.0,0.015635041325557708,-0.570836407377491,4.313054743701733e-05,False,False
1024,2014-05-20,494000.0,0.02407677270036973,-0.17622060264111677,6.384321316101245e-06,False,False
958,2014-05-20,760000.0,0.022813224061806636,0.19350151097844925,7.284446533283895e-06,False,False
1003,2014-05-20,430000.0,0.0415695122942501,1.1520352032376004,0.0004796943060707902,False,False
1039,2014-05-20,515000.0,0.015158249663508594,0.18829233831824363,4.547436632718023e-06,False,False
983,2014-05-20,440000.0,0.030476744813466572,-1.251791392225837,0.0004104809660090002,False,False
982,2014-05-20,268500.0,0.028088605045360482,0.3948253823829472,3.7543294556997306e-05,False,False
966,2014-05-20,1300000.0,0.019023701559848172,0.7288102199359644,8.583890555733147e-05,False,False
1044,2014-05-20,305000.0,0.0274841183274675,-0.41500063438737517,4.056032091345743e-05,False,False
1019,2014-05-20,194000.0,0.035249761444762856,-1.4942031319124993,0.000679797129312201,False,False
973,2014-05-20,200000.0,0.02102114748132905,-0.5793953188111984,6.0069197047186975e-05,False,False
960,2014-05-20,925000.0,0.0192726306110107,1.116869225035685,0.0002042754164823495,False,False
1023,2014-05-20,329000.0,0.023748569612345977,0.4768300671272851,4.609160091746921e-05,False,False
1018,2014-05-20,300000.0,0.06504043914889754,-0.5731711084671557,0.00019044868305651455,False,False
1025,2014-05-20,206000.0,0.04043395023642454,-0.3084880955341442,3.34169547913604e-05,False,False
974,2014-05-20,385000.0,0.022126846239021947,0.3738555769371043,2.6355027619818275e-05,False,False
1038,2014-05-20,953007.0,0.015588471280676225,0.08387086341894268,9.282561127302556e-07,False,False
1031,2014-05-20,625000.0,0.020388744932418365,-0.29530740949181256,1.5125305953324518e-05,False,False
1000,2014-05-20,555000.0,0.05336368943443531,0.34029533460319555,5.439931525722099e-05,False,False
948,2014-05-20,575000.0,0.01519205170796481,1.0023363024979433,0.00012915480216271524,False,False
975,2014-05-20,396675.0,0.025832436935585262,-0.3607093434275721,2.8751814046883836e-05,False,False
1042,2014-05-20,409316.0,0.039558545342610864,-0.005431721028822099,1.0126586660148878e-08,False,False
1030,2014-05-20,395000.0,0.015460392754189145,-0.39730204408675446,2.0656069360939186e-05,False,False
999,2014-05-20,1100000.0,0.032686794964123245,0.7908567827472965,0.0001761244555782095,False,False
990,2014-05-20,309000.0,0.025798659854464,0.6148232355632959,8.341952681665811e-05,False,False
936,2014-05-20,551000.0,0.023020772135893375,-0.07802040142731284,1.1952800504082725e-06,False,False
959,2014-05-20,387000.0,0.028592460565073335,-0.03249311447590019,2.5897121605316266e-07,False,False
947,2014-05-20,243000.0,0.032478361440999526,-0.10714156330428166,3.211205770516193e-06,False,False
1016,2014-05-20,335000.0,0.023056472073094303,0.7155235758810383,0.00010069085887746585,False,False
1012,2014-05-20,330000.0,0.018069305342973185,-0.024025070385798673,8.851333657584795e-08,False,False
1005,2014-05-20,620000.0,0.015825509861398412,-0.21089292010563174,5.959754379709353e-06,False,False
939,2014-05-20,479000.0,0.05263799682087897,-0.8049808374348287,0.00030003590515430533,False,False
962,2014-05-20,263000.0,0.024361011971862634,0.18962051266010138,7.4816186010561275e-06,False,False
954,2014-05-20,490000.0,0.014299492587690199,-0.5015090273388892,3.0405483269743706e-05,False,False
1034,2014-05-20,440000.0,0.014849623552444152,0.08267785528404853,8.586379410003234e-07,False,False
1135,2014-05-21,1130000.0,0.03557008550914942,-0.15975323715724601,7.843904994987501e-06,False,False
1133,2014-05-21,2700000.0,0.03214682344126918,2.562040816880049,0.0018168514837613983,False,True
1066,2014-05-21,475000.0,0.026527762275008998,-0.5148809509938842,6.020179626067382e-05,False,False
1086,2014-05-21,405000.0,0.040486752550600635,0.5535791312683249,0.00010775567251033009,False,False
1057,2014-05-21,1506000.0,0.029712820926706546,0.5293026080296328,7.149413473616225e-05,False,False
1109,2014-05-21,540000.0,0.014148010226916058,0.6314769237742179,4.768890724175074e-05,False,False
1113,2014-05-21,150000.0,0.01674327637693737,-2.0942959514479997,0.0006223982767526089,False,False
1069,2014-05-21,230000.0,0.029153201819813956,-2.0385203920998576,0.00103988288615877,False,False
1052,2014-05-21,420850.0,0.030589005099566358,1.7662240111512002,0.0008202905980369474,False,False
1123,2014-05-21,396450.0,0.0187027227156763,-0.3289125358613813,1.7182400884386392e-05,False,False
1063,2014-05-21,512500.0,0.017473106668126848,-0.7792596078640388,8.999300769031742e-05,False,False
1068,2014-05-21,220000.0,0.026292578966244456,-1.4489294790041591,0.00047240877682357666,False,False
1127,2014-05-21,655000.0,0.03184143575312115,-1.474747891133536,0.0005960744025837938,False,False
1055,2014-05-21,199000.0,0.02768576310914031,-1.7094973571098842,0.0006934345479980311,False,False
1132,2014-05-21,334990.0,0.044905381397794486,-1.3800956930497739,0.0007462582516792574,False,False
1136,2014-05-21,556000.0,0.027022410243172257,0.7883406655241425,0.00014383608668604845,False,False
1047,2014-05-21,325000.0,0.023420714323825725,0.3038660244166868,1.8453369176042415e-05,False,False
1051,2014-05-21,189650.0,0.02943792432866832,-0.21456129781505529,1.1636045103260213e-05,False,False
1081,2014-05-21,1003000.0,0.018365794502183175,1.1012578213601663,0.00018908488038494968,False,False
1050,2014-05-21,374000.0,0.018038278520175144,-2.1117824057035857,0.0006826806891234695,False,False
1099,2014-05-21,246000.0,0.033943114171147204,-1.4231085124265788,0.0005929850868699732,False,False
1129,2014-05-21,1550000.0,0.02859940888761714,1.0901654289436673,0.00029158303951043896,False,False
1054,2014-05-21,1065000.0,0.029097763943173482,0.8644101898054399,0.00018661331361300497,False,False
1119,2014-05-21,556000.0,0.017918862755212484,-0.3302314902368322,1.658130837109155e-05,False,False
1100,2014-05-21,535000.0,0.0165649177366827,0.8288941884103898,9.644073906912699e-05,False,False
1128,2014-05-21,1185000.0,0.052141163619479514,0.8724083139567326,0.00034889552665193663,False,False
1090,2014-05-21,975000.0,0.054806144139689206,-1.4135446107410659,0.0009654863784923798,False,False
1126,2014-05-21,260000.0,0.04889556910502767,0.1460021487197732,9.132265919593286e-06,False,False
1121,2014-05-21,430000.0,0.02895365254185045,-1.0059806595801968,0.0002514556601758704,False,False
1112,2014-05-21,625000.0,0.022242830090933273,0.014274826216054958,3.862953216813668e-08,False,False
1079,2014-05-21,542500.0,0.04525918925134195,-1.2585056760050581,0.0006256772932794323,False,False
1059,2014-05-21,442000.0,0.01717867173257842,-0.4211658594024065,2.5836880732426146e-05,False,False
1046,2014-05-21,240000.0,0.054139521655751116,-0.5471209898722708,0.00014278179643345394,False,False
1080,2014-05-21,330000.0,0.028082972832197392,0.10661163559947126,2.736792402222663e-06,False,False
1096,2014-05-21,344500.0,0.04938508108720918,0.7545053449473242,0.00024645324494259707,False,False
1056,2014-05-21,195000.0,0.0321426707272055,-0.41951777585778927,4.8706856917481056e-05,False,False
1094,2014-05-21,255000.0,0.0167415945594222,0.6317502571984656,5.6628982874031174e-05,False,False
1101,2014-05-21,970000.0,0.05053496478949171,1.7028930415044545,0.0012861940226073212,False,True
1114,2014-05-21,389999.0,0.0208358942364808,0.5138215697755275,4.681662224530524e-05,False,False
1049,2014-05-21,720000.0,0.03374120480482429,0.25033636781329066,1.8236175926216333e-05,False,False
1095,2014-05-21,668750.0,0.039656643739966246,0.6929213940644116,0.00016522513462885192,False,False
1088,2014-05-21,256750.0,0.028014661544295938,-0.6420899043395776,9.902300531640073e-05,False,False
1120,2014-05-21,275000.0,0.016702504863024645,-0.6352862423464589,5.712869833188034e-05,False,False
1130,2014-05-21,413800.0,0.017856979567599185,-0.17068038930994087,4.4138672824617785e-06,False,False
1089,2014-05-21,332500.0,0.015897507526068076,0.36650480736280044,1.808284720155495e-05,False,False
1108,2014-05-21,1220000.0,0.052337099866130804,0.30749048470017165,4.351489008107964e-05,False,False
1087,2014-05-21,360000.0,0.05351894655962208,0.8460724543500933,0.00033731021814043476,False,False
1085,2014-05-21,195000.0,0.02849983260591088,0.1844043850226881,8.313055339042156e-06,False,False
1124,2014-05-21,225000.0,0.02636139887926453,-2.6636739305000843,0.0016008533285587895,False,True
1092,2014-05-21,429000.0,0.016246243033936375,-1.2154063755914144,0.00020329575772006322,False,False
1116,2014-05-21,744000.0,0.016802439662825214,0.1958459408882219,5.462349140679392e-06,False,False
1098,2014-05-21,540000.0,0.02007924369151548,1.1729051567051516,0.00023490969394469484,False,False
1104,2014-05-21,712000.0,0.021106731277334284,0.3564729198561372,2.2832710994317587e-05,False,False
1067,2014-05-21,250000.0,0.026295393494301378,0.9947376058607283,0.00022268362211780304,False,False
1083,2014-05-21,299900.0,0.018559856506374987,-1.0114391320124065,0.00016121633903947596,False,False
1065,2014-05-21,525000.0,0.017974323170821815,0.9209762920202952,0.00012937350901391292,False,False
1105,2014-05-21,450000.0,0.02349989393688831,1.1444741449593399,0.0002626783823377113,False,False
1075,2014-05-21,175000.0,0.02657844448362867,-0.7037904583992446,0.00011270264386438971,False,False
1053,2014-05-21,815000.0,0.5006460247133783,-0.1484429026348333,0.00018410258658621721,True,False
1061,2014-05-21,635000.0,0.019587601306012004,0.9994763880266188,0.00016631686571600687,False,False
1058,2014-05-21,288400.0,0.02152046671674085,-0.5793585743984242,6.151960966870947e-05,False,False
1084,2014-05-21,691000.0,0.018449937338556266,0.017343875397351632,4.711871997602394e-08,False,False
1048,2014-05-21,535800.0,0.016963450811062125,0.07639010725653465,8.391460067083158e-07,False,False
1118,2014-05-21,318989.0,0.015398809658273616,0.5792595494680582,4.373125617166375e-05,False,False
1117,2014-05-21,700000.0,0.016020699472643063,-0.3867426254996709,2.0293565033681394e-05,False,False
1078,2014-05-21,1580000.0,0.01993778433283122,1.7811966167831235,0.0005378556372634586,False,False
1107,2014-05-21,525000.0,0.03686977874899572,1.4454918088302748,0.0006665543161736546,False,False
1125,2014-05-21,700000.0,0.02691824444614152,0.22529357402131767,1.1700751769885446e-05,False,False
1071,2014-05-21,895000.0,0.025437299945625366,-0.5387705726075314,6.313754820144278e-05,False,False
1076,2014-05-21,270000.0,0.021724519054048402,-0.2233543518430425,9.23201695239134e-06,False,False
1111,2014-05-21,600000.0,0.034146016638496424,-0.47332493767013495,6.600336828871575e-05,False,False
1077,2014-05-21,495000.0,0.031468488558756696,-1.3528259908222515,0.0004955240753142055,False,False
1093,2014-05-21,589000.0,0.026725285061858336,-0.22591155366912888,1.1678378428783145e-05,False,False
4410,2014-05-21,266066.67,0.025216879309433393,-1.0699852189686867,0.0002468071005464124,False,False
1097,2014-05-21,452000.0,0.022715648446769265,0.9128864616183915,0.0001614196795264574,False,False
1106,2014-05-21,220000.0,0.01680033122622318,-2.655719965223387,0.0010042906781597342,False,False
1064,2014-05-21,567000.0,0.01567395935064586,-0.2045378070136455,5.551440455758711e-06,False,False
1103,2014-05-21,520000.0,0.023591220697413595,-0.8137761394473906,0.00013333599172021563,False,False
1082,2014-05-21,299800.0,0.022698149720905253,0.3189992304381334,1.969517118955814e-05,False,False
1134,2014-05-21,1030000.0,0.03662083796270976,-0.818950009200581,0.00021245383141385232,False,False
1131,2014-05-21,950000.0,0.031777321868830255,-0.15249573670288805,6.360279499320386e-06,False,False
1110,2014-05-21,600000.0,0.015370464674207218,0.3898891408152708,1.977493984129624e-05,False,False
1060,2014-05-21,619420.0,0.04588131157449332,-0.18421655276656407,1.3599078412592708e-05,False,False
1115,2014-05-21,285000.0,0.02881266660967849,-0.27576984677685307,1.8801511042560867e-05,False,False
1070,2014-05-21,385500.0,0.04621494072560747,0.33005821473222163,4.3987748343186095e-05,False,False
1072,2014-05-21,368250.0,0.015039722206607514,-1.626395390849733,0.0003365829573516924,False,False
1137,2014-05-21,360000.0,0.012509231834384543,-1.2619362619938104,0.00016810908769474532,False,False
1073,2014-05-21,249900.0,0.0214062788094235,-0.19688545094332272,7.066180973312095e-06,False,False
1102,2014-05-21,430000.0,0.01663203967492649,-0.4244625215958737,2.5393754203890495e-05,False,False
1091,2014-05-21,218000.0,0.020744437176709513,-0.4589649696109063,3.7186340511271705e-05,False,False
1062,2014-05-21,210000.0,0.024461162874925862,-2.0558900872611647,0.0008831837600521673,False,False
1074,2014-05-21,350000.0,0.0177847863001257,0.12159591981881758,2.2309958016139276e-06,False,False
1122,2014-05-21,300000.0,0.021653011515240045,0.7847411035526771,0.00011357871479047478,False,False
1187,2014-05-22,1180500.0,0.02522092530001624,2.3094930032143433,0.0011500239204639043,False,True
1169,2014-05-22,150000.0,0.03346477416675206,-1.5646942305999072,0.0007063955069463385,False,False
1214,2014-05-22,660000.0,0.017952487672341977,0.3389871751069995,1.750561718406612e-05,False,False
1145,2014-05-22,373500.0,0.03291587790000289,-0.3447923502595977,3.371903888873879e-05,False,False
4327,2014-05-22,370000.0,0.02122175712174234,-0.7189347194991131,9.338877997484298e-05,False,False
1165,2014-05-22,235750.0,0.06633577499322996,0.868246217571463,0.0004463357183327295,False,False
1139,2014-05-22,324000.0,0.04592458914115338,0.1563461681848915,9.805185495961922e-06,False,False
1149,2014-05-22,494400.0,0.056799943589525004,-0.9672384085907474,0.0004694938502373774,False,False
1140,2014-05-22,1050000.0,0.018118605776373364,0.156251369019187,3.7543275588769163e-06,False,False
1163,2014-05-22,305000.0,0.035312579450244325,-1.0468510547593268,0.000334296146762984,False,False
1175,2014-05-22,337000.0,0.019369895964567146,0.06029023543139847,5.983217359461132e-07,False,False
1186,2014-05-22,677000.0,0.017187832074471582,0.5818119111554282,4.93326616246646e-05,False,False
1199,2014-05-22,648360.0,0.03821548189007662,-0.03957347738247667,5.185477336434478e-07,False,False
1185,2014-05-22,180000.0,0.061403468176873394,0.18015227079107388,1.7693436501299778e-05,False,False
1208,2014-05-22,321000.0,0.020172083070832625,-0.12262488749142059,2.5797459343897872e-06,False,False
1146,2014-05-22,770000.0,0.015325576915899086,0.6571289572627803,5.600723588169917e-05,False,False
1178,2014-05-22,348580.0,0.014461628914253621,0.15466290951691178,2.925060015173806e-06,False,False
1193,2014-05-22,665000.0,0.04494934172056064,-0.023313520969530488,2.1317261800763623e-07,False,False
1210,2014-05-22,2150000.0,0.0370809499035783,0.14269211366989187,6.534009602756726e-06,False,False
1216,2014-05-22,259000.0,0.041902040280326514,0.4993554388598385,9.087900795014524e-05,False,False
1202,2014-05-22,353250.0,0.02285551832043034,0.2629153007404362,1.3473572618735277e-05,False,False
1182,2014-05-22,910000.0,0.014644448795008036,0.5442505979751637,3.668568611826591e-05,False,False
1147,2014-05-22,356000.0,0.024769247493579793,0.28835182161936196,1.759825383385224e-05,False,False
1171,2014-05-22,555000.0,0.014382189977175663,-0.28883766011790046,1.0144785498709764e-05,False,False
1217,2014-05-22,353000.0,0.06473958745636793,0.012993937648133566,9.739522975552924e-08,False,False
1167,2014-05-22,385000.0,0.02649686313716182,-0.07537515793986019,1.2886421470648238e-06,False,False
1170,2014-05-22,254500.0,0.01900820564716695,-1.3030719952798004,0.00027417719172712513,False,False
1189,2014-05-22,482000.0,0.028965488911398544,0.4659424696493817,5.396715782850174e-05,False,False
1143,2014-05-22,749000.0,0.016964396764130973,0.09177871507281597,1.2113562216658008e-06,False,False
1181,2014-05-22,295000.0,0.03564312055995665,0.5160357800665427,8.20193495361949e-05,False,False
1162,2014-05-22,320000.0,0.03148076924303231,0.42812691409621817,4.9647902173153485e-05,False,False
4328,2014-05-22,475000.0,0.011724251358228077,-0.35011069020344904,1.2118154344785428e-05,False,False
1151,2014-05-22,926300.0,0.03626358309392147,1.2825394308111533,0.0005157896809245503,False,False
1194,2014-05-22,592500.0,0.012854824396945463,0.07981194266171088,6.91257153563054e-07,False,False
4345,2014-05-22,850000.0,0.0636218535419486,-0.6860734332071944,0.00026651091914134986,False,False
4337,2014-05-22,657500.0,0.014862232768634756,0.07419378708211502,6.920554970506265e-07,False,False
1142,2014-05-22,180000.0,0.03541159858806353,0.4382697254488311,5.8763167104894896e-05,False,False
1153,2014-05-22,430000.0,0.02718017262364636,0.05706923271528556,7.58302727781997e-07,False,False
1198,2014-05-22,380000.0,0.02885503844072812,-0.07183524862497012,1.2777078065756142e-06,False,False
1188,2014-05-22,635700.0,0.01720400458354998,-0.16221810818413235,3.8386948486555325e-06,False,False
1200,2014-05-22,432000.0,0.019183003290476064,-0.8195448976949927,0.00010946943426844262,False,False
1206,2014-05-22,330000.0,0.026763186877526657,-1.2196460178364887,0.0003408832461577754,False,False
1173,2014-05-22,245000.0,0.03087888569321895,0.36776778292381423,3.591283427366746e-05,False,False
1218,2014-05-22,430000.0,0.023628913622568193,-0.21553583540413,9.368856195224397e-06,False,False
1203,2014-05-22,1000000.0,0.019375590394712663,0.1159608915227275,2.214083984581463e-06,False,False
1209,2014-05-22,1051000.0,0.019395526762638948,0.5652278633082303,5.26591188956797e-05,False,False
1172,2014-05-22,1075000.0,0.050187467970864874,0.012860392592786117,7.282568816777682e-08,False,False
1154,2014-05-22,307000.0,0.033940569166796004,-0.8660068666799501,0.00021957187050708412,False,False
1155,2014-05-22,604700.0,0.037808799846912156,1.3884051643915067,0.0006312228416665554,False,False
1138,2014-05-22,480000.0,0.026006707882476998,0.19760464918622705,8.688453561854814e-06,False,False
1196,2014-05-22,655000.0,0.016726459482798745,-0.31963645465076596,1.4483083481541375e-05,False,False
1160,2014-05-22,361000.0,0.05844645425529582,1.4161939463827602,0.0010374743474614147,False,False
1192,2014-05-22,398000.0,0.03606462999511348,2.716723583325553,0.002301140966858581,False,True
4411,2014-05-22,342246.43,0.01548107668795462,0.9438492140436721,0.00011673499926171538,False,False
1156,2014-05-22,219900.0,0.06492199302272328,0.5077296885919077,0.0001491515848984131,False,False
1179,2014-05-22,180000.0,0.08332047958101879,-0.5238507806570991,0.00020785868574980815,True,False
4415,2014-05-22,240015.33,0.015775930789496406,-0.16139727662644188,3.479462572789326e-06,False,False
1191,2014-05-22,805000.0,0.028833535678461975,0.16967873075160475,7.123243508308555e-06,False,False
1201,2014-05-22,1050000.0,0.02688205910410124,-0.7602436576961894,0.00013305200319539093,False,False
1168,2014-05-22,389950.0,0.016944979594099685,0.10882171170369091,1.7010343526141325e-06,False,False
1197,2014-05-22,622500.0,0.020234004990226248,0.27492319150573874,1.3007714560124181e-05,False,False
1205,2014-05-22,349900.0,0.0497247445412049,0.6744933503594811,0.0001983797044009553,False,False
1141,2014-05-22,275000.0,0.045394592728231986,-0.26624562861578477,2.8090790442631315e-05,False,False
1207,2014-05-22,408000.0,0.05640942702879809,0.42990857939709903,9.207443727560791e-05,False,False
1150,2014-05-22,585000.0,0.036848800184060726,0.28614546018551407,2.610485922976235e-05,False,False
1164,2014-05-22,503000.0,0.08240131985033666,-1.2401218641435743,0.0011508768933830686,True,True
1177,2014-05-22,1170000.0,0.03606141929615991,-0.015197759721328764,7.200644244006495e-08,False,False
1183,2014-05-22,1150000.0,0.03939956689994292,-0.7973171069438735,0.0002172849208727982,False,False
1180,2014-05-22,400000.0,0.02205994254562796,0.4493466673574168,3.795543257124068e-05,False,False
1152,2014-05-22,600000.0,0.019090146192266427,0.18521293832361152,5.5634162445102815e-06,False,False
1166,2014-05-22,657000.0,0.024765475496155376,0.8132898970059551,0.0001399739157420663,False,False
1159,2014-05-22,300000.0,0.030472616548206155,-0.530588812659977,7.373685297456942e-05,False,False
1195,2014-05-22,940000.0,0.03459942681565789,1.4824620972379086,0.0006563678532487294,False,False
1161,2014-05-22,249950.0,0.03292752985812725,0.12326818855803277,4.311425776664053e-06,False,False
1176,2014-05-22,492000.0,0.027836477359481693,-0.6666044761832824,0.00010603034122924192,False,False
1184,2014-05-22,431500.0,0.024625166459807557,-0.7089511202704513,0.00010574478761275245,False,False
1148,2014-05-22,625000.0,0.012342241207038585,0.35672209572543395,1.3251539194960281e-05,False,False
1174,2014-05-22,319950.0,0.03529110454050843,0.9937686314077144,0.0003010636273775558,False,False
1211,2014-05-22,359000.0,0.016142402633188613,-0.6226280395262082,5.300441377745581e-05,False,False
1158,2014-05-22,432000.0,0.022372391154695553,0.13033592701126154,3.239559719713523e-06,False,False
1204,2014-05-22,320000.0,0.01759754445428227,-0.605228630757182,5.467896866541056e-05,False,False
1212,2014-05-22,300000.0,0.040022069824439704,-2.3555156825919408,0.0019276538524643848,False,True
1215,2014-05-22,355000.0,0.012831652160459839,-0.7470779935564351,6.045636034537415e-05,False,False
1190,2014-05-22,168000.0,0.029508362574049596,-2.0763979603946914,0.0010924290859975361,False,False
1213,2014-05-22,380000.0,0.031376240171440944,-1.5339953877040988,0.0006352031518785018,False,False
1157,2014-05-22,270000.0,0.01888543104889881,-1.0214368171712964,0.00016735895153023017,False,False
1144,2014-05-22,1600000.0,0.03218527510902336,0.7796470983392794,0.00016845344148124595,False,False
1280,2014-05-23,244000.0,0.027904105847648714,-1.0727817196757843,0.0002752963698995725,False,False
1246,2014-05-23,535000.0,0.011732007105757503,-0.7366442540120812,5.368240354536961e-05,False,False
1290,2014-05-23,255000.0,0.024369606788723464,0.10617256523630633,2.34642445063027e-06,False,False
1292,2014-05-23,550000.0,0.017926590597461878,-0.3151389634155735,1.5106947025959342e-05,False,False
1291,2014-05-23,665000.0,0.01662649819186146,0.8011154147624306,9.04255624090569e-05,False,False
1294,2014-05-23,334000.0,0.032613898428892646,-0.12373359495946752,4.30127180152795e-06,False,False
1237,2014-05-23,149000.0,0.02770262188162667,-3.677044372416634,0.0032102455677001885,False,True
1257,2014-05-23,410000.0,0.013717284278527142,-0.26022345766027677,7.848349904661103e-06,False,False
1293,2014-05-23,606000.0,0.0263833452175736,0.9278827780792425,0.0001944226453307159,False,False
1224,2014-05-23,980000.0,0.03458507942833683,-0.835555017544445,0.00020842203300223852,False,False
1251,2014-05-23,416000.0,0.012183506266168265,0.2173747662843397,4.856607740660385e-06,False,False
1260,2014-05-23,735000.0,0.011163604158370977,0.4204175440929084,1.6628780534271433e-05,False,False
1248,2014-05-23,465425.0,0.02338957832632666,-0.8239572435534408,0.00013549683282937608,False,False
1231,2014-05-23,306000.0,0.03339771736175514,0.49574754913322805,7.076342978172829e-05,False,False
1272,2014-05-23,335000.0,0.01709178371832515,0.43710967669766115,2.7686880040716758e-05,False,False
1242,2014-05-23,950000.0,0.034346800579851566,0.3289204803962234,3.206754335172796e-05,False,False
1289,2014-05-23,388000.0,0.016415669753126305,0.045767495416227294,2.91326541152626e-07,False,False
1255,2014-05-23,433000.0,0.015070461291158743,-0.4302012476580438,2.35984494593848e-05,False,False
1271,2014-05-23,350000.0,0.026264616157951448,1.019996681927486,0.00023385484840763476,False,False
1221,2014-05-23,782000.0,0.015841554366421262,0.5836419017487926,4.569245051040366e-05,False,False
1299,2014-05-23,375000.0,0.040643583388495746,-0.134679964929314,6.403785103942929e-06,False,False
1287,2014-05-23,379000.0,0.022679238848985067,-0.4778012130910782,4.414734600762914e-05,False,False
1240,2014-05-23,1050000.0,0.026410942965135187,-0.9467367525622804,0.0002026214650463132,False,False
1232,2014-05-23,235000.0,0.027785034686540477,-0.6811770337884258,0.00011050638944882993,False,False
1243,2014-05-23,377691.0,0.027362836893382647,-0.017298109306187137,7.01497762987109e-08,False,False
1282,2014-05-23,445000.0,0.020818557826945694,1.383085734275632,0.0003389256400211634,False,False
1253,2014-05-23,200000.0,0.04752147378120786,-0.6751994825100935,0.00018954732648481797,False,False
1258,2014-05-23,554820.0,0.038601706787185525,-0.25052521097736374,2.100026561594593e-05,False,False
1276,2014-05-23,1200000.0,0.023361214587031387,0.06984966130861565,9.725430046595652e-07,False,False
1286,2014-05-23,498000.0,0.02624601130994142,0.34832315132219877,2.7251944613310204e-05,False,False
1263,2014-05-23,258000.0,0.01910441128528956,-0.17308776217961067,4.862530716660386e-06,False,False
1233,2014-05-23,399500.0,0.039734553178869356,-0.28407161984060786,2.782604487130353e-05,False,False
1241,2014-05-23,625000.0,0.015028935750530756,-0.002838743680984499,1.024650769309532e-09,False,False
1264,2014-05-23,661254.0,0.031830933337660156,-0.7523073296867666,0.00015506276029598543,False,False
1278,2014-05-23,670500.0,0.03757814139017229,1.6193500571491268,0.0008532377343081045,False,False
4416,2014-05-23,83300.0,0.039909946860635814,-4.8459792769339,0.008134877893064338,False,True
4418,2014-05-23,259585.57,0.03225362769020862,-0.5753441661958308,9.193718416842827e-05,False,False
1244,2014-05-23,648475.0,0.05379982949908585,-1.164793845692602,0.000642857575391744,False,False
1254,2014-05-23,402000.0,0.017615286704889183,-0.20923794832560916,6.541958428475118e-06,False,False
1227,2014-05-23,662990.0,0.027851391916743934,1.1661149924145637,0.00032465026210802024,False,False
1249,2014-05-23,675000.0,0.019008150082056474,-0.014636044939296648,3.4589212594025563e-08,False,False
1252,2014-05-23,595000.0,0.05677450793885164,-0.09670180751232224,4.690571784643711e-06,False,False
1269,2014-05-23,1610000.0,0.03055186082886759,0.07469739344879073,1.4653546086746163e-06,False,False
1256,2014-05-23,275000.0,0.03200484417640759,-0.009259130940292268,2.3621188138646645e-08,False,False
1296,2014-05-23,235000.0,0.026000839950484023,-1.427910812339361,0.0004535756314618231,False,False
4336,2014-05-23,505000.0,0.02389638556702592,-0.35696022733006155,2.599529253220086e-05,False,False
1230,2014-05-23,175000.0,0.033072523497363386,-1.2464476558622881,0.0004428333053061089,False,False
1261,2014-05-23,607000.0,0.02633067665580735,-0.14639637226895033,4.829808556132753e-06,False,False
1229,2014-05-23,439950.0,0.014942948226733088,-0.17566146400517754,3.900736887143628e-06,False,False
1220,2014-05-23,80000.0,0.2263168550982474,-3.5468117653143723,0.0306654116282923,True,True
4417,2014-05-23,316850.0,0.022910889149941938,-1.8376523884276765,0.0006598622012324094,False,False
1228,2014-05-23,225000.0,0.018268431585651806,-1.192688976393432,0.0002205878923831056,False,False
1262,2014-05-23,549900.0,0.024873019446223277,0.9342000133384141,0.00018550936065920128,False,False
1259,2014-05-23,1325000.0,0.025403703767292368,0.7978668280575906,0.00013827760720164873,False,False
1273,2014-05-23,900000.0,0.03717368324689664,0.6665373815042014,0.0001429405397857637,False,False
1250,2014-05-23,599000.0,0.015203731823239197,-0.3754849688959169,1.81387632779772e-05,False,False
1267,2014-05-23,132500.0,0.02611869769170121,-1.2739278650177486,0.00036270531459329337,False,False
1223,2014-05-23,325000.0,0.024117527940820838,-1.1848526222764444,0.00028912303539147026,False,False
1225,2014-05-23,902000.0,0.016537584393309213,1.1570293759791628,0.0001875952470963715,False,False
1266,2014-05-23,799950.0,0.023875819623872505,1.1859938338932126,0.0002867060346748388,False,False
1222,2014-05-23,218000.0,0.021380779493489294,-0.8410006367748273,0.000128771927528604,False,False
1297,2014-05-23,580000.0,0.04168232596130417,-0.8425123117616106,0.00025728455364056524,False,False
1235,2014-05-23,515000.0,0.025550635323847465,0.32651688273517715,2.3295522934720188e-05,False,False
1279,2014-05-23,552000.0,0.016511811358196987,0.34299068455011544,1.6459209519836945e-05,False,False
1234,2014-05-23,478000.0,0.02059562489495731,0.4664709310252152,3.81312338047005e-05,False,False
1268,2014-05-23,467100.0,0.012301057528748494,-0.07413604488606164,5.704209146664624e-07,False,False
1275,2014-05-23,464600.0,0.02436702000074656,0.542459920898476,6.12449118184323e-05,False,False
1284,2014-05-23,90000.0,0.04798918582480172,-2.6120150207040553,0.0028659696977933933,False,True
1270,2014-05-23,641000.0,0.014523075818581754,0.5975464166008148,4.3850463872871655e-05,False,False
1277,2014-05-23,300000.0,0.03346893934920997,0.5639784663845407,9.178462391901404e-05,False,False
1226,2014-05-23,556000.0,0.0196829371613067,0.8916984945052738,0.00013303875283158655,False,False
1274,2014-05-23,440000.0,0.017237225540378986,-0.49421186788691185,3.569963377316852e-05,False,False
1283,2014-05-23,530000.0,0.013651658762236896,0.17973686358186097,3.726045701584663e-06,False,False
1239,2014-05-23,527550.0,0.0397716461219708,2.82994494823037,0.002764227409147406,False,True
1285,2014-05-23,585000.0,0.012823557044653211,0.16717087956185653,3.0251975065991694e-06,False,False
1238,2014-05-23,526000.0,0.015596276054109542,0.23296577327780646,7.165568634746205e-06,False,False
1219,2014-05-23,460000.0,0.012764620438318802,-0.4764606327408451,2.4460199499620772e-05,False,False
1288,2014-05-23,462000.0,0.017071071364056112,-0.19447968033695728,5.4740136850484046e-06,False,False
1247,2014-05-23,449950.0,0.01408905014847639,-0.7701772807351097,7.063894193085293e-05,False,False
1245,2014-05-23,383000.0,0.021496091831333608,-0.26732217545574927,1.3082347219140448e-05,False,False
1295,2014-05-23,360000.0,0.01102337712115764,-0.894456446567739,7.431317046338408e-05,False,False
1281,2014-05-23,788600.0,0.017040093103000697,-0.04463077638014907,2.877556082341283e-07,False,False
1236,2014-05-23,550000.0,0.021667466811157,1.1272834586917009,0.00023453446254330482,False,False
1298,2014-05-23,355000.0,0.011126174461211724,-0.8061477319569819,6.0933063105996924e-05,False,False
1265,2014-05-23,945000.0,0.09439533060020419,0.20548414223014966,3.667644524177068e-05,True,False
1307,2014-05-24,347000.0,0.019799097753044614,-0.13687348100809044,3.1534625728633245e-06,False,False
1300,2014-05-24,372000.0,0.032344667388511515,-0.01224950810994341,4.17963202629507e-08,False,False
1310,2014-05-24,820000.0,0.017680581826057196,0.05910310952791821,5.239420300128362e-07,False,False
1305,2014-05-24,245000.0,0.01756153237930589,0.2000453271426516,5.961185357055429e-06,False,False
1303,2014-05-24,1680000.0,0.02687827106583357,2.2339337558553676,0.0011486652810371405,False,True
1308,2014-05-24,199000.0,0.026932516085389324,-0.15148841107462574,5.293117590528143e-06,False,False
1309,2014-05-24,440500.0,0.019458657439026,-0.5627313756185836,5.2368239918714985e-05,False,False
1306,2014-05-24,496700.0,0.01773357197711478,-0.19735401577597544,5.859730072256858e-06,False,False
1302,2014-05-24,2000000.0,0.07050194424611446,0.508730477426154,0.00016358627941406623,True,False
1301,2014-05-24,479000.0,0.013205475215915419,0.04004754554473937,1.7885367374336803e-07,False,False
1304,2014-05-24,501000.0,0.015451720233931376,0.29902578182357875,1.1694343374411607e-05,False,False
1312,2014-05-25,195000.0,0.016404172543311252,-2.267685867353691,0.0007146973829231016,False,False
1313,2014-05-25,675000.0,0.014020841012265695,-0.6225731614253532,4.593099703635639e-05,False,False
1311,2014-05-25,325000.0,0.06702900772413606,-1.464800260589841,0.0012846068111765426,True,True
1315,2014-05-25,355300.0,0.02733224583084004,-0.5293159700631602,6.560841536829161e-05,False,False
1314,2014-05-25,295000.0,0.016256151484541764,0.3441649961000284,1.631127301949288e-05,False,False
4341,2014-05-26,690000.0,0.012688269904427896,-0.32635849877175205,1.1406613309194262e-05,False,False
1320,2014-05-26,346000.0,0.017814943337083,0.03991460434274953,2.4080945470509847e-07,False,False
1318,2014-05-26,880000.0,0.02363593391343025,2.001769061047017,0.0008083653300538984,False,False
1319,2014-05-26,370000.0,0.027720435971518076,-0.3237381993048917,2.490092878397643e-05,False,False
1317,2014-05-26,460000.0,0.04935133301942149,0.3189178836367312,4.400027036226389e-05,False,False
1321,2014-05-26,172500.0,0.02633236714582978,-0.2732260084345109,1.6824493456293723e-05,False,False
1316,2014-05-26,276000.0,0.021037341236721158,0.3921438967218815,2.7538127039603243e-05,False,False
1322,2014-05-26,379950.0,0.022641342475268555,0.20829573566872722,8.375827441930671e-06,False,False
1371,2014-05-27,857000.0,0.01787193096199502,-0.9347390833669496,0.0001324960442789891,False,False
1402,2014-05-27,535000.0,0.03211178446603061,0.6162088976145043,0.00010498177751453626,False,False
1382,2014-05-27,355000.0,0.015702764746526765,0.01610413719442213,3.447811679275729e-08,False,False
1342,2014-05-27,949880.0,0.026388351593997716,-0.04467318596538021,4.50753499500309e-07,False,False
1395,2014-05-27,280000.0,0.033367918260771706,0.5150198014318039,7.630175306208975e-05,False,False
1328,2014-05-27,360000.0,0.01641312227436037,0.756395677887162,7.956009810064347e-05,False,False
1366,2014-05-27,292050.0,0.07804842862678862,0.46427582526531475,0.00015206418899843028,True,False
1334,2014-05-27,265000.0,0.026095430237204287,0.3384752191239679,2.5581179667241826e-05,False,False
1341,2014-05-27,800000.0,0.020583895565736032,0.8801946152074681,0.00013568645548394357,False,False
1327,2014-05-27,326100.0,0.03497160948484568,-0.26801073055554137,2.169195271254396e-05,False,False
1326,2014-05-27,312000.0,0.019927805470423582,0.07129668602919571,8.613087284844606e-07,False,False
1393,2014-05-27,675000.0,0.05357879521728892,-0.7590374428204409,0.00027180261784294263,False,False
1413,2014-05-27,754950.0,0.034274343984175726,-0.3570063837264985,3.769520414021398e-05,False,False
1416,2014-05-27,399950.0,0.02190048467567199,0.904731142627533,0.00015273146452590353,False,False
1384,2014-05-27,244000.0,0.03582773158677213,0.28199759506821237,2.4624886583885154e-05,False,False
1337,2014-05-27,160000.0,0.034435820128687206,-1.552817511217383,0.0007166199238211742,False,False
1408,2014-05-27,268000.0,0.05288789658088097,0.8780606704564365,0.0003587754452910876,False,False
1335,2014-05-27,375000.0,0.014009741177834378,-0.15278429318681022,2.7639721353263537e-06,False,False
1411,2014-05-27,760000.0,0.01345906277488651,-0.504456578972672,2.8931172986845908e-05,False,False
1396,2014-05-27,960000.0,0.02000528436567213,0.16293372466699252,4.5160809744388135e-06,False,False
1373,2014-05-27,465000.0,0.01663871899889391,0.07864172022947054,8.720302419548815e-07,False,False
1352,2014-05-27,389000.0,0.023735380671397244,-0.20429662009923227,8.456093343314118e-06,False,False
1338,2014-05-27,1570000.0,0.02772099872924802,0.7749274692405363,0.0001426785977150826,False,False
1355,2014-05-27,415000.0,0.029070023247402155,0.172164865429604,7.395461459003732e-06,False,False
1363,2014-05-27,1100000.0,0.024882900050712448,0.1793591917896739,6.8408529215337136e-06,False,False
1390,2014-05-27,313000.0,0.026884844392853546,-0.36886768656358504,3.132587918011088e-05,False,False
1336,2014-05-27,326500.0,0.024064843361670366,-1.1295752048769863,0.00026218698618349253,False,False
1360,2014-05-27,570000.0,0.023004260053312145,0.7195304228612754,0.00010158572279055779,False,False
1375,2014-05-27,475000.0,0.01296800925097652,0.2962365521340739,9.608113517133065e-06,False,False
1351,2014-05-27,457500.0,0.03947300033458556,0.7661894391468115,0.0002010396124005654,False,False
1394,2014-05-27,305000.0,0.01886516399034388,0.25132502993369793,1.0120969792732627e-05,False,False
1344,2014-05-27,399000.0,0.020058430173189368,-0.40799315212686477,2.8393652406668864e-05,False,False
1398,2014-05-27,274950.0,0.032742932351693455,0.3874749644919002,4.235275903306642e-05,False,False
1407,2014-05-27,293000.0,0.031020512860915006,-2.3927200382406486,0.0015273441917405092,False,True
1387,2014-05-27,1600000.0,0.055233094098069424,0.6858699200365579,0.00022918013328801905,False,False
1365,2014-05-27,495000.0,0.03432521590224408,-0.5364467208213324,8.524213725867378e-05,False,False
1329,2014-05-27,438000.0,0.021944723271744238,0.5447810270115402,5.5491876398376696e-05,False,False
1380,2014-05-27,780000.0,0.04147350565005889,-0.06997474031275863,1.7655010081893262e-06,False,False
1409,2014-05-27,475000.0,0.05655154257382033,-1.195440344094493,0.0007138399473293516,False,False
1330,2014-05-27,360000.0,0.03415476870263523,-0.462405262753351,6.300979972089391e-05,False,False
4419,2014-05-27,328211.9,0.02062560148633904,1.1673790520274576,0.0002391665401548546,False,False
1388,2014-05-27,527500.0,0.018348191667169694,-0.001397073942757853,3.04013826931841e-10,False,False
1383,2014-05-27,282000.0,0.026669319941673097,-0.00504409673563346,5.809477798207737e-09,False,False
1368,2014-05-27,295832.0,0.03813973744807053,1.5094573593920657,0.0007528807070947787,False,False
1376,2014-05-27,255000.0,0.026524867772068472,-0.026900474870516545,1.6431114157668243e-07,False,False
1358,2014-05-27,540000.0,0.035373520721746654,-0.6322875558606732,0.00012217071931133164,False,False
1414,2014-05-27,263900.0,0.04588418617809886,0.12230885586280363,5.995100948361487e-06,False,False
1343,2014-05-27,405000.0,0.02446474963677936,0.1716222078069684,6.155502780973585e-06,False,False
1379,2014-05-27,715000.0,0.020250370772343984,0.9511355702399935,0.0001558193802251591,False,False
1356,2014-05-27,1655000.0,0.03324964853547954,1.5103397020621103,0.000653793730802829,False,False
1401,2014-05-27,312900.0,0.01673602619512587,0.5890978990558244,4.9223888857773246e-05,False,False
1349,2014-05-27,325000.0,0.024439176541455165,0.5131901400748262,5.49803598898984e-05,False,False
1362,2014-05-27,283200.0,0.03309381986342014,-0.1457195781024909,6.0564359237618326e-06,False,False
1369,2014-05-27,450000.0,0.029916257400306758,0.14928202225705134,5.727060989111831e-06,False,False
1385,2014-05-27,967500.0,0.0304542106620197,-0.7337005264834046,0.00014090793109843055,False,False
1347,2014-05-27,260000.0,0.017056648227575744,-1.3515937647113945,0.00026416563266193636,False,False
1391,2014-05-27,587000.0,0.024389601255988436,-0.32540486527803014,2.2059472208225037e-05,False,False
4420,2014-05-27,673476.82,0.018688593439554604,-0.08406511570460591,1.1215539089107257e-06,False,False
1361,2014-05-27,569950.0,0.025191387980155466,-0.4673383970068629,4.70342715724266e-05,False,False
1323,2014-05-27,468000.0,0.01335504221476111,0.19759496765471465,4.4040767405084745e-06,False,False
1332,2014-05-27,688000.0,0.03907310427177241,-0.806606809182104,0.00022046014509218516,False,False
1389,2014-05-27,994000.0,0.027020658361946087,-0.07527317944095481,1.3112683594330578e-06,False,False
1381,2014-05-27,345000.0,0.023628678512467083,0.007499562727536058,1.1342663723661028e-08,False,False
1331,2014-05-27,1050000.0,0.031882125948643425,0.9276565640236817,0.00023616320417698165,False,False
1400,2014-05-27,970000.0,0.01965486927473853,-0.43791902919323594,3.2040372174441884e-05,False,False
1419,2014-05-27,450800.0,0.021028901134324873,0.013083299859774128,3.06407966658417e-08,False,False
1397,2014-05-27,500000.0,0.016616804880552866,0.07357150155475449,7.62189096196682e-07,False,False
1377,2014-05-27,435000.0,0.027607609111214848,0.514874605458618,6.272041796437399e-05,False,False
1340,2014-05-27,400000.0,0.054738564792388644,-0.0887733081061859,3.8029886424164966e-06,False,False
1417,2014-05-27,370000.0,0.027408320896890798,0.9138406716964054,0.00019611535600748032,False,False
1421,2014-05-27,495000.0,0.03096589904333738,1.0851883461645342,0.00031359824930164053,False,False
1405,2014-05-27,480000.0,0.026007305039875445,1.2043553703103467,0.0003227510864800423,False,False
1406,2014-05-27,725000.0,0.03292119252572856,-0.2275401360213457,1.468752006649799e-05,False,False
1350,2014-05-27,344950.0,0.03519846120572323,0.8687822453769696,0.00022947021261601427,False,False
1333,2014-05-27,585000.0,0.016604428858785936,1.187941708548065,0.00019856591848530799,False,False
1370,2014-05-27,1381000.0,0.021034990893987394,1.0750962926718728,0.00020696106073786328,False,False
1364,2014-05-27,830000.0,0.015734592039463202,1.638109803684042,0.0003574769451607961,False,False
1324,2014-05-27,477000.0,0.02031272145527699,0.6346658262212044,6.959685693562083e-05,False,False
1348,2014-05-27,751750.0,0.03533354515084597,-0.386947625766765,4.570178509981523e-05,False,False
1353,2014-05-27,515000.0,0.015108990106366238,-0.1835549111955799,4.3072297264152245e-06,False,False
1386,2014-05-27,375000.0,0.019126765599644158,-0.5716645634246816,5.310433188913552e-05,False,False
1325,2014-05-27,529000.0,0.02756346470751786,0.4130858934193953,4.030621550493383e-05,False,False
1354,2014-05-27,732000.0,0.05261545312748081,-0.7319413558039661,0.00024794670694033204,False,False
1378,2014-05-27,685000.0,0.015530605598048752,-0.5035473098405131,3.333385070090072e-05,False,False
1418,2014-05-27,1149000.0,0.05808845502039529,-0.6261273851995639,0.00020147624949997322,False,False
1412,2014-05-27,1710000.0,0.02404211213699825,1.100129594946633,0.00024845514230291123,False,False
1357,2014-05-27,535000.0,0.012773577299074856,1.0777236179951686,0.0001252360394268413,False,False
1410,2014-05-27,488000.0,0.01470369903432997,-0.2841231103560661,1.0039027108659352e-05,False,False
1346,2014-05-27,1795000.0,0.029661440660122423,0.45863680085586633,5.3582812319778333e-05,False,False
1399,2014-05-27,455600.0,0.020162326584925935,-0.5273654570347802,4.769014302276243e-05,False,False
1372,2014-05-27,499950.0,0.04071801204489425,-0.10204333728551057,3.6832257456377902e-06,False,False
1359,2014-05-27,525000.0,0.016210171254675915,-1.6399144061493007,0.0003692720104872959,False,False
1392,2014-05-27,304000.0,0.01725156949843587,0.12994381045204892,2.470109481552594e-06,False,False
1345,2014-05-27,730001.0,0.015171027827334621,0.9204161926645144,0.00010875304946166055,False,False
1415,2014-05-27,460000.0,0.016115335802410202,-0.5698940963778222,4.4330460053123144e-05,False,False
1403,2014-05-27,427000.0,0.019392982093972888,0.28888934530070143,1.3754075460009542e-05,False,False
1374,2014-05-27,329000.0,0.02335404425759466,0.27819786672332475,1.542237602039184e-05,False,False
4323,2014-05-27,455500.0,0.012104118173780098,-0.23700077073094866,5.735090173067134e-06,False,False
1404,2014-05-27,405000.0,0.013244469544600845,0.1042243730538698,1.2150169499618074e-06,False,False
1367,2014-05-27,415000.0,0.018236471815339828,0.2208152398723084,7.547632857665529e-06,False,False
4422,2014-05-27,425000.0,0.046893713963527706,-0.20044524707001443,1.6473412585110936e-05,False,False
1420,2014-05-27,627000.0,0.01843967482728856,0.6337851810357688,6.288385784517151e-05,False,False
1339,2014-05-27,735000.0,0.018100036488696333,0.06281047561929633,6.060313970137942e-07,False,False
1487,2014-05-28,277000.0,0.029092651824499688,-0.21329220782474484,1.1359893368613513e-05,False,False
1510,2014-05-28,253400.0,0.03402544443084016,-0.019487349619297566,1.1147113604335423e-07,False,False
1509,2014-05-28,430000.0,0.03929838883483136,-0.9321197417444516,0.0002961749969652151,False,False
1477,2014-05-28,745000.0,0.09572253267952965,0.49095636642995394,0.00021262631753003958,True,False
1438,2014-05-28,537000.0,0.02223680824391927,-0.7331385345516253,0.00010186608494300858,False,False
1452,2014-05-28,245100.0,0.018601484072970118,0.23940378407591084,9.052800987116895e-06,False,False
1449,2014-05-28,555000.0,0.04958953763470539,-0.4425993967501306,8.51763920037412e-05,False,False
4430,2014-05-28,532500.0,0.0300067348438266,-2.3535682565916836,0.0014279808112538943,False,True
1507,2014-05-28,465000.0,0.0159655864033581,-0.1511893930533231,3.0905515270528753e-06,False,False
1521,2014-05-28,739000.0,0.012947953785871213,-0.05219360224786342,2.9779293125881194e-07,False,False
1501,2014-05-28,1970000.0,0.051526455465843696,0.6505932270082998,0.0001916209000911402,False,False
1482,2014-05-28,681716.0,0.021714256100302587,1.1700319670663315,0.0002532173385379347,False,False
1446,2014-05-28,370000.0,0.0202829443542919,0.07331824961077138,9.274131739084958e-07,False,False
1483,2014-05-28,600000.0,0.04781729817098024,0.6234476735033421,0.0001626610297130466,False,False
1457,2014-05-28,215000.0,0.01749462920380873,-1.2303978504996604,0.00022463617236738386,False,False
1506,2014-05-28,490000.0,0.023750636146860245,-0.28898980173968114,1.6931610552647375e-05,False,False
1489,2014-05-28,270000.0,0.029414307723138522,0.01282431459210009,4.153477161663491e-08,False,False
1502,2014-05-28,285000.0,0.02059602822635978,0.24088317443578833,1.0168415946622882e-05,False,False
1453,2014-05-28,665000.0,0.014843257253735712,0.7242113600288104,6.585265664122176e-05,False,False
1472,2014-05-28,600000.0,0.017145384881409154,0.1286460211319187,2.4058548857459347e-06,False,False
1480,2014-05-28,565000.0,0.029537100317467813,-0.8631321490416809,0.0001889566848656682,False,False
1460,2014-05-28,266200.0,0.01536701548240399,-0.5576809236679368,4.044878498114322e-05,False,False
4425,2014-05-28,178650.0,0.03172195319884347,-2.298205881351389,0.0014419707535116878,False,True
1524,2014-05-28,325000.0,0.027776258751332772,-0.6495317004202398,0.00010044469038110479,False,False
1515,2014-05-28,510000.0,0.03503947639401067,0.003844468867252806,4.472388391329085e-09,False,False
1455,2014-05-28,305000.0,0.02751955673157363,-0.0802415876237031,1.51837252843615e-06,False,False
1514,2014-05-28,306000.0,0.016091004952170584,-0.07024044750713841,6.723904416859669e-07,False,False
1433,2014-05-28,254000.0,0.02448355576557415,-0.41363658733640263,3.578463097792512e-05,False,False
4427,2014-05-28,282508.89,0.026345601624145953,0.027763248109539354,1.7380513079681168e-07,False,False
1485,2014-05-28,168500.0,0.03212665115828178,-0.4613084217703168,5.886382057853928e-05,False,False
1517,2014-05-28,875000.0,0.01778749350657094,0.6750517404125846,6.877049833500368e-05,False,False
1450,2014-05-28,326000.0,0.020277430788950446,-0.05639066347817928,5.4845749759715e-07,False,False
1426,2014-05-28,630000.0,0.024829337373203808,0.017869508217763345,6.77529886807181e-08,False,False
1490,2014-05-28,700000.0,0.03201678279519085,0.07398161251809574,1.5086072904861508e-06,False,False
1478,2014-05-28,840500.0,0.037646043969157994,-0.13120816173200436,5.612094366484042e-06,False,False
1520,2014-05-28,499950.0,0.05179270717867751,0.8235233878804047,0.0003086995168655924,False,False
1470,2014-05-28,438750.0,0.01702111882136953,0.3353562948716869,1.6228395960200962e-05,False,False
1498,2014-05-28,157500.0,0.03328564159804065,-0.26183767029288085,1.9671694616418673e-05,False,False
1468,2014-05-28,968000.0,0.04900329333974761,-0.3318110824140085,4.7276659674679885e-05,False,False
1481,2014-05-28,840000.0,0.015532443325519715,0.43853310802230977,2.5284938233190057e-05,False,False
1495,2014-05-28,254000.0,0.01828205822319518,-0.20997173988461357,6.8419328476136795e-06,False,False
1503,2014-05-28,242000.0,0.2013649309781845,0.6509436875236125,0.0008903095963104298,True,False
1459,2014-05-28,655000.0,0.01627390026835572,-0.09208755045979174,1.1690633664933813e-06,False,False
1497,2014-05-28,175000.0,0.02264267001433292,-0.08609800772821434,1.4311304466518665e-06,False,False
1447,2014-05-28,429000.0,0.018024210704493893,0.006530368822587678,6.523034108824031e-09,False,False
1425,2014-05-28,799000.0,0.023837710609535878,0.6190918150812548,7.799583206132051e-05,False,False
1424,2014-05-28,215000.0,0.05311581424736614,0.3361957388028143,5.283602575746809e-05,False,False
1496,2014-05-28,299000.0,0.026591644796976732,-0.3859474086055529,3.390979339905328e-05,False,False
1445,2014-05-28,898000.0,0.030266644268270804,-0.289328765409688,2.1772781782680108e-05,False,False
1475,2014-05-28,479900.0,0.02545674005286158,1.8366571861419618,0.0007343052349784615,False,False
1462,2014-05-28,460000.0,0.03385582261880621,1.257682675707924,0.000461904657106537,False,False
1492,2014-05-28,635000.0,0.024303770297987498,-0.2591799930074355,1.3943786571338977e-05,False,False
1512,2014-05-28,740000.0,0.01801945415984496,1.076308834188077,0.00017714598401013387,False,False
1464,2014-05-28,465000.0,0.04606709457687469,-0.8232975401444134,0.00027277551363663713,False,False
1428,2014-05-28,900000.0,0.027998608577286657,0.6428770175498956,9.920741121746342e-05,False,False
1430,2014-05-28,544500.0,0.33662638392831956,-0.2393171506467213,0.00024219008411843608,True,False
1451,2014-05-28,225000.0,0.018154058258779603,-0.8506831527535775,0.00011150254839061032,False,False
4426,2014-05-28,87500.0,0.044828491608828666,-2.3749626201157485,0.002205997813169299,False,True
1500,2014-05-28,124740.0,0.02605116143176517,-2.6307319561256026,0.0015426340055106477,False,True
1469,2014-05-28,1400000.0,0.05281741407086343,1.6150558740982552,0.0012120967502419575,False,True
1513,2014-05-28,186950.0,0.041617373607033825,-0.15015217213602325,8.158639230795887e-06,False,False
1440,2014-05-28,840000.0,0.04562520601702469,1.221672470330652,0.0005945853530342607,False,False
1431,2014-05-28,599000.0,0.032566504405178026,0.3025037394658832,2.5670260414604926e-05,False,False
1473,2014-05-28,589000.0,0.025321542931171948,0.4669914131167661,4.721340711209687e-05,False,False
1434,2014-05-28,740000.0,0.01945426897965452,0.5012619039730934,4.154274747726373e-05,False,False
1522,2014-05-28,363000.0,0.021645792676957265,-0.9991687864951151,0.00018406611600238493,False,False
1463,2014-05-28,370000.0,0.016740626245014156,-0.37933882560625154,2.0416295812341787e-05,False,False
1427,2014-05-28,267000.0,0.3375343118133485,-0.798547507651899,0.0027075395488169967,True,True
1508,2014-05-28,515000.0,0.019920965595386683,-0.22997477709796973,8.958358815847732e-06,False,False
1474,2014-05-28,590000.0,0.026237679503931716,0.07279304595290435,1.1897918669955826e-06,False,False
1505,2014-05-28,474800.0,0.028269736540171342,-0.09663906769375098,2.2641242149782994e-06,False,False
1435,2014-05-28,225000.0,0.026773214551739807,-0.8739817269961854,0.00017510958720649773,False,False
1443,2014-05-28,450000.0,0.030923179211980706,0.2147867946744273,1.226760656757655e-05,False,False
1444,2014-05-28,681000.0,0.021594500633062896,2.333981514064304,0.001001931102305226,False,False
1479,2014-05-28,420000.0,0.018093143639287157,-0.5110618739332045,4.01060100704189e-05,False,False
1486,2014-05-28,355000.0,0.0158673782199229,-1.278995775236469,0.00021979029894454477,False,False
1441,2014-05-28,224000.0,0.026243346662919644,0.11783254739619278,3.1183012341126485e-06,False,False
1454,2014-05-28,535000.0,0.016510831214089194,0.3515574533939456,1.7290626520095646e-05,False,False
1488,2014-05-28,236000.0,0.017394224744164466,-0.3165677533084742,1.4783520463102909e-05,False,False
4424,2014-05-28,341750.0,0.01479402233107753,-1.9213217510341134,0.000461932144306578,False,False
1511,2014-05-28,355000.0,0.015544836067676648,0.3281652434406839,1.4170792000969524e-05,False,False
1523,2014-05-28,782000.0,0.021046352898213078,-0.8816290953572976,0.00013925323785425164,False,False
1471,2014-05-28,1210000.0,0.020228758161546567,0.5787550301326758,5.763056079065298e-05,False,False
1484,2014-05-28,380000.0,0.022735408391566236,-1.153660066353239,0.0002580269506053122,False,False
1504,2014-05-28,840000.0,0.030844014060136926,0.04228520221294549,4.742122705491276e-07,False,False
1466,2014-05-28,189000.0,0.04863209793673357,-0.6721475482116174,0.00019245203234939128,False,False
1519,2014-05-28,1400000.0,0.05419417581148009,-0.40398679965463147,7.792983113767566e-05,False,False
1437,2014-05-28,1285000.0,0.02958888479599034,0.6884002734948163,0.0001204130777085331,False,False
1439,2014-05-28,335000.0,0.04457025222032135,0.37070251745846133,5.342150972218115e-05,False,False
1465,2014-05-28,1175000.0,0.07388182546832311,0.32607094339261833,7.068286821605004e-05,True,False
1423,2014-05-28,550000.0,0.21768897862796066,4.472936504985406,0.04639393539868559,True,True
1442,2014-05-28,395000.0,0.014946013744745856,-0.17401690438091982,3.828837860700786e-06,False,False
1467,2014-05-28,820000.0,0.028529182014323667,0.3010163640867685,2.217473945669139e-05,False,False
1518,2014-05-28,700000.0,0.026202547825198194,-0.27870595347445043,1.74175126258641e-05,False,False
1436,2014-05-28,925000.0,0.014682746734106189,0.4100807469542905,2.0882800226329652e-05,False,False
1494,2014-05-28,960000.0,0.021200483033292472,0.48311803601304465,4.2128623159889305e-05,False,False
1456,2014-05-28,999000.0,0.04535066738727883,0.7708261033422804,0.000235218453198553,False,False
1491,2014-05-28,425000.0,0.023717744569809407,0.5395084935258743,5.892686250014493e-05,False,False
4428,2014-05-28,450385.71,0.02042802923746259,1.329002212251155,0.00030694480162061355,False,False
1429,2014-05-28,365000.0,0.02205947800104391,0.5692597805763276,6.091476113152593e-05,False,False
4429,2014-05-28,435000.0,0.026021632471555596,-5.298663556118266,0.006250815354953946,False,True
1432,2014-05-28,815000.0,0.014397208032256553,1.1309464905951594,0.00015569663392660666,False,False
1499,2014-05-28,580000.0,0.01744432448731162,0.09028606693974776,1.206027500943518e-06,False,False
4423,2014-05-28,127160.0,0.026987499269320037,-1.968291477250903,0.0008954509501270877,False,False
1422,2014-05-28,310000.0,0.026117923113075037,-0.6080068227968717,8.261671551351215e-05,False,False
1516,2014-05-28,345000.0,0.01179494356335034,-0.8430960248703655,7.070036122113003e-05,False,False
1448,2014-05-28,150000.0,0.03126733731903922,-1.701182068091552,0.0007784080207857782,False,False
1458,2014-05-28,432500.0,0.01366217042199211,-1.2210049785957797,0.00017208682887871448,False,False
1493,2014-05-28,510250.0,0.012789338146032198,0.5201474236432437,2.920854277618638e-05,False,False
1461,2014-05-28,244615.0,0.06634560350882152,-0.5011065356489586,0.00014869791889991397,False,False
1476,2014-05-28,210000.0,0.024433513278129926,-1.173245569025937,0.00028729339730682713,False,False
1547,2014-05-29,750500.0,0.03954608069913007,0.213126992809381,1.5585566173693395e-05,False,False
1564,2014-05-29,405000.0,0.018048150991313294,0.22898999654213553,8.031456258798016e-06,False,False
1548,2014-05-29,550000.0,0.05057265512343903,0.4442566506653445,8.760737131383474e-05,False,False
1538,2014-05-29,246500.0,0.025464750454878282,0.3963355227292412,3.42047660320087e-05,False,False
1537,2014-05-29,695000.0,0.017139073015630973,0.7385805157908394,7.927015467812971e-05,False,False
1569,2014-05-29,329932.0,0.026240376116480335,-0.3762273159547893,3.178613292983402e-05,False,False
1555,2014-05-29,400000.0,0.02292115802565739,0.9377003225600787,0.00017189127425009645,False,False
1525,2014-05-29,485000.0,0.018109314139826804,-0.488426671763475,3.666539426532035e-05,False,False
4431,2014-05-29,408900.0,0.025519641778456635,-1.8523986285451701,0.0007488401809549235,False,False
1544,2014-05-29,2453500.0,0.03272621584777899,1.0333046663038357,0.0003010384078202579,False,False
1542,2014-05-29,145000.0,0.061214026463425775,0.27629667378260103,4.14814971037245e-05,False,False
1534,2014-05-29,264000.0,0.025468660825990586,0.2715554575859259,1.6060021593086408e-05,False,False
1588,2014-05-29,83000.0,0.054322671668401906,-2.9683993813364307,0.0042179513125444375,False,True
1553,2014-05-29,231000.0,0.019882648469197628,-0.5839832309290789,5.7652170632882454e-05,False,False
1590,2014-05-29,210000.0,0.02761199997608299,-0.6407697573055522,9.715855330982747e-05,False,False
1582,2014-05-29,860000.0,0.01564834845727847,0.5662223983095234,4.2472818129307474e-05,False,False
1539,2014-05-29,230000.0,0.017810390159880674,0.4752099177207393,3.4124621534660335e-05,False,False
1529,2014-05-29,267500.0,0.0573425204107266,-0.6945150818549436,0.0002445147015072056,False,False
1540,2014-05-29,302000.0,0.051281357575084924,-0.22241340121260164,2.2282439506506192e-05,False,False
1526,2014-05-29,452000.0,0.02341254807012977,-0.08854139732226,1.5662065624169348e-06,False,False
1594,2014-05-29,645000.0,0.0420450281783572,-0.579832360073335,0.00012296831012496555,False,False
1577,2014-05-29,395000.0,0.026254430658295802,0.07740740859452079,1.3462971343994174e-06,False,False
1561,2014-05-29,400000.0,0.024409350444758837,0.46472524872307386,4.50297861416174e-05,False,False
1532,2014-05-29,389000.0,0.014135369312005458,-0.03982602051834394,1.8951450436459553e-07,False,False
1580,2014-05-29,503000.0,0.024182983522328907,0.9639606298602554,0.00019190170807993964,False,False
1533,2014-05-29,400000.0,0.027039669921878673,0.5127131281811207,6.08798932150684e-05,False,False
4432,2014-05-29,156766.67,0.08331285008879177,-1.1026327032324534,0.000920812784842959,True,False
1581,2014-05-29,672500.0,0.016766688232005666,0.19830535619560916,5.588282442956568e-06,False,False
1579,2014-05-29,723000.0,0.025385471016951267,-0.5143358133825889,5.742019056919651e-05,False,False
1567,2014-05-29,402000.0,0.043210056401588315,1.533872622114984,0.0008854531287479663,False,False
1592,2014-05-29,350000.0,0.042377677145948284,-0.8273059149355098,0.0002524026437100228,False,False
1557,2014-05-29,450000.0,0.024878296002267347,0.5593252079194225,6.651343044513656e-05,False,False
1530,2014-05-29,565000.0,0.01561490205531385,-0.5399748982679519,3.8542522134715704e-05,False,False
1535,2014-05-29,690000.0,0.019164471956311574,-0.34774161777001505,1.96894127567743e-05,False,False
1585,2014-05-29,1425000.0,0.058945575923025045,-0.7039458494757385,0.0002586626566551984,False,False
1571,2014-05-29,525000.0,0.03177181957289796,0.7320999311372727,0.00014656283425450745,False,False
1576,2014-05-29,525000.0,0.03946411804958316,0.9449429067790958,0.0003057163748340197,False,False
1543,2014-05-29,436500.0,0.014641885790340259,-0.2527882784820926,7.912897429898355e-06,False,False
1550,2014-05-29,619000.0,0.021444163104997915,-0.5388992684544894,5.303437218768028e-05,False,False
1559,2014-05-29,332000.0,0.016293565491075024,-0.08683506888168692,1.0407817747068344e-06,False,False
1536,2014-05-29,412000.0,0.026395900717979703,1.088419575969572,0.0002676489444028028,False,False
1586,2014-05-29,250000.0,0.062220986908753745,2.060249377797342,0.002346900747610206,False,True
1572,2014-05-29,2750000.0,0.024198528419367343,5.662531954509621,0.006626246273183702,False,True
1545,2014-05-29,672000.0,0.015587708524491595,-0.07885809166798881,8.205716884954763e-07,False,False
1549,2014-05-29,266500.0,0.01543019738358481,0.42678109912927986,2.3787789083364582e-05,False,False
1591,2014-05-29,650880.0,0.020165107599431114,0.43596421066283964,3.2596282555766576e-05,False,False
1527,2014-05-29,264950.0,0.015464559807582157,0.43019916607798897,2.4225017019367682e-05,False,False
1575,2014-05-29,445000.0,0.021486899019487332,0.2761540966721913,1.395496760346627e-05,False,False
1566,2014-05-29,540000.0,0.02395676217907422,0.33448931661407316,2.2884547057479618e-05,False,False
4435,2014-05-29,484991.67,0.020494022442985482,0.5355385086295933,5.0005788581239804e-05,False,False
1562,2014-05-29,349000.0,0.019276222011484268,0.10001942921364464,1.6385613707508006e-06,False,False
1563,2014-05-29,529000.0,0.022863874909992837,0.6120535589110779,7.304531644895272e-05,False,False
4434,2014-05-29,308830.77,0.024172905435542985,0.47624087178887203,4.681963931386353e-05,False,False
1554,2014-05-29,790000.0,0.048883819621608204,-0.1438057528813253,8.85733023622244e-06,False,False
1570,2014-05-29,300000.0,0.015416524660181175,0.03762170148773222,1.846841222451328e-07,False,False
1531,2014-05-29,535000.0,0.020348570787608877,0.6496069101549663,7.30436321912228e-05,False,False
4433,2014-05-29,452500.0,0.04876811492103572,-4.73905417721404,0.00959514783917802,False,True
1568,2014-05-29,3100000.0,0.0637389473586597,0.9716307567657693,0.000535585968797679,False,False
1584,2014-05-29,295000.0,0.0162683338788826,-0.8389473692603837,9.699617592138447e-05,False,False
1551,2014-05-29,405000.0,0.017716031419616307,0.08715842207631282,1.1417390572438008e-06,False,False
1546,2014-05-29,680000.0,0.019555407493328958,-0.7592591939485863,9.58170261446564e-05,False,False
1565,2014-05-29,635200.0,0.016600199819212458,0.6167054400781579,5.350045959814e-05,False,False
1574,2014-05-29,400000.0,0.022593305411252762,0.33744024983258314,2.193395688987707e-05,False,False
1552,2014-05-29,300000.0,0.03298769401370033,0.059600141791414527,1.0097951872457629e-06,False,False
1593,2014-05-29,305000.0,0.02017551242266377,-0.9587184123620667,0.00015771651608539707,False,False
1573,2014-05-29,602500.0,0.04611842707254793,-0.18209464025822833,1.3359589308650214e-05,False,False
1558,2014-05-29,595000.0,0.015426679287167788,0.8261570766031128,8.911860831755355e-05,False,False
1528,2014-05-29,472000.0,0.04673246003095838,-0.2484487457908961,2.521716206652903e-05,False,False
1541,2014-05-29,820000.0,0.041003753362513135,-0.7898052998496401,0.00022226216810224624,False,False
1578,2014-05-29,510000.0,0.013607533817850348,-0.6360256840371263,4.650479530469481e-05,False,False
1560,2014-05-29,155000.0,0.0776730806088336,-1.7830483443662122,0.0022311595964383864,True,True
1556,2014-05-29,950000.0,0.0463582246162908,-0.09787301182317705,3.880486596670587e-06,False,False
1589,2014-05-29,685000.0,0.03881327742052254,0.431097154918444,6.253765909299706e-05,False,False
1587,2014-05-29,658000.0,0.01967917612844244,0.18244414170487847,5.56823151556632e-06,False,False
1583,2014-05-29,475300.0,0.024769235608393947,-1.2003035079369424,0.0003049341862099087,False,False
1634,2014-05-30,322000.0,0.030833524815455038,0.10514065051202368,2.9307911102409755e-06,False,False
4439,2014-05-30,173666.67,0.02783692336711624,-2.0260627351878764,0.0009795049680440568,False,False
1640,2014-05-30,800000.0,0.09274361983657878,1.2002609601669887,0.0012272248096849429,True,True
1610,2014-05-30,659000.0,0.020402833418499577,-0.2519619722515835,1.1018734423847067e-05,False,False
1622,2014-05-30,560000.0,0.03348838264394455,0.1157251249703975,3.866884191055032e-06,False,False
1609,2014-05-30,715000.0,0.03401712333705867,-0.4352724046769727,5.559928158678928e-05,False,False
1650,2014-05-30,499431.0,0.038213041240031914,0.23265483378356552,1.7921552682307103e-05,False,False
1649,2014-05-30,825500.0,0.018836847901758658,0.7425064070038867,8.820357058204939e-05,False,False
1615,2014-05-30,425000.0,0.03087785928333342,1.0766687779714685,0.0003077879836313595,False,False
1599,2014-05-30,196440.0,0.2027623940230749,-0.009876361737669495,2.067342174598576e-07,True,False
1612,2014-05-30,415000.0,0.017689559360094087,-0.009561032208139536,1.3718182343655088e-08,False,False
1645,2014-05-30,840000.0,0.02774314872596942,-0.5502858942304039,7.200625973962021e-05,False,False
1625,2014-05-30,425000.0,0.014027963842826452,-0.13601815368808062,2.1935247794958248e-06,False,False
4442,2014-05-30,790000.0,0.044841811976874896,0.8057799989191119,0.0002540151212867105,False,False
1631,2014-05-30,374000.0,0.02358290782688774,0.43638800752519563,3.832889938561628e-05,False,False
1604,2014-05-30,349900.0,0.016313698036645008,-0.17969927804727526,4.4627978390833025e-06,False,False
1624,2014-05-30,465000.0,0.026226292343616668,-0.23332476783535785,1.2218539367332766e-05,False,False
1598,2014-05-30,260000.0,0.034709295282599556,0.14035889615636657,5.903183915867402e-06,False,False
1632,2014-05-30,740000.0,0.022121442268058317,-0.45810659207439086,3.9562192491895136e-05,False,False
4438,2014-05-30,309487.5,0.01692232093149859,-1.071189263554873,0.00016459751261255806,False,False
4440,2014-05-30,237481.25,0.016519272695999843,-1.633934610721385,0.00037369145506579516,False,False
1595,2014-05-30,385000.0,0.034782978261201275,-0.8299751336904584,0.0002068667583874908,False,False
1647,2014-05-30,568000.0,0.021929006389397945,0.23125666563482458,9.992078739276237e-06,False,False
1627,2014-05-30,530000.0,0.015466141802578312,0.0981391613561585,1.2608248804216669e-06,False,False
1629,2014-05-30,168000.0,0.028500767504431868,-0.7931240669267154,0.00015378539927079205,False,False
1597,2014-05-30,395000.0,0.033124669467917756,0.3176709500303416,2.8810767748337866e-05,False,False
1630,2014-05-30,1886700.0,0.027108926904406083,0.47952136013533697,5.339280988664316e-05,False,False
1608,2014-05-30,190000.0,0.026322282636081055,-0.8625786156037362,0.00016761946309218085,False,False
1651,2014-05-30,919204.0,0.031364318157711873,-0.6308192563904194,0.00010737520986714456,False,False
1616,2014-05-30,642000.0,0.014891780429463083,0.0063401845804540845,5.0639013728145585e-09,False,False
1607,2014-05-30,625000.0,0.028972136259451997,-0.28866373743378015,2.07182009658757e-05,False,False
1639,2014-05-30,427000.0,0.022850061038253766,-0.6687612465661845,8.715395631324693e-05,False,False
1605,2014-05-30,650000.0,0.03248582753436591,-0.8832695498079476,0.0002182940358120713,False,False
1628,2014-05-30,399000.0,0.03399504692409652,-0.02651968384683898,2.0624894246631687e-07,False,False
1638,2014-05-30,3710000.0,0.03344454348984238,5.605845228320341,0.009061486665275625,False,True
1646,2014-05-30,475000.0,0.01917264561557508,0.04543368666507864,3.3625146609874957e-07,False,False
1652,2014-05-30,545000.0,0.025492071922858375,0.08799167268653313,1.6878026308484165e-06,False,False
1613,2014-05-30,750000.0,0.023497944733399945,0.6502846490064278,8.479738783617512e-05,False,False
1618,2014-05-30,1365000.0,0.029979149950145056,1.9096243870244534,0.0009391887970469702,False,False
1641,2014-05-30,735000.0,0.02245280712940373,1.196662200792291,0.0002740910237459551,False,False
1642,2014-05-30,642000.0,0.01707720860527226,-0.13050297524501256,2.46579551368783e-06,False,False
1620,2014-05-30,330000.0,0.04357855041197364,0.44419156497037565,7.491742483390196e-05,False,False
1635,2014-05-30,459900.0,0.0175978353918409,-1.2444899551139696,0.00023119129911954272,False,False
4437,2014-05-30,247875.0,0.03821576282802941,-0.3501922719109188,4.06066112206143e-05,False,False
1603,2014-05-30,1385000.0,0.057346097574355714,-0.22373981938186208,2.5377972346413246e-05,False,False
1596,2014-05-30,860000.0,0.016384965607823654,0.31382995743133474,1.3671870171573273e-05,False,False
1617,2014-05-30,655000.0,0.015071804118313326,0.7058740547414616,6.35380472247285e-05,False,False
1611,2014-05-30,490000.0,0.027152926934845778,0.24171597646662707,1.3589439400296906e-05,False,False
1643,2014-05-30,240000.0,0.06406594442277883,-0.955127807889828,0.0005203837367490931,False,False
1626,2014-05-30,315000.0,0.024355565816335883,-0.1615154670985901,5.426922771829577e-06,False,False
1644,2014-05-30,645500.0,0.025038846491134414,0.24658775607052225,1.3013339999647086e-05,False,False
1636,2014-05-30,750000.0,0.015212299758041975,0.44061603461190074,2.4991458838240564e-05,False,False
1621,2014-05-30,384950.0,0.022213549285733103,-0.2359269231525089,1.0537745426211974e-05,False,False
1623,2014-05-30,950000.0,0.02522496038308108,0.7293887375188483,0.00011472629087824139,False,False
4441,2014-05-30,326983.33,0.023097652909636224,-0.5519164543428946,6.001808519269252e-05,False,False
1602,2014-05-30,369000.0,0.02176310992440572,0.6223220173019668,7.180025816573034e-05,False,False
1614,2014-05-30,700000.0,0.012942392945933051,0.3855022289022567,1.623845186358703e-05,False,False
1606,2014-05-30,299950.0,0.021055467272480116,0.4537219722366508,3.6898199531393955e-05,False,False
1637,2014-05-30,1256500.0,0.01952820321760536,0.9588370355249193,0.00015259332455398747,False,False
4436,2014-05-30,287919.78,0.021333504342604365,-0.35258972795248666,2.258320336669468e-05,False,False
1633,2014-05-30,280000.0,0.03153192399817098,-1.7224312119202776,0.0008049477465902528,False,False
1600,2014-05-30,425000.0,0.04050763521371642,-1.2795905811309196,0.0005760447069673719,False,False
1601,2014-05-30,2400000.0,0.11283758188955822,1.60231350350718,0.002721224510457872,True,True
1619,2014-05-30,458000.0,0.05371815611560882,-1.4566433329308637,0.00100375054559516,False,False
1648,2014-05-30,325000.0,0.01850749373325203,-1.2658263701548775,0.0002517837250484911,False,False
1657,2014-05-31,587000.0,0.02327188095099418,0.23627497824194177,1.1084395501302394e-05,False,False
1653,2014-05-31,660000.0,0.0186640791967443,-0.17243292803033886,4.712463856549273e-06,False,False
1654,2014-05-31,538888.0,0.018058207022845038,0.13787517422043216,2.9132636183681197e-06,False,False
1656,2014-05-31,289950.0,0.020986464020457174,-0.866490530370337,0.00013412105784800008,False,False
1658,2014-05-31,615000.0,0.046916809726706865,0.6811482285138595,0.00019032668356140634,False,False
1655,2014-05-31,693000.0,0.011653726523998986,-0.12096087856957127,1.4376868893733012e-06,False,False
1663,2014-06-01,1595000.0,0.03791501012893311,2.0585258634545918,0.0013916471901347573,False,True
1661,2014-06-01,1505000.0,0.0236591920064389,2.374522593917815,0.0011385964713106324,False,True
1662,2014-06-01,660000.0,0.017577703229362113,0.23225973523673996,8.043230681467285e-06,False,False
1660,2014-06-01,243000.0,0.028145903533275674,0.04069587646992783,3.9969957998190306e-07,False,False
1664,2014-06-01,250000.0,0.037719504460992315,-1.224444222785346,0.0004897349090198825,False,False
4346,2014-06-01,84350.0,0.09299592871978063,-10.843469213580104,0.10046388184496352,True,True
1659,2014-06-01,459000.0,0.014061882062524678,0.5327340533087763,3.3731329949317576e-05,False,False
1701,2014-06-02,675000.0,0.011791185227709944,-0.17262863034639414,2.963146623099141e-06,False,False
1724,2014-06-02,345000.0,0.046032822770034426,0.38290453061265606,5.895680480700542e-05,False,False
1680,2014-06-02,965000.0,0.02405334763092165,-0.033489144820142716,2.3034368920043732e-07,False,False
1735,2014-06-02,568500.0,0.012257164694031819,-0.1546428710069065,2.4730032962926897e-06,False,False
1738,2014-06-02,400000.0,0.02633672771760373,-0.160565967848349,5.811373416835587e-06,False,False
1716,2014-06-02,300000.0,0.0189167191528845,-0.23038514916194458,8.52840186808211e-06,False,False
1728,2014-06-02,327000.0,0.016010382512505583,0.5648247393166598,4.325709666379599e-05,False,False
1689,2014-06-02,686000.0,0.036132026333327655,0.6743220345989036,0.00014204574345740896,False,False
1695,2014-06-02,809000.0,0.027880759833916385,0.18867170228153446,8.507801651546203e-06,False,False
1696,2014-06-02,440150.0,0.03005111746236877,0.7228639216295251,0.00013490984147974667,False,False
1703,2014-06-02,955000.0,0.052128455619376735,-0.005426833427876804,1.3496995706048029e-08,False,False
1688,2014-06-02,1000000.0,0.049591729872278945,0.87514155379708,0.0003330231437710644,False,False
1697,2014-06-02,615000.0,0.011613079874509213,-0.03108942622307307,9.463779029960237e-08,False,False
1719,2014-06-02,492000.0,0.01770035784876728,-0.6364847425977425,6.08321000812374e-05,False,False
1707,2014-06-02,645000.0,0.035983837744096636,-0.5015558990676225,7.824932575905245e-05,False,False
1721,2014-06-02,439800.0,0.03644224492603654,0.020065084799720356,1.2689021244561246e-07,False,False
1665,2014-06-02,315000.0,0.017221248285672647,0.44250637401810167,2.8593458320087996e-05,False,False
1704,2014-06-02,985000.0,0.030806452846712268,0.8626166038933175,0.00019709951778962168,False,False
1698,2014-06-02,1035000.0,0.01700821280428011,1.6789084480414542,0.0004064260856418852,False,False
1667,2014-06-02,559900.0,0.0253755177145246,-0.34746543065506874,2.61950695078048e-05,False,False
1671,2014-06-02,469000.0,0.029772324502633007,0.33776982953838547,2.917423981858365e-05,False,False
1714,2014-06-02,440000.0,0.04252830692809967,-0.30997209983665186,3.5564451491553054e-05,False,False
4445,2014-06-02,542804.75,0.02117408591926845,-0.659490685008423,7.840347244722964e-05,False,False
1681,2014-06-02,820000.0,0.013147038325659416,1.150524964211089,0.00014695566319815044,False,False
1706,2014-06-02,305000.0,0.027062532715102228,0.6770110166736302,0.0001062413880428848,False,False
1702,2014-06-02,316000.0,0.025186895554321187,0.07960441006319954,1.3644143953080123e-06,False,False
1711,2014-06-02,472500.0,0.02167750323594035,-0.20432638613840418,7.708943825107594e-06,False,False
1690,2014-06-02,665000.0,0.014578890300777692,0.20767019849163443,5.317037417399171e-06,False,False
1736,2014-06-02,391000.0,0.02202925545562867,0.6372250147075803,7.622164927649832e-05,False,False
1692,2014-06-02,653000.0,0.017017985111015183,0.3822427239851785,2.1079474315481764e-05,False,False
1734,2014-06-02,802000.0,0.02052430230180724,1.3096220438896091,0.00029949215097804755,False,False
1677,2014-06-02,275000.0,0.01792280502983477,0.3508607382244324,1.872184535911427e-05,False,False
1737,2014-06-02,298000.0,0.018417560760493404,-0.16092746605702704,4.049341748675467e-06,False,False
1678,2014-06-02,629000.0,0.02790476052404292,-0.22676249233563534,1.2300724189843087e-05,False,False
1691,2014-06-02,1965221.0,0.042569995543378925,0.1047197887474702,4.063243413325255e-06,False,False
1710,2014-06-02,290000.0,0.03247499264544984,-0.16881614676789797,7.971381289836085e-06,False,False
1674,2014-06-02,525000.0,0.023806337507752025,0.4133287044260631,3.4718942614292124e-05,False,False
1730,2014-06-02,455000.0,0.01338210807213644,0.26311858004168465,7.825234002116285e-06,False,False
1731,2014-06-02,540000.0,0.02238651687260476,0.29035999496629716,1.6088355658416356e-05,False,False
1668,2014-06-02,285000.0,0.03218725989979704,-0.8379332511102026,0.00019459437177816744,False,False
1723,2014-06-02,687000.0,0.021698071811432934,-0.7643684410325556,0.00010798725014492006,False,False
1722,2014-06-02,320000.0,0.028599811510036488,-0.614988316108595,9.279348191774742e-05,False,False
1720,2014-06-02,199950.0,0.03180040402081252,0.45182392320724524,5.5875952445232156e-05,False,False
1673,2014-06-02,439900.0,0.028399147497533223,0.8609719683551926,0.00018055694329347728,False,False
1685,2014-06-02,350000.0,0.018751862712142745,-0.27111898883609836,1.1705883445244301e-05,False,False
1708,2014-06-02,730000.0,0.023643349063506902,-0.14482735838432967,4.232729135939224e-06,False,False
4444,2014-06-02,678333.33,0.03203870469023201,0.17923418257229426,8.86089092150049e-06,False,False
1675,2014-06-02,580000.0,0.016601179874561556,-0.024183660371934534,8.227579671827523e-08,False,False
1700,2014-06-02,635000.0,0.020237052555487106,1.7569660562425053,0.0005313390618116908,False,False
1672,2014-06-02,405000.0,0.026431681479919117,-0.9362517858727277,0.00019831813584505605,False,False
1694,2014-06-02,305000.0,0.01902465421516833,-0.7831453694778179,9.912020738879399e-05,False,False
1729,2014-06-02,610000.0,0.03190474521646797,-2.301584277472973,0.0014548214900758267,False,True
1682,2014-06-02,661000.0,0.02652094495979973,1.0716628488878208,0.00026073389177325726,False,False
1715,2014-06-02,535000.0,0.015873758453676945,0.9451838793368317,0.0001200826658825909,False,False
1686,2014-06-02,250000.0,0.06652507922202239,-0.08550277160339029,4.341720732952249e-06,False,False
1670,2014-06-02,380000.0,0.03986103108947231,1.0872479103893207,0.00040896896185618265,False,False
1669,2014-06-02,500000.0,0.043184964818348825,0.7569569583498607,0.00021550914512912705,False,False
1666,2014-06-02,404000.0,0.03829373713406273,0.22171080896816087,1.63108950984765e-05,False,False
1718,2014-06-02,870000.0,0.025943472489616818,-2.142683565676449,0.0010190107727721766,False,False
1705,2014-06-02,465500.0,0.017762120007539434,0.5795257025544579,5.061069247352899e-05,False,False
1726,2014-06-02,270000.0,0.018037168209558224,-0.43132947328088356,2.8478055351129026e-05,False,False
1713,2014-06-02,410000.0,0.017303959600298957,-0.16496721441416334,3.993377093975002e-06,False,False
1725,2014-06-02,274950.0,0.047979701106473704,1.5586075858991293,0.0010202430734357485,False,False
1679,2014-06-02,395000.0,0.0431457707768233,0.20057070183085768,1.5116324051043913e-05,False,False
1684,2014-06-02,668500.0,0.015315473096665144,0.3404053667995355,1.5019132689134983e-05,False,False
4446,2014-06-02,723243.75,0.034668106165139934,-1.3574581553602485,0.0005514740975309798,False,False
1732,2014-06-02,411000.0,0.05025016314433528,-1.128077169800696,0.0005610797856595414,False,False
1717,2014-06-02,432500.0,0.019761871327940432,-0.49241446521324855,4.073585484123491e-05,False,False
1676,2014-06-02,1250000.0,0.022059903292306563,0.5511478733023352,5.710135012653625e-05,False,False
1687,2014-06-02,725995.0,0.025481571457457306,0.21037949312828966,9.64410020463248e-06,False,False
1712,2014-06-02,550000.0,0.013269943748223545,-0.3634775429314337,1.4806235263941141e-05,False,False
1693,2014-06-02,430000.0,0.012369888234536414,0.24659405327783718,6.346808655978373e-06,False,False
1709,2014-06-02,366000.0,0.01402882582202336,-0.34040641143116057,1.3739512437641135e-05,False,False
1727,2014-06-02,342000.0,0.0191936387514966,-0.884128354226996,0.00012747453431234885,False,False
1699,2014-06-02,455000.0,0.01575469770413873,-0.19244598832942653,4.9401848845057155e-06,False,False
1683,2014-06-02,789000.0,0.05940395560163807,0.19500668332439258,2.001381875586615e-05,False,False
1733,2014-06-02,544000.0,0.04805124708068759,-0.8656274249083077,0.00031518958822415483,False,False
4453,2014-06-03,148612.5,0.02558797939116808,-2.461750780306245,0.001326173305666337,False,True
1757,2014-06-03,712500.0,0.025348668791223272,-0.3400366391699848,2.5059711143956966e-05,False,False
1798,2014-06-03,425000.0,0.04569312264184444,0.020374695455609684,1.6563945419415215e-07,False,False
1815,2014-06-03,210000.0,0.026865217729761665,-1.1296335265085968,0.00029356972752802077,False,False
1774,2014-06-03,280000.0,0.029676210716385543,-1.1186507842631506,0.0003189330924661827,False,False
1754,2014-06-03,1100000.0,0.04055872294273577,0.0175103544687118,1.0801262053985094e-07,False,False
1749,2014-06-03,471000.0,0.03029841186998193,-0.187010396162262,9.106091555569154e-06,False,False
1789,2014-06-03,640000.0,0.04619721874701482,0.3259244513403648,4.287556793483991e-05,False,False
1824,2014-06-03,600000.0,0.0766280941853176,2.6886414024846554,0.004999146750737802,True,True
1821,2014-06-03,222400.0,0.017341253741557566,-1.1601246914829544,0.00019792737428384164,False,False
1786,2014-06-03,235000.0,0.020828835028436743,-0.5110541385239571,4.629764895074932e-05,False,False
1758,2014-06-03,689800.0,0.027437816122137637,0.7864824483523933,0.0001454216227175825,False,False
1779,2014-06-03,449500.0,0.016472189247822344,0.0457427700788883,2.9203059567998994e-07,False,False
1805,2014-06-03,960000.0,0.04111795907938476,-0.23110147234033465,1.9084928794801444e-05,False,False
1763,2014-06-03,435000.0,0.024219077676396472,-0.3803431006482846,2.992093195214587e-05,False,False
1769,2014-06-03,580135.0,0.032578826744941114,0.2781662862655506,2.1714387844071538e-05,False,False
1741,2014-06-03,650000.0,0.03410805548929993,-1.0508150335759296,0.0003249374182950345,False,False
1762,2014-06-03,1070000.0,0.04689668169276068,0.38063485559338395,5.940705132171581e-05,False,False
1826,2014-06-03,272500.0,0.017079416681646586,-0.03030350641723216,1.3297167071633854e-07,False,False
1785,2014-06-03,320000.0,0.020385222098118327,-0.47275100746665827,3.87564330113535e-05,False,False
1822,2014-06-03,402500.0,0.03301039889616416,-0.6292161730000548,0.00011262828637814393,False,False
1800,2014-06-03,770000.0,0.016199204319122334,1.1608586817862325,0.00018491152276478042,False,False
1818,2014-06-03,400000.0,0.033304389542484936,-0.11684056651220953,3.9193837983401794e-06,False,False
1796,2014-06-03,562100.0,0.011188182841025796,-0.33668711377535415,1.068852187793328e-05,False,False
4456,2014-06-03,341166.67,0.033336323164102344,-1.1913599061294067,0.0004078937137077661,False,False
1787,2014-06-03,437000.0,0.06826516068259761,0.5196440389549641,0.00016486840455225073,True,False
1791,2014-06-03,548000.0,0.023421424554253556,0.43293064997427483,3.745946194117888e-05,False,False
1804,2014-06-03,613000.0,0.026992296055670384,0.6554415448163936,9.931394526096622e-05,False,False
1783,2014-06-03,420000.0,0.046268324891003576,0.2570343044293316,2.670905376315909e-05,False,False
1751,2014-06-03,503000.0,0.04310577357670514,0.31322031962363345,3.682901637292243e-05,False,False
1780,2014-06-03,150000.0,0.026858317422346567,-1.3370250661673746,0.00041115026999159895,False,False
1778,2014-06-03,654950.0,0.02449699437264316,0.18414563916161988,7.096199583549861e-06,False,False
1809,2014-06-03,430000.0,0.04300876116468294,0.63936440738182,0.0001530962796797944,False,False
4452,2014-06-03,269187.5,0.021410237937365142,-0.2930613058122771,1.5658730175193242e-05,False,False
1764,2014-06-03,941500.0,0.05237158246386159,-0.1539139537541987,1.0910191256310423e-05,False,False
1742,2014-06-03,850000.0,0.030826289680535746,1.2187561583446949,0.0003937059974306957,False,False
1811,2014-06-03,425000.0,0.03260473050415891,-0.27631884457865874,2.144452435473936e-05,False,False
1816,2014-06-03,234000.0,0.028854017763025708,1.1761226113035794,0.00034248829224122623,False,False
1761,2014-06-03,474900.0,0.02367258659620648,-0.07763289366532992,1.217756713952759e-06,False,False
1795,2014-06-03,695000.0,0.016716409853471892,-0.1523473596999917,3.288159206948972e-06,False,False
1744,2014-06-03,530000.0,0.01433226915151517,0.07826567594237546,7.422425571392613e-07,False,False
4448,2014-06-03,108333.33,0.018901675210363816,-2.97093466608738,0.0014170746166461017,False,True
1740,2014-06-03,328500.0,0.025878348469710766,0.20395023283235283,9.20853461799557e-06,False,False
1773,2014-06-03,660000.0,0.03997327377527557,0.6968693192818514,0.00016850307760281027,False,False
1825,2014-06-03,930000.0,0.025789796825489653,1.1654298040944653,0.0002996306535621915,False,False
1812,2014-06-03,720000.0,0.018988095299819596,-0.15396322072615515,3.823489078008552e-06,False,False
1767,2014-06-03,713250.0,0.021277895198247194,-0.05454603656927227,5.390318421246444e-07,False,False
1743,2014-06-03,930000.0,0.03717459905392739,0.3845413197527484,4.757770978553174e-05,False,False
1770,2014-06-03,575000.0,0.03317743690261643,0.3291464414610033,3.09808362973136e-05,False,False
1752,2014-06-03,230000.0,0.02555550501246201,-0.5219963665832574,5.954990531019729e-05,False,False
4450,2014-06-03,535000.0,0.026205231223231956,-1.6092936975277004,0.0005807777016908741,False,False
1801,2014-06-03,239000.0,0.02525051284142188,0.013797478749929532,4.109560793565031e-08,False,False
1750,2014-06-03,223000.0,0.06541605501761755,1.1791811373365575,0.0008110466498059932,False,False
1765,2014-06-03,312000.0,0.01628326378760958,0.22845297709937093,7.199192662028577e-06,False,False
1827,2014-06-03,363990.0,0.03534904149117639,0.34994766515705944,3.739662388357097e-05,False,False
1799,2014-06-03,600000.0,0.3343215914029777,-0.1694447499145727,0.00012016415670178413,True,False
1756,2014-06-03,590000.0,0.04427844776308293,1.7734555160657959,0.0012142842466686765,False,True
1748,2014-06-03,365000.0,0.03103426788602187,0.7104734158625151,0.00013472478678820617,False,False
1772,2014-06-03,235000.0,0.0464109135749296,-0.7434721957897155,0.0002241852639321578,False,False
1793,2014-06-03,875000.0,0.029519466898629845,-0.03796021581226606,3.6525635552570426e-07,False,False
1760,2014-06-03,785200.0,0.03315875792013892,0.7133399611480123,0.0001454303160825389,False,False
1813,2014-06-03,375900.0,0.027966627352595697,1.0172461768706598,0.00024810173791147067,False,False
1823,2014-06-03,250000.0,0.031501513441641815,-0.46615737248692823,5.890014191691246e-05,False,False
1747,2014-06-03,325000.0,0.01815944403282729,-0.10684158003185122,1.7593852183095086e-06,False,False
4451,2014-06-03,596165.43,0.02511799164338388,-1.1559057345848929,0.00028687747303422626,False,False
1807,2014-06-03,206000.0,0.01630904255636495,0.5313802195475039,3.901209818454176e-05,False,False
1790,2014-06-03,432000.0,0.02204438444691875,-0.0780251699483483,1.1435812657309264e-06,False,False
1775,2014-06-03,268000.0,0.06499925799773704,-0.0228938067047772,3.0363457321436434e-07,False,False
1831,2014-06-03,309000.0,0.04451202053879088,-0.1008018366420903,3.944643187337471e-06,False,False
1768,2014-06-03,440000.0,0.025836876550028642,0.9669265230021584,0.000206639824802053,False,False
1817,2014-06-03,285000.0,0.05042540480525076,-0.2892542643275991,3.702530124806272e-05,False,False
1781,2014-06-03,440000.0,0.030205533314838807,0.7246933971274265,0.00013631202480937778,False,False
1766,2014-06-03,835000.0,0.030227246717568296,0.9557889919313368,0.00023728561754571482,False,False
1788,2014-06-03,545000.0,0.03209152138232971,-0.48028040427959023,6.373302046976162e-05,False,False
1814,2014-06-03,1298000.0,0.022842466474012002,0.8979641701495694,0.00015707793446617953,False,False
1755,2014-06-03,193000.0,0.04686419991579438,-1.4917315438922796,0.000911772576051681,False,False
1819,2014-06-03,718000.0,0.03284516221630046,1.1035799873192262,0.0003446686546804316,False,False
1759,2014-06-03,430000.0,0.02740707769357606,-0.5390947309417856,6.824652681363685e-05,False,False
1797,2014-06-03,475000.0,0.016313339475488464,0.11899271866773596,1.9567963062631685e-06,False,False
1808,2014-06-03,253000.0,0.08616801503945679,0.5419909930972558,0.00023082488442173252,True,False
1802,2014-06-03,295000.0,0.029513020312015033,0.5483531897259063,7.620148689426155e-05,False,False
1810,2014-06-03,605000.0,0.01373306400784785,0.173448805841552,3.4908754387708427e-06,False,False
1832,2014-06-03,320000.0,0.033581654194150906,0.1275803694842128,4.713281563794012e-06,False,False
1776,2014-06-03,235000.0,0.026313262402149762,-0.6589065925034985,9.777366651543498e-05,False,False
4447,2014-06-03,667781.25,0.01584419101981266,-0.6553556968260162,5.7620778463722196e-05,False,False
1745,2014-06-03,495000.0,0.0152662827502002,-0.4063787923156646,2.133513120681802e-05,False,False
1803,2014-06-03,560000.0,0.020054909067991566,-0.5979407775490908,6.0975315086542433e-05,False,False
1746,2014-06-03,500000.0,0.014694102690910649,-0.18959389850634764,4.467241755693865e-06,False,False
1829,2014-06-03,400000.0,0.02337803946601058,0.3521830541105457,2.4742140363100525e-05,False,False
1806,2014-06-03,847000.0,0.033403398175060384,0.8917894706650841,0.00022902812682225573,False,False
1777,2014-06-03,390000.0,0.019711664167495868,0.40248020248692135,2.7144213079040197e-05,False,False
1771,2014-06-03,613000.0,0.026513745919043902,0.814932659401861,0.00015073130756884635,False,False
1782,2014-06-03,710000.0,0.014386674478247291,0.5911036035846756,4.250106555272853e-05,False,False
1820,2014-06-03,174500.0,0.039693156861397016,-0.7652060619759977,0.00020168851783089017,False,False
1792,2014-06-03,830000.0,0.0178918919415203,1.6081483050276446,0.000392615931809908,False,False
1753,2014-06-03,550000.0,0.011337535689983136,-0.18293081632846897,3.19788704778075e-06,False,False
1830,2014-06-03,427874.0,0.03873660192056397,-0.18025806673754188,1.0911571087864948e-05,False,False
1784,2014-06-03,312000.0,0.01640881065461189,-2.2040145092943044,0.0006753207997853552,False,False
1794,2014-06-03,409950.0,0.01685293885869535,-1.3672393501253366,0.000267033047533116,False,False
1739,2014-06-03,425000.0,0.026554733179537632,-1.1275071253734594,0.0002889932828232119,False,False
1828,2014-06-03,575000.0,0.020758640709316066,-0.3478135141382993,2.1370802102988233e-05,False,False
1863,2014-06-04,289950.0,0.030820628949406292,0.4947614582116353,6.48705844997716e-05,False,False
1833,2014-06-04,390000.0,0.030980182078932966,0.4711389165286712,5.913818866543664e-05,False,False
1870,2014-06-04,525000.0,0.019805304754884012,0.8890979081014931,0.00013310277577512577,False,False
1884,2014-06-04,470000.0,0.018005729901141798,-0.8605948092788585,0.0001131665238850228,False,False
1902,2014-06-04,860000.0,0.03346076570255907,-0.08808453570566636,2.238383418988471e-06,False,False
1891,2014-06-04,532000.0,0.01209063900208912,-0.025662706735049536,6.716698122830227e-08,False,False
1918,2014-06-04,229500.0,0.019027030436883113,-0.9482970695066025,0.00014535217779022353,False,False
1857,2014-06-04,760000.0,0.011945249833258675,-0.02677352929566565,7.221779573236608e-08,False,False
1915,2014-06-04,399950.0,0.0178543342330382,-0.07879323280047262,9.405120170705298e-07,False,False
1836,2014-06-04,240500.0,0.03756808907271883,-0.9657956287758424,0.0003034158859982322,False,False
1879,2014-06-04,875000.0,0.017186366761570593,0.08339181471245467,1.0133944155545466e-06,False,False
1839,2014-06-04,658588.0,0.015839150073470615,0.4190965381092093,2.35566044602986e-05,False,False
1860,2014-06-04,837500.0,0.018657206265976667,0.17466579810094943,4.833484992472183e-06,False,False
1843,2014-06-04,200000.0,0.09106311059704522,-1.6853273446811035,0.0023713520833344706,True,True
1856,2014-06-04,390000.0,0.04930545599316841,1.549279807793731,0.001037367059582264,False,False
1907,2014-06-04,129000.0,0.04295151651753759,-1.1650852858765708,0.0005076667873650486,False,False
1903,2014-06-04,365000.0,0.0179942249163228,0.17200109896460883,4.517522249351395e-06,False,False
1846,2014-06-04,1126000.0,0.024000841509532134,-0.14589781336518268,4.3620771830425025e-06,False,False
1842,2014-06-04,340000.0,0.02491956140318874,0.15954431141782763,5.421024276041245e-06,False,False
4458,2014-06-04,557125.0,0.02608892227761804,-0.9364514128686504,0.00019576095978502653,False,False
1920,2014-06-04,549000.0,0.018276596623827523,-0.5609705861872057,4.882082529893637e-05,False,False
1909,2014-06-04,170000.0,0.04945265343008892,-0.9641317617134563,0.0004030021652746297,False,False
1900,2014-06-04,907500.0,0.03427697006642816,0.7268250247478296,0.00015625298920062948,False,False
1925,2014-06-04,767450.0,0.017608815607598444,0.9493444327874644,0.00013462076646580083,False,False
1858,2014-06-04,119500.0,0.07205897443602785,-2.1776655819591344,0.0030688017218113523,True,True
1861,2014-06-04,327500.0,0.016323403006987425,0.7270064999285115,7.308928366064134e-05,False,False
1871,2014-06-04,324950.0,0.026111546128222918,0.47196003319511504,4.9768273062747484e-05,False,False
1878,2014-06-04,275000.0,0.03199977006024435,0.09824850551487707,2.6591452291712003e-06,False,False
1922,2014-06-04,285000.0,0.042556419110217604,-0.4293554085118956,6.828172992322269e-05,False,False
1880,2014-06-04,335000.0,0.01667451774899631,-0.4566787980343355,2.947110645569321e-05,False,False
1852,2014-06-04,364950.0,0.032094281156090865,-0.24542041290568611,1.6643118899448392e-05,False,False
1854,2014-06-04,135000.0,0.041061810447472896,-2.0488615656369773,0.0014979298125365836,False,True
1837,2014-06-04,320000.0,0.018933618372891037,0.19308025284547295,5.995559219693298e-06,False,False
1876,2014-06-04,453500.0,0.019460738707842484,0.40872461693635603,2.762960516411437e-05,False,False
1896,2014-06-04,572000.0,0.012500906282216395,0.22808030651063524,5.487810716572782e-06,False,False
1887,2014-06-04,746000.0,0.011849333188336197,0.669131146496957,4.4741649250628754e-05,False,False
1914,2014-06-04,742000.0,0.04051463440987854,2.0831886425977886,0.0015270368641809424,False,True
1867,2014-06-04,500000.0,0.02725991427968044,-0.6289936575872543,9.239297667795107e-05,False,False
1912,2014-06-04,2005000.0,0.059393885936167734,1.8844724577305725,0.001868668591545746,False,True
1899,2014-06-04,685000.0,0.025516425765831012,0.2621538026125006,1.4996033236954943e-05,False,False
1921,2014-06-04,545000.0,0.025562485124736467,0.022741063674920174,1.1305489721960442e-07,False,False
1864,2014-06-04,400000.0,0.02200603755702074,0.38652451561579015,2.8014218988998423e-05,False,False
1917,2014-06-04,190000.0,0.02464374706905209,-2.1856179901564694,0.0010057979305049594,False,False
1875,2014-06-04,603500.0,0.05109632222942101,-1.4505804992728388,0.0009442129131086535,False,False
1890,2014-06-04,250000.0,0.027973301044432963,-0.6297734127232202,9.511585652330115e-05,False,False
1840,2014-06-04,270000.0,0.02717971158689253,-0.4604844538029755,4.9369749555817535e-05,False,False
1911,2014-06-04,261000.0,0.03461454673159542,0.22226116676659746,1.4760593911549475e-05,False,False
1889,2014-06-04,371000.0,0.01254243323948237,-1.1995595522618046,0.00015230905963532548,False,False
1848,2014-06-04,485000.0,0.01914411712601944,1.0249918766212962,0.00017087941258236118,False,False
1877,2014-06-04,583000.0,0.01603182947302506,-0.41666688191426243,2.3572126001317907e-05,False,False
4459,2014-06-04,228944.44,0.02854977391756236,-1.1298396101805797,0.0003126327467335307,False,False
1869,2014-06-04,540000.0,0.013748351243605877,1.010613678425392,0.00011864569228156737,False,False
1892,2014-06-04,499950.0,0.036054724788074616,-1.0261889801017072,0.00032823376401344895,False,False
1851,2014-06-04,532000.0,0.01655004483226133,0.1126183643049089,1.778623778698944e-06,False,False
1894,2014-06-04,640000.0,0.024303444949347552,0.40871406135046884,3.4674561624289494e-05,False,False
1882,2014-06-04,392500.0,0.021732170681974194,-0.05870934727112036,6.380850849766145e-07,False,False
1895,2014-06-04,400000.0,0.047939059323171385,0.8982956638306522,0.0003385962316034732,False,False
1850,2014-06-04,865000.0,0.022280163835245476,1.0591714213490564,0.00021303708738666647,False,False
1868,2014-06-04,465000.0,0.01348087611974852,0.8890469662595394,9.000792957963376e-05,False,False
1862,2014-06-04,175000.0,0.03327623984289288,-1.7615138177440595,0.0008900670327759586,False,False
1904,2014-06-04,250500.0,0.015859422859681838,-0.11253068121544398,1.7005558123077439e-06,False,False
1844,2014-06-04,1025000.0,0.032799150184761365,0.379175929014735,4.062994130576865e-05,False,False
1859,2014-06-04,2400000.0,0.05162615103789772,2.051798647853911,0.0019097583175471014,False,True
1888,2014-06-04,317000.0,0.020650403466935363,-0.4043031424247861,2.8722601992650245e-05,False,False
1845,2014-06-04,275000.0,0.016595361338894277,0.6256007190540271,5.503863985660256e-05,False,False
1865,2014-06-04,219950.0,0.01634949889255416,-0.18440146194308485,4.709893666020422e-06,False,False
1866,2014-06-04,161700.0,0.01569959249993136,-1.4200213538132107,0.0002680212445129362,False,False
1910,2014-06-04,418500.0,0.019953818914460825,-0.30720212154670024,1.6012039804749203e-05,False,False
1841,2014-06-04,327500.0,0.02069717639515481,0.3172353650021498,1.77245835591253e-05,False,False
1853,2014-06-04,212500.0,0.02887966502151329,0.8908678901802736,0.0001966819334276875,False,False
1923,2014-06-04,648000.0,0.01992498942806257,0.18500537555230262,5.798641143869061e-06,False,False
1883,2014-06-04,785000.0,0.021646087254412118,0.6156458303908648,6.98817958891124e-05,False,False
1927,2014-06-04,586500.0,0.013891735383740639,0.14329197745816732,2.410429365152018e-06,False,False
1873,2014-06-04,760500.0,0.022702923730249208,0.8240594228671048,0.00013145920577947,False,False
1897,2014-06-04,310000.0,0.030858637005986025,0.050097312809083853,6.659432579702074e-07,False,False
1874,2014-06-04,1100000.0,0.04139311902342141,0.7622650435105136,0.00020908283118229408,False,False
1913,2014-06-04,355000.0,0.03855048777978759,0.3600697501172783,4.3320695722418605e-05,False,False
1849,2014-06-04,1901000.0,0.10136443907458084,2.0417178969109773,0.003918431383545905,True,True
1881,2014-06-04,646000.0,0.014486435018878141,0.09921323697572441,1.2057489957226475e-06,False,False
1905,2014-06-04,411715.0,0.03807462509457393,0.3960447656094474,5.17370383096244e-05,False,False
1929,2014-06-04,455000.0,0.01251465564161583,0.010275398206388115,1.11507562260031e-08,False,False
1872,2014-06-04,565000.0,0.027301195172375003,-0.10954122348501948,2.806578578285648e-06,False,False
1893,2014-06-04,375000.0,0.027189331929539595,0.23014090351936928,1.2336063425350799e-05,False,False
1916,2014-06-04,791000.0,0.01889888716067567,0.6577664906024966,6.94519921456686e-05,False,False
1835,2014-06-04,375000.0,0.02070872884018654,-0.8011149683429688,0.00011309671865598478,False,False
1926,2014-06-04,765000.0,0.0260787153840304,0.22278527398292947,1.1075263121902957e-05,False,False
1906,2014-06-04,415000.0,0.025686244113357126,-0.055904744513531744,6.866222292815812e-07,False,False
1919,2014-06-04,539000.0,0.016299958758624555,0.1872140008977675,4.839708662279567e-06,False,False
1885,2014-06-04,560000.0,0.04693018016874284,0.08438807405211213,2.9221897212361257e-06,False,False
1886,2014-06-04,519000.0,0.017753413937855123,1.1199359249478367,0.00018891500632692792,False,False
1898,2014-06-04,989000.0,0.015057388009211026,0.4955637740100024,3.128647050239455e-05,False,False
1834,2014-06-04,299000.0,0.044274938141846326,1.5837210818044394,0.000968280394005421,False,False
1838,2014-06-04,1270000.0,0.026907943229455222,0.3882334655912729,3.4732117901671464e-05,False,False
1928,2014-06-04,520000.0,0.022399533369335034,0.7135007447141605,9.720423492694416e-05,False,False
1847,2014-06-04,280000.0,0.012212434704102687,-1.5288424414339372,0.00024081465610572577,False,False
1908,2014-06-04,489000.0,0.016629691201035968,0.3838761668737082,2.076673144148176e-05,False,False
4457,2014-06-04,132500.0,0.04050093054102405,-2.8856951438291145,0.0029291397661423382,False,True
1924,2014-06-04,610000.0,0.026303172743968845,0.106075899524357,2.533008124567278e-06,False,False
1855,2014-06-04,437000.0,0.014588364777748164,-0.6934979625444827,5.933323955956005e-05,False,False
1901,2014-06-04,427500.0,0.01650879320504245,0.4418098289195198,2.730450746001148e-05,False,False
1982,2014-06-05,229000.0,0.033505242109391264,-0.37847819752298545,4.13822161794375e-05,False,False
1986,2014-06-05,547000.0,0.019375402412521142,1.2665507862203926,0.0002641264657544417,False,False
1935,2014-06-05,269000.0,0.029732680403781547,0.6879352936201473,0.00012085276599419631,False,False
1963,2014-06-05,955000.0,0.04530100841677748,0.13738238177627096,7.463151239068402e-06,False,False
1999,2014-06-05,268500.0,0.026556400360695287,-0.5705291728448246,7.400019761782336e-05,False,False
1958,2014-06-05,292000.0,0.02716367098537631,-0.37322048747597275,3.241144448945695e-05,False,False
1943,2014-06-05,530000.0,0.015602429203920631,-0.5542304310495582,4.057151049383897e-05,False,False
1951,2014-06-05,395000.0,0.016165212673853485,0.061881005446218405,5.243155342152258e-07,False,False
1964,2014-06-05,725000.0,0.03463635400756465,0.5112651510597364,7.815420798963437e-05,False,False
2004,2014-06-05,560000.0,0.016020938632338222,0.3671745457628391,1.829220190731961e-05,False,False
1995,2014-06-05,456000.0,0.019407373182775994,0.09631579292860314,1.5300016395319205e-06,False,False
1997,2014-06-05,299950.0,0.018856737789077045,0.6814825691335118,7.438106531733873e-05,False,False
1992,2014-06-05,270000.0,0.06080671092777809,0.34929926096457936,6.582799380451129e-05,False,False
1950,2014-06-05,540000.0,0.04987240384519692,0.5057810848594143,0.00011189799133670355,False,False
4314,2014-06-05,375000.0,0.014005567112977069,0.20154372952595423,4.808211598485814e-06,False,False
4462,2014-06-05,420642.86,0.014851122826952778,0.39939474895674126,2.0039223017719213e-05,False,False
1975,2014-06-05,1800000.0,0.029805667416971438,0.020312389846308027,1.0562845269235139e-07,False,False
1966,2014-06-05,492000.0,0.03790408346524291,-0.7876817669012116,0.00020369856407087257,False,False
1978,2014-06-05,749000.0,0.03434070909248488,-0.03334113844864462,3.294313598939502e-07,False,False
1969,2014-06-05,545000.0,0.022387407079800525,1.3190341413126037,0.00033202274562957025,False,False
1990,2014-06-05,799000.0,0.016173567472130057,-0.39343560937320515,2.1205739479872404e-05,False,False
1961,2014-06-05,395000.0,0.026954083748588986,-0.030174009155509496,2.1017256699312395e-07,False,False
1989,2014-06-05,189000.0,0.017108926346730058,-0.35713447925934894,1.8501190773050157e-05,False,False
1939,2014-06-05,647500.0,0.026826946476663366,1.2876828445575454,0.0003809059363532117,False,False
1967,2014-06-05,250000.0,0.06956247862315096,-0.798484615054554,0.00039722785204028983,True,False
1948,2014-06-05,749950.0,0.0225700382288456,0.14110240865616044,3.831194986524072e-06,False,False
1994,2014-06-05,237000.0,0.05117779337054143,0.180392263794616,1.4626866153072295e-05,False,False
2000,2014-06-05,385000.0,0.02264307650199565,0.03133160188504517,1.8952486375223152e-07,False,False
2003,2014-06-05,886000.0,0.02552599471036715,0.004285015244741471,4.008075678035561e-09,False,False
2007,2014-06-05,270000.0,0.015900717805703735,-0.5856199759297684,4.6177278505516855e-05,False,False
2011,2014-06-05,584000.0,0.03671879105677042,1.249381508621249,0.0004958430008193322,False,False
1946,2014-06-05,798000.0,0.018453891802386407,-0.050503556671759466,3.9961331148370093e-07,False,False
1938,2014-06-05,425000.0,0.04193429712843244,0.3064693458343927,3.4258387016050036e-05,False,False
1947,2014-06-05,297500.0,0.0166262234389885,-0.09667691489570938,1.3168591014326513e-06,False,False
1952,2014-06-05,1300000.0,0.05914552245255597,0.1949717785841854,1.9914145559261584e-05,False,False
1955,2014-06-05,210000.0,0.01712472354156308,-0.626443258040167,5.6978024990801606e-05,False,False
1983,2014-06-05,530000.0,0.018449919030407103,-1.7857580870576442,0.000499512092560805,False,False
2001,2014-06-05,376000.0,0.016216839870576576,0.1272497681807875,2.2243319381662934e-06,False,False
1974,2014-06-05,372500.0,0.018473298743030386,0.34110868927279,1.8249318637252564e-05,False,False
4461,2014-06-05,535000.0,0.02663707564211565,-2.759122774825535,0.0017360912579229267,False,True
1937,2014-06-05,630000.0,0.021691036918014023,-1.4498368705105713,0.00038838398637681986,False,False
1976,2014-06-05,255000.0,0.031312998581461915,-0.017834836203142825,8.568369574033302e-08,False,False
1931,2014-06-05,279950.0,0.02811744366270169,0.3906430741644255,3.679095474867038e-05,False,False
4463,2014-06-05,132250.0,0.034477244406877605,-3.842481400904549,0.004393517249182955,False,True
1984,2014-06-05,499950.0,0.02992611231272179,0.5191059076370504,6.927494405214738e-05,False,False
1957,2014-06-05,546000.0,0.05385473240992186,-0.15823828168008996,1.1877031855991835e-05,False,False
2010,2014-06-05,465000.0,0.043340800965042475,-0.12592253849306756,5.986395080621171e-06,False,False
2008,2014-06-05,411605.0,0.03554872334463438,0.547835416752935,9.218551386516552e-05,False,False
1954,2014-06-05,214100.0,0.036331080015996366,0.40097724009386926,5.05136387955783e-05,False,False
2005,2014-06-05,343000.0,0.01622315240544725,0.35333500587676664,1.7156580688963067e-05,False,False
2002,2014-06-05,605004.0,0.023374198995464973,0.703535389632738,9.87186469870994e-05,False,False
4466,2014-06-05,2560498.33,0.027466102687205035,5.886949788264588,0.008156272162622507,False,True
1991,2014-06-05,257000.0,0.016609580993216022,-0.7635806626089647,8.206562870722979e-05,False,False
1996,2014-06-05,355500.0,0.016913986438567258,-0.33088490149502775,1.569737796733686e-05,False,False
1971,2014-06-05,640000.0,0.025932286957839,0.227775306996329,1.1510222151153032e-05,False,False
4464,2014-06-05,237227.86,0.027398091495501695,-0.7283370312324622,0.00012452849268270458,False,False
1970,2014-06-05,555000.0,0.0121925305180825,-0.1590784953530035,2.602934552923449e-06,False,False
4460,2014-06-05,592105.71,0.017085309342619037,0.72935244171854,7.705497018620119e-05,False,False
1956,2014-06-05,499500.0,0.02995748714586285,0.28886975455252834,2.1475214602858687e-05,False,False
1988,2014-06-05,499000.0,0.02477079332795945,-0.7986790232144145,0.00013501950975223104,False,False
1981,2014-06-05,165000.0,0.03388248826219206,-0.7909513438583237,0.00018283680892731464,False,False
1965,2014-06-05,335000.0,0.027667226135991638,0.013265674505144287,4.172805317628822e-08,False,False
2012,2014-06-05,275000.0,0.02284630728239137,-0.7234874719886148,0.00010198444118248268,False,False
1993,2014-06-05,453500.0,0.03218169618396394,0.4333736786325426,5.204259144771829e-05,False,False
1960,2014-06-05,240000.0,0.017913165387947072,-1.0104139720042673,0.00015518147892216978,False,False
1962,2014-06-05,795000.0,0.021000056718422123,0.3233281784479238,1.8687175580040998e-05,False,False
4465,2014-06-05,440825.0,0.047916772514061956,-1.5766337439265283,0.001042540732813409,False,False
2009,2014-06-05,550000.0,0.014611337202304231,0.6547967947955622,5.2980279612703316e-05,False,False
1940,2014-06-05,450000.0,0.02548592868481217,0.5543918850613054,6.698303666928463e-05,False,False
1936,2014-06-05,875000.0,0.024118951014804713,0.11230102645021753,2.597453232009528e-06,False,False
1945,2014-06-05,685000.0,0.02622921656593391,0.08849110998770425,1.7577075503755846e-06,False,False
1987,2014-06-05,359800.0,0.017271001681558918,0.24437992049043353,8.746484832820562e-06,False,False
1977,2014-06-05,466800.0,0.01872931673102518,-0.7269844375819876,8.406245946741192e-05,False,False
1949,2014-06-05,495000.0,0.039339525242785334,0.47750292606269257,7.780903341493981e-05,False,False
1980,2014-06-05,356000.0,0.03180827530289598,0.9941103294069644,0.0002705619261329563,False,False
1941,2014-06-05,440000.0,0.04564866259991557,0.6226835025065638,0.00015455150728131066,False,False
1979,2014-06-05,610000.0,0.02561010574423692,-0.24460802267873497,1.3105051998094692e-05,False,False
2006,2014-06-05,1415000.0,0.026355416517622354,0.27871526642525685,1.75230500332295e-05,False,False
1934,2014-06-05,620000.0,0.012656900310083402,-0.3597499688297929,1.382545866313572e-05,False,False
1933,2014-06-05,565000.0,0.01730060257017746,-0.8137890278630712,9.715898159344096e-05,False,False
1953,2014-06-05,1075000.0,0.03455550209585153,-0.1492655311736411,6.645500750185567e-06,False,False
1959,2014-06-05,289000.0,0.016279243640548724,-0.8545128633931548,0.00010069742183833053,False,False
1944,2014-06-05,875000.0,0.026040539365146248,-0.6839899500347556,0.00010423829281179377,False,False
1968,2014-06-05,700000.0,0.013366303103254457,1.0546765820416715,0.00012557775690695655,False,False
1972,2014-06-05,390000.0,0.023689547155988644,-0.31992457053821555,2.0695826030776214e-05,False,False
1932,2014-06-05,449950.0,0.022031105345969304,-0.1574228784777335,4.652278421190432e-06,False,False
1973,2014-06-05,466500.0,0.012635416856477288,0.17196157542205262,3.1535056526889585e-06,False,False
1985,2014-06-05,619000.0,0.013775874563956153,0.6755142117761072,5.311672524915196e-05,False,False
2013,2014-06-05,324500.0,0.01968915186584147,-1.1539749255530525,0.00022288184730155406,False,False
1930,2014-06-05,653000.0,0.01600745155661709,0.4742893215174472,3.049550531091764e-05,False,False
2014,2014-06-05,700000.0,0.017491445293222024,0.04895644998085352,3.5557232004372066e-07,False,False
1942,2014-06-05,445000.0,0.022587952209296297,0.171048561688021,5.634518115310733e-06,False,False
1998,2014-06-05,335000.0,0.026169134243982956,0.6821624170919275,0.00010420778172633544,False,False
2055,2014-06-06,285000.0,0.029605808430113845,0.6687154423232913,0.00011369207549631467,False,False
2049,2014-06-06,680000.0,0.03724789333469214,0.7438252270672485,0.00017838067308762067,False,False
4471,2014-06-06,723243.75,0.03351613981924473,-0.8945036620373468,0.00023122904595263683,False,False
2051,2014-06-06,595000.0,0.02756441001598689,-0.28514900626453776,1.9206593067375536e-05,False,False
2072,2014-06-06,405000.0,0.02739738131841654,-0.5436008187489894,6.936694659259497e-05,False,False
2060,2014-06-06,510000.0,0.019440748738730917,0.41293965071282335,2.8172868746203495e-05,False,False
2054,2014-06-06,570000.0,0.046345728276818876,-0.05036134705378741,1.0271460078566667e-06,False,False
2050,2014-06-06,360000.0,0.02643728066285539,1.0577803136845771,0.0002531993349897642,False,False
2047,2014-06-06,835000.0,0.020121806529232955,1.4718192431237422,0.0003706999979055219,False,False
2040,2014-06-06,809950.0,0.05013144637245592,0.3905529166056445,6.708497303144614e-05,False,False
2036,2014-06-06,525000.0,0.01633227052045161,0.2750290151214341,1.0465835925268862e-05,False,False
4470,2014-06-06,417985.71,0.014995531322080868,-0.7196690621910137,6.570646123544555e-05,False,False
4468,2014-06-06,1337044.2,0.026536295172103097,-0.9368457545456307,0.00019937718767311653,False,False
2022,2014-06-06,415000.0,0.022877749574494333,-0.29059570427835696,1.6476369882482037e-05,False,False
2061,2014-06-06,1120000.0,0.04105243375389056,0.753709169145781,0.00020266110156540613,False,False
4315,2014-06-06,455000.0,0.02605758170548972,-0.15982064985806438,5.6948903363112744e-06,False,False
2062,2014-06-06,1280000.0,0.024034814439332586,0.6354207473609745,8.286058281369324e-05,False,False
2045,2014-06-06,185000.0,0.034695662205881356,-2.1930113404568328,0.001440493928316764,False,True
2031,2014-06-06,1300000.0,0.030636753071805856,0.269550726120965,1.913621107948342e-05,False,False
2046,2014-06-06,535500.0,0.023680281690060145,0.654533035889145,8.659178659090973e-05,False,False
4316,2014-06-06,445000.0,0.026153886105219848,0.025509061975337078,1.4563093049518602e-07,False,False
2042,2014-06-06,455000.0,0.022636416783739177,1.411391932940811,0.0003844727323488691,False,False
2037,2014-06-06,920000.0,0.0281056782507714,0.44750484043732713,4.826021516338149e-05,False,False
2058,2014-06-06,805000.0,0.0519343824713423,-0.9203583539560172,0.00038667780671748403,False,False
2070,2014-06-06,895000.0,0.029500501942043275,0.7130452942781406,0.0001287914641646734,False,False
2073,2014-06-06,837219.0,0.03618627058058212,0.581202663030258,0.00010568775257224463,False,False
2023,2014-06-06,387500.0,0.049228797917239775,0.8801350382497218,0.0003342416661137829,False,False
2034,2014-06-06,435000.0,0.02799897275255081,-0.4395032147635644,4.636798679703189e-05,False,False
2033,2014-06-06,650000.0,0.014806900169842097,-0.023128599872760107,6.699775132602199e-08,False,False
2057,2014-06-06,160000.0,0.09662566500683188,-1.5449290163791378,0.0021274558780337515,True,True
2063,2014-06-06,539000.0,0.01614788490823861,-0.08500315695489126,9.8826789376944e-07,False,False
2032,2014-06-06,1150000.0,0.07489316190266093,1.0724644765690499,0.0007759520073499541,True,False
2025,2014-06-06,402000.0,0.03926203330575184,-0.06576922972045872,1.473099555505945e-06,False,False
2068,2014-06-06,600000.0,0.016250544401506806,-0.09460813946587081,1.2321374767665636e-06,False,False
2043,2014-06-06,471000.0,0.01803821043352727,0.17938773738228647,4.926098807330377e-06,False,False
2059,2014-06-06,450000.0,0.01737394451986915,0.2003828708664844,5.916298767550961e-06,False,False
4469,2014-06-06,315368.7,0.019199298308224592,-1.4462567389163266,0.0003412040156277015,False,False
2027,2014-06-06,294700.0,0.03112308883120196,0.26527526946890817,1.8837634596761156e-05,False,False
2030,2014-06-06,500000.0,0.03097425613850513,-0.5640187686629331,8.47366784933614e-05,False,False
2064,2014-06-06,407193.0,0.016513476599660515,0.4356861525671514,2.6560507563443006e-05,False,False
2016,2014-06-06,270000.0,0.015696230724596527,0.04851739917565421,3.128095501790923e-07,False,False
2019,2014-06-06,315000.0,0.01772996761537629,-0.15745774550165817,3.7292702744050084e-06,False,False
4467,2014-06-06,423050.93,0.015118350349196147,0.21409271915653857,5.863310720159421e-06,False,False
2074,2014-06-06,969990.0,0.038527146733307205,0.21227914019061636,1.504746057333237e-05,False,False
2038,2014-06-06,200000.0,0.031892971920473,-0.785633147870877,0.00016944547274977233,False,False
2048,2014-06-06,589500.0,0.01968614805860626,0.3997994109395589,2.6748452502248384e-05,False,False
2071,2014-06-06,585000.0,0.01633698983302309,0.4117895234117339,2.3469024528043156e-05,False,False
2024,2014-06-06,432000.0,0.05680932749230455,0.0016807513422263005,1.4179007699637742e-09,False,False
2018,2014-06-06,389250.0,0.022303035325965115,0.4223815861017388,3.3914733809384595e-05,False,False
2017,2014-06-06,735000.0,0.03014578792657982,0.9037709953251597,0.00021157080384659284,False,False
2052,2014-06-06,300000.0,0.01667909452095151,-0.8445851526748266,0.0001008283908986235,False,False
2029,2014-06-06,715000.0,0.015174568719002413,-0.07488098589232427,7.199775641829282e-07,False,False
2053,2014-06-06,660000.0,0.013867382157702057,0.7069040752050326,5.8559705587081004e-05,False,False
2066,2014-06-06,739000.0,0.017983486097789048,-0.4179748619144423,2.6660861103762245e-05,False,False
2069,2014-06-06,279000.0,0.03528207024430219,-1.3252034824599233,0.0005352264914339594,False,False
2021,2014-06-06,550000.0,0.015501372680401415,-0.45516972556645924,2.7184448913979502e-05,False,False
2041,2014-06-06,1370000.0,0.0479986815069538,0.9055498638095357,0.0003445365106521591,False,False
2028,2014-06-06,744000.0,0.011572119818755888,0.045521623525241396,2.021725432100004e-07,False,False
2035,2014-06-06,510000.0,0.018095452392052902,0.1404400180260404,3.0290098155676064e-06,False,False
2039,2014-06-06,435000.0,0.015463898302969736,-0.738201259579642,7.132727900558925e-05,False,False
2056,2014-06-06,435000.0,0.021578877784854344,0.7530880624262517,0.00010423493897136452,False,False
2044,2014-06-06,253500.0,0.02320381485669376,-0.3812595024999022,2.877501405138722e-05,False,False
2015,2014-06-06,385200.0,0.023325594780765152,0.12338517360822888,3.0298953380137798e-06,False,False
2020,2014-06-06,545000.0,0.014891876423574812,-0.7366777339752603,6.836587305635888e-05,False,False
2067,2014-06-06,452000.0,0.014532170849155118,-0.7203165876782408,6.376078124738409e-05,False,False
2065,2014-06-06,320000.0,0.016917022112864083,0.09815727668822616,1.381648264749757e-06,False,False
2026,2014-06-06,1035000.0,0.04241823719293966,1.5627356607854024,0.0009015016981731827,False,False
2075,2014-06-07,490000.0,0.01554270275669059,-0.6411353309342036,5.408138849356334e-05,False,False
2077,2014-06-07,462000.0,0.047270221946539126,0.08178493885464343,2.765561511746936e-06,False,False
4317,2014-06-07,568500.0,0.01588302468739,0.08170247998209863,8.977919772784133e-07,False,False
2076,2014-06-07,611000.0,0.02319427712972358,-0.46127781858262323,4.210333939533446e-05,False,False
2086,2014-06-08,540000.0,0.047942315421191234,-0.026844494221948918,3.024022009002195e-07,False,False
2082,2014-06-08,445000.0,0.019501706169539418,-0.40904999167895434,2.7733028417442485e-05,False,False
2083,2014-06-08,684680.0,0.011182627013408664,0.22657802481449962,4.8381806312855884e-06,False,False
2079,2014-06-08,260000.0,0.04724440407995434,-0.7465369644926997,0.00023029804651543791,False,False
2084,2014-06-08,2700000.0,0.07599025639271662,1.4882282018698199,0.001517886062539068,True,True
2080,2014-06-08,510000.0,0.026642521391956487,-0.3431714113448244,2.6862344142777458e-05,False,False
2078,2014-06-08,540000.0,0.0171779234584086,0.4135626650701748,2.4911344329741327e-05,False,False
2087,2014-06-08,530000.0,0.028542537819548464,-0.6770613661459423,0.00011223895560556925,False,False
2085,2014-06-08,455000.0,0.028937422703198518,-0.9558079435260819,0.0002268676934670074,False,False
2081,2014-06-08,567500.0,0.01975369700061084,0.5410449176635522,4.915849433016815e-05,False,False
2117,2014-06-09,435000.0,0.018746046271673006,-0.01595328750576444,4.0517944291717473e-08,False,False
2088,2014-06-09,410000.0,0.02406925034554183,0.8116531164920932,0.0001353951903404519,False,False
2134,2014-06-09,213400.0,0.045942105826591306,-0.308862908635953,3.828127873818765e-05,False,False
2126,2014-06-09,435000.0,0.030960525063845057,0.3159794617070596,2.658295843414181e-05,False,False
2177,2014-06-09,379000.0,0.016379153386105905,0.2309346085336312,7.400490821003634e-06,False,False
2164,2014-06-09,620000.0,0.019243393061918884,0.1036279219717155,1.7558715459337636e-06,False,False
2112,2014-06-09,307550.0,0.026230932322850897,0.05641644102290543,7.144763822885768e-07,False,False
2089,2014-06-09,450000.0,0.01726996889761917,0.5056773622401233,3.744752379611144e-05,False,False
2157,2014-06-09,212500.0,0.040533252069340414,-0.9895545856683439,0.00034473056152790383,False,False
2118,2014-06-09,579000.0,0.01796449555827978,0.46204544338465653,3.2544377920883084e-05,False,False
2110,2014-06-09,1900000.0,0.05258333560213824,1.8732906501740803,0.0016230660645337827,False,True
2161,2014-06-09,364900.0,0.025781917712621116,-0.13295845740112008,3.898609360563878e-06,False,False
2113,2014-06-09,304700.0,0.02824969106593664,0.44652525072465105,4.83025229347738e-05,False,False
2172,2014-06-09,235000.0,0.033114583449076335,-1.2930615352656454,0.000477201089296263,False,False
2124,2014-06-09,440000.0,0.018380362020865182,-0.004556120391573188,3.2390672101592602e-09,False,False
2166,2014-06-09,852500.0,0.015626627936106863,1.0149666036158533,0.00013627860320272912,False,False
4472,2014-06-09,259950.0,0.011823027068261771,-3.3277296575282893,0.0011041009482640567,False,False
2136,2014-06-09,325000.0,0.030735614088953766,0.5477140565190015,7.927315929579694e-05,False,False
2115,2014-06-09,385000.0,0.015265255946365741,0.28789038166317804,1.0706755715619566e-05,False,False
2160,2014-06-09,965000.0,0.02279680088098259,1.2845037231597627,0.00032075875165793797,False,False
2155,2014-06-09,546000.0,0.03484823862938652,0.4067818621286913,4.978828174295314e-05,False,False
2121,2014-06-09,368000.0,0.022258200910620973,-0.2512212636617688,1.1972846699469846e-05,False,False
2128,2014-06-09,563500.0,0.03031837384994432,0.6309408157125447,0.00010372244296939773,False,False
2100,2014-06-09,341000.0,0.017319414084359053,0.3906535941595113,2.2414198941046473e-05,False,False
2102,2014-06-09,390000.0,0.01860297338427791,-0.03351979879411019,1.77483991420181e-07,False,False
2131,2014-06-09,500000.0,0.026333105044127225,-0.6215848188894545,8.707855617836754e-05,False,False
2106,2014-06-09,502000.0,0.02582725666384833,0.7565572411383554,0.00012645751488931875,False,False
2111,2014-06-09,605000.0,0.03450980554194748,-1.2044322779675474,0.00043209393475088703,False,False
2107,2014-06-09,480000.0,0.04447280379018259,-0.06000983715572539,1.396738513314194e-06,False,False
2174,2014-06-09,536000.0,0.019513347115659774,0.03169053659224782,1.665589689053701e-07,False,False
2178,2014-06-09,345000.0,0.021267674597466785,-0.5554809473308583,5.587443742084379e-05,False,False
2153,2014-06-09,585000.0,0.05912594563662965,0.6211495774906205,0.00020204948575255126,False,False
2154,2014-06-09,554000.0,0.048195387729601524,-0.262003265729062,2.8966087394642948e-05,False,False
2120,2014-06-09,305100.0,0.018254613287307653,-0.02575945837693714,1.0281724823135417e-07,False,False
2127,2014-06-09,475000.0,0.04629652159642966,-0.054461060049847375,1.199847166852733e-06,False,False
2170,2014-06-09,625000.0,0.048169402660743155,-0.14437092773336072,8.7900196883557e-06,False,False
2108,2014-06-09,378500.0,0.018586520179499022,0.17680835230980743,4.933673172893385e-06,False,False
2129,2014-06-09,285000.0,0.017728203623589324,0.0037174509646855118,2.0784630492945146e-09,False,False
2149,2014-06-09,743700.0,0.016068207689249048,0.45046390898508565,2.761475531083814e-05,False,False
2105,2014-06-09,250000.0,0.025996933931381,-1.8170303914032964,0.0007343531177761131,False,False
2171,2014-06-09,649950.0,0.02719805146125908,0.48756530944241794,5.53857076256775e-05,False,False
2122,2014-06-09,255000.0,0.0428381393632728,-0.22764128032432102,1.9327069446137988e-05,False,False
2180,2014-06-09,315000.0,0.022864763351757744,0.2532272375808259,1.2504076578608313e-05,False,False
2093,2014-06-09,347000.0,0.017427938737718973,-0.3547422907800088,1.8600572005457663e-05,False,False
2132,2014-06-09,640000.0,0.015128173965180097,0.6295405058732829,5.073093976499623e-05,False,False
2151,2014-06-09,403950.0,0.04337901067559374,1.573600026589612,0.0009357227746736699,False,False
2101,2014-06-09,700000.0,0.016451819904956547,-0.27464737045879023,1.0514483703269095e-05,False,False
2139,2014-06-09,599950.0,0.03390938290204515,0.38784192544923296,4.3997731452600765e-05,False,False
2092,2014-06-09,550000.0,0.017957513066040764,-0.14065717187117424,3.014799465651747e-06,False,False
2152,2014-06-09,980000.0,0.039946711197754586,-0.34212463578010804,4.058570928329841e-05,False,False
2140,2014-06-09,1225000.0,0.01660078556116254,3.7835727703989037,0.0020138249590365967,False,True
2098,2014-06-09,525000.0,0.01717290152769671,-0.6336071988421392,5.845551850448886e-05,False,False
2090,2014-06-09,609900.0,0.017722970671365277,1.31763321704374,0.0002610419794633874,False,False
2130,2014-06-09,471000.0,0.028012381736060313,0.3661125903958464,3.2191216273346275e-05,False,False
2133,2014-06-09,442500.0,0.030054561418747298,0.4825330471916919,6.0122352848911525e-05,False,False
2179,2014-06-09,365000.0,0.024780951399078294,-0.9073576810497661,0.0001743378132729265,False,False
2143,2014-06-09,270000.0,0.0424528554144088,0.24512756281010453,2.2199837193305057e-05,False,False
2091,2014-06-09,648000.0,0.3345082533483473,0.4084045089792652,0.000698656935016135,True,False
2142,2014-06-09,290000.0,0.08371747082319042,-0.11581069812592401,1.0211811903712124e-05,True,False
2167,2014-06-09,600000.0,0.03244717093256977,0.6965226040267766,0.00013557865884470877,False,False
2169,2014-06-09,328000.0,0.031412263235147786,0.4051685310656542,4.436601582202033e-05,False,False
2150,2014-06-09,352750.0,0.022028061388278758,-0.21185103172790382,8.424222041960979e-06,False,False
2146,2014-06-09,265000.0,0.032459994109709546,0.5401823927639721,8.15791372110936e-05,False,False
2163,2014-06-09,213000.0,0.05678085457018417,0.15807596573415983,1.2535445078478404e-05,False,False
2144,2014-06-09,229950.0,0.3378572630984591,0.7204310578840621,0.0022069131785890732,True,True
2168,2014-06-09,410000.0,0.02024250341812586,-0.2533031503636501,1.1047030739586276e-05,False,False
2103,2014-06-09,539950.0,0.03868512036642269,1.2318346818801262,0.0005088641981432222,False,False
2099,2014-06-09,250250.0,0.016730069346591547,-0.7677721803198125,8.3581176548281e-05,False,False
2175,2014-06-09,400000.0,0.03073274217720645,-0.21866505284582424,1.2633837397012767e-05,False,False
2119,2014-06-09,236000.0,0.04092471590957191,0.5873084497231568,0.00012265470901277442,False,False
2135,2014-06-09,831000.0,0.014191601912339535,1.0214111687774245,0.00012515807230136278,False,False
2123,2014-06-09,400000.0,0.022032507427742126,0.1735163995048038,5.6524836500858056e-06,False,False
2138,2014-06-09,550000.0,0.024622365835734156,-0.4025248524758999,3.408483059690514e-05,False,False
2094,2014-06-09,1635000.0,0.028802772965053125,0.5844462014384705,8.441793064482152e-05,False,False
2141,2014-06-09,750000.0,0.025945019825741877,-0.5048596301231392,5.657578378223957e-05,False,False
2145,2014-06-09,234999.0,0.05185722935069109,-0.25155035633461414,2.8840593880745757e-05,False,False
2147,2014-06-09,367300.0,0.026657086958532642,0.6794257296941489,0.00010535364128407396,False,False
2104,2014-06-09,552000.0,0.017136043635122056,0.8458219326830613,0.00010394265107797647,False,False
2096,2014-06-09,288350.0,0.06969457903008536,-0.6637006522177068,0.00027500253066212323,True,False
2114,2014-06-09,568000.0,0.025380608162387686,0.6949898830437923,0.00010481964760079428,False,False
2176,2014-06-09,398000.0,0.022663653156532126,-0.5823606296733165,6.553731316434524e-05,False,False
2173,2014-06-09,489000.0,0.02824179316618472,-0.36920728688425,3.3013634040345146e-05,False,False
2158,2014-06-09,739000.0,0.021831178964971637,1.1753276995730921,0.00025692127655813513,False,False
2137,2014-06-09,425000.0,0.029519510767561374,-0.11654343435210696,3.442839085256678e-06,False,False
2125,2014-06-09,417000.0,0.02242674300416181,1.4558584622128385,0.00040520421874626805,False,False
2116,2014-06-09,345000.0,0.011148743866034733,-1.1560262864240043,0.0001255593738556924,False,False
2156,2014-06-09,280000.0,0.0689049753164989,-0.4928719888414854,0.0001498109655285351,True,False
2162,2014-06-09,559000.0,0.013230609489231965,-0.14231090988432676,2.2628685502865284e-06,False,False
2159,2014-06-09,428000.0,0.014261128163442244,-0.05753377482110045,3.990768102854273e-07,False,False
2109,2014-06-09,1350000.0,0.021852113046771746,0.48281106544630703,4.3397239163068315e-05,False,False
2148,2014-06-09,550000.0,0.0395182722834759,0.3620804748752996,4.495083963802758e-05,False,False
2095,2014-06-09,1339000.0,0.026126595448963473,-0.22900314088933807,1.1724165666838163e-05,False,False
2165,2014-06-09,240000.0,0.02527969111705794,-1.746335911180747,0.0006591224008873611,False,False
2097,2014-06-09,1150000.0,0.02673896803328868,0.21792729659004278,1.0873198678372218e-05,False,False
2204,2014-06-10,100000.0,0.08387464009816398,-2.1341628872163834,0.0034749586805126777,True,True
2263,2014-06-10,480000.0,0.03819008672995022,0.9454130845600409,0.00029574905591404785,False,False
2244,2014-06-10,750000.0,0.039755328811736046,-0.6036118028318405,0.00012570357943549924,False,False
2269,2014-06-10,533112.0,0.038655962631598074,0.16688104012325986,9.3319070763497e-06,False,False
2261,2014-06-10,608000.0,0.04756249118331571,0.894958130987102,0.0003333130313414318,False,False
2240,2014-06-10,895000.0,0.026843647586126285,-0.4703082225118799,5.084436221991947e-05,False,False
2238,2014-06-10,429950.0,0.01858451535607511,-0.228862156461382,8.26542252988438e-06,False,False
2205,2014-06-10,417500.0,0.036022479631743515,-0.1827402275707776,1.039905259728617e-05,False,False
2217,2014-06-10,250000.0,0.02482859642268015,0.08178235297990419,1.4190874820322023e-06,False,False
2181,2014-06-10,571000.0,0.030000680964992865,-0.6374880409726181,0.00010474240007429689,False,False
2186,2014-06-10,315000.0,0.02551392486943882,0.1094257459501319,2.612518775750637e-06,False,False
2267,2014-06-10,899900.0,0.029288837362306808,0.9065220109694493,0.00020662723760026393,False,False
2236,2014-06-10,251750.0,0.02864212123078491,0.005364138145343865,7.070409590135707e-09,False,False
2183,2014-06-10,695000.0,0.01704851206882914,0.5204761623626776,3.9153882971455374e-05,False,False
2213,2014-06-10,165000.0,0.05225899131833414,0.25989254690465907,3.103685835740341e-05,False,False
2201,2014-06-10,490000.0,0.015763215107992723,0.041445244902450405,2.29252132513312e-07,False,False
2248,2014-06-10,307000.0,0.02799664153621717,0.48294614740998204,5.5982764030034925e-05,False,False
2221,2014-06-10,285000.0,0.05583412810937201,-0.7781478082939761,0.0002983969580944795,False,False
2198,2014-06-10,345000.0,0.02723362443052396,0.216546547015851,1.094002144828595e-05,False,False
2252,2014-06-10,359950.0,0.02475127430463331,-0.45206742270275047,4.322224780540291e-05,False,False
2203,2014-06-10,350000.0,0.054781347019264306,0.5674050256023654,0.00015549109918132296,False,False
2253,2014-06-10,360000.0,0.03067436991511145,-0.7509701596091817,0.00014872023706868112,False,False
2184,2014-06-10,225000.0,0.03397412362800495,-0.33763435908240264,3.340961943235108e-05,False,False
2234,2014-06-10,870000.0,0.042410533869780165,0.1714487579220971,1.084880291723398e-05,False,False
2237,2014-06-10,366000.0,0.0456900527959615,0.0007544894490458616,2.2712100691027074e-10,False,False
2268,2014-06-10,499950.0,0.04173489944956135,1.3374255255813776,0.0006491897724787056,False,False
2235,2014-06-10,310000.0,0.02677136168911226,-0.49648098876930924,5.650405055245214e-05,False,False
2192,2014-06-10,369990.0,0.021572907628555404,0.0008009433577719813,1.1786980808741758e-10,False,False
4474,2014-06-10,237333.33,0.020536790945671804,-3.8400249373399085,0.0025765068301595935,False,True
2233,2014-06-10,306888.0,0.022562685227614288,1.0512030456596908,0.00021256602185764444,False,False
2272,2014-06-10,399950.0,0.043280738698792065,1.5200980676149582,0.0008711082258334785,False,False
2219,2014-06-10,380000.0,0.034401317977876045,-0.19506718088709252,1.1297063927418527e-05,False,False
2191,2014-06-10,269000.0,0.016256151484541764,-0.045182973660760316,2.811279864762315e-07,False,False
2270,2014-06-10,303210.0,0.03656147852678694,-0.11324846739708105,4.055861944999625e-06,False,False
2239,2014-06-10,710000.0,0.05143304247455044,-0.24534290689435986,2.7198189179982273e-05,False,False
2262,2014-06-10,589900.0,0.021088750600247202,-1.6493729401265762,0.0004883869105933033,False,False
2193,2014-06-10,800000.0,0.03600796662954944,0.428670451631873,5.7199338146127614e-05,False,False
2250,2014-06-10,392000.0,0.01733916230810322,1.0713205648770534,0.00016876489007147373,False,False
2211,2014-06-10,659000.0,0.017697341766823388,0.2639324284593415,1.045844170753422e-05,False,False
2208,2014-06-10,490000.0,0.034460007951105986,0.8821670396438447,0.0002314544393325377,False,False
2241,2014-06-10,149500.0,0.027350750003799773,-0.849126306979285,0.0001689570545323136,False,False
2189,2014-06-10,310000.0,0.02296486330939379,0.24426825475412053,1.1687092875612833e-05,False,False
2245,2014-06-10,745000.0,0.017131210525641274,-0.38657378733141073,2.1705813443671697e-05,False,False
2226,2014-06-10,375500.0,0.043353358817813714,0.30267024257941866,3.459627995820602e-05,False,False
2218,2014-06-10,268000.0,0.037949382538729814,-0.3597454104744474,4.2541820362559213e-05,False,False
2212,2014-06-10,480000.0,0.026176531814205567,-0.21845191901433142,1.0689622075534368e-05,False,False
2215,2014-06-10,219900.0,0.03222004753295149,0.8218342251303468,0.00018738583404623747,False,False
2225,2014-06-10,403000.0,0.020462184496967184,0.13851484415562984,3.3399670224483924e-06,False,False
4333,2014-06-10,278500.0,0.015897893920937323,0.22370855118734134,6.737260778751884e-06,False,False
2222,2014-06-10,183000.0,0.019274079591701215,-0.9956269499656177,0.00016234467036459275,False,False
2256,2014-06-10,415000.0,0.020507660820759777,0.2814781308049995,1.3823663484073563e-05,False,False
2257,2014-06-10,199500.0,0.027766691020313046,0.7201363522695744,0.00012342463585384342,False,False
2266,2014-06-10,695000.0,0.020798028602446464,-0.015500640557711191,4.2527312365096566e-08,False,False
2243,2014-06-10,555000.0,0.02683013823634245,-0.12914677343581712,3.831952651721947e-06,False,False
2210,2014-06-10,483300.0,0.01801164785566256,0.6384428834061867,6.230314439012434e-05,False,False
2207,2014-06-10,1240000.0,0.032180547454398134,0.6460291832176165,0.00011564373475514459,False,False
2249,2014-06-10,655275.0,0.0159632300088291,0.6889563278324955,6.416697782893273e-05,False,False
2206,2014-06-10,253000.0,0.07111250341670106,-1.2732672720835614,0.0010342862637159145,True,False
2271,2014-06-10,525000.0,0.015693837473567063,0.14785333391453226,2.9045572706769e-06,False,False
2214,2014-06-10,659500.0,0.016264401123380068,0.34502857289276045,1.640168876578102e-05,False,False
2182,2014-06-10,1025000.0,0.019986579972598673,-0.22840159773287771,8.865913544074005e-06,False,False
2195,2014-06-10,175000.0,0.0699099692043475,-1.0440049059083718,0.0006827126568286972,True,False
2255,2014-06-10,700000.0,0.02558919928908862,-0.1319013638575487,3.8074300540781178e-06,False,False
2197,2014-06-10,435000.0,0.019165467590551433,0.7157533119055027,8.341980266691226e-05,False,False
4477,2014-06-10,812650.0,0.03958334929152019,-1.7969684926412905,0.0011090536019783793,False,False
2196,2014-06-10,440000.0,0.013120164241191695,0.12803465595351915,1.816137926098418e-06,False,False
2202,2014-06-10,335000.0,0.016804989723924413,-0.7632324579840858,8.297189364956693e-05,False,False
2231,2014-06-10,375000.0,0.047622537133415105,-0.7004153696219142,0.00020442476556513609,False,False
2246,2014-06-10,695000.0,0.015624910750908494,-0.06628496597659861,5.811734417491004e-07,False,False
2223,2014-06-10,1070000.0,0.033035027686410645,0.05156874024302152,7.57104332327631e-07,False,False
2228,2014-06-10,516200.0,0.02327657377273834,0.37449458542329617,2.7852057921683583e-05,False,False
2194,2014-06-10,569000.0,0.04792771546017588,-0.6349693621746988,0.00016913796494210742,False,False
2200,2014-06-10,475000.0,0.03577702113849425,1.9781799759831133,0.0012099768388825864,False,True
2216,2014-06-10,315000.0,0.02471757235137964,-0.6199332247554981,8.116784093835011e-05,False,False
2209,2014-06-10,470000.0,0.04274301629367022,0.1120334060227429,4.670361051021672e-06,False,False
2227,2014-06-10,1795000.0,0.04365580993560242,0.44077756804569707,7.390699573922993e-05,False,False
2220,2014-06-10,499000.0,0.013972096170239312,0.5249993915140468,3.2546831459285e-05,False,False
2265,2014-06-10,915000.0,0.044248591134780135,-0.612668449279719,0.0001448185805469854,False,False
2264,2014-06-10,1059500.0,0.030944383070549364,0.7168496371039937,0.00013674391791126684,False,False
2247,2014-06-10,433000.0,0.01728912840870922,0.3057561902517809,1.370618564931643e-05,False,False
4478,2014-06-10,135333.33,0.028181647042327923,-1.7525716604505732,0.0007422523790600619,False,False
2232,2014-06-10,650000.0,0.015682816330736538,0.4613732905849331,2.826263446468526e-05,False,False
2187,2014-06-10,1230000.0,0.020073524252826058,1.0365756865858444,0.00018342178917208748,False,False
2199,2014-06-10,558000.0,0.04183453054402014,-0.1433616972007582,7.47789573949405e-06,False,False
2254,2014-06-10,566000.0,0.013510704592949424,-0.29957949116529353,1.0243032080959708e-05,False,False
2259,2014-06-10,680000.0,0.023625250562364808,1.0633031603424552,0.00022797795159781162,False,False
2258,2014-06-10,749000.0,0.013680683203308897,1.4656324231456141,0.0002482899434184914,False,False
2185,2014-06-10,740000.0,0.01574831075644545,-0.14998662671134952,2.999519132966492e-06,False,False
2190,2014-06-10,700000.0,0.015540408107095532,0.5213590882938705,3.57566790125984e-05,False,False
2188,2014-06-10,420000.0,0.02060695009387925,0.09411831825168704,1.5531870908029777e-06,False,False
4475,2014-06-10,426090.0,0.022533565391095856,-0.5661268175329777,6.157072545110452e-05,False,False
2251,2014-06-10,1180000.0,0.019099888920922847,1.0108898487555031,0.00016581830926412213,False,False
2230,2014-06-10,515000.0,0.015677393102805803,0.4407372356030675,2.57818827618045e-05,False,False
2242,2014-06-10,310000.0,0.022368790141222283,-0.5911800655496928,6.663858307606553e-05,False,False
2224,2014-06-10,429000.0,0.0124252009650124,-0.5546441443283193,3.225381132806038e-05,False,False
4476,2014-06-10,458663.89,0.015294028299186274,-0.4179572351026433,2.2609854460333295e-05,False,False
2260,2014-06-10,400000.0,0.04596234208272493,-0.6619411973595444,0.00017591149094352344,False,False
2229,2014-06-10,385000.0,0.015547792143062455,0.12876954174679708,2.1823235684040417e-06,False,False
2297,2014-06-11,295000.0,0.032533898641379205,-0.20100819499053948,1.1322612221898585e-05,False,False
2316,2014-06-11,700000.0,0.03750185773338824,0.10702168590598424,3.718906094294935e-06,False,False
2291,2014-06-11,220000.0,0.025584105786637723,-0.8016388960642219,0.000140605464462839,False,False
2353,2014-06-11,250000.0,0.029472162372584182,-0.30389883728980555,2.3371190498518053e-05,False,False
2315,2014-06-11,465000.0,0.01643250717554315,1.3587868663988039,0.0002570520659780287,False,False
2333,2014-06-11,455000.0,0.03379250971238182,-0.01621120504453077,7.659481986707601e-08,False,False
2279,2014-06-11,280000.0,0.015593387829359262,0.17125342806139304,3.871357337356533e-06,False,False
2330,2014-06-11,110000.0,0.036264126078211695,-3.045045958899146,0.002907539665266502,False,True
2314,2014-06-11,740000.0,0.025312732198477322,0.8592213171940504,0.0001597726991173469,False,False
2336,2014-06-11,405000.0,0.016694185336634387,-0.011928427177163345,2.013083292239144e-08,False,False
2329,2014-06-11,2888000.0,0.10973740681156735,0.5236970826945537,0.00028171867086849533,True,False
2302,2014-06-11,285000.0,0.02602178728817872,-0.10833047754054961,2.612810721676307e-06,False,False
2332,2014-06-11,317000.0,0.016117264804562298,-0.011156480994513425,1.699108902547233e-08,False,False
2349,2014-06-11,450000.0,0.03038800437596615,0.21080237367412677,1.1605769692422246e-05,False,False
2317,2014-06-11,785000.0,0.029545626602707677,0.9597764356814539,0.0002337098427974268,False,False
2293,2014-06-11,435000.0,0.024210155069199463,0.5422448801272132,6.0792632669032435e-05,False,False
2304,2014-06-11,355000.0,0.09141069388815254,2.0314102521677393,0.0034597396475819094,True,True
2286,2014-06-11,799000.0,0.027660478602932026,0.6886235222138167,0.00011241498652537148,False,False
4318,2014-06-11,352500.0,0.02702196001958196,0.739929127334018,0.00012671055991148354,False,False
2346,2014-06-11,813000.0,0.02978368305586407,-0.5961268896313627,9.090881684343209e-05,False,False
2300,2014-06-11,515000.0,0.032843617511493006,-1.103232109959719,0.00034443464209344326,False,False
2306,2014-06-11,571000.0,0.046160524866300706,0.2192452842865953,1.9385398014158613e-05,False,False
2288,2014-06-11,354000.0,0.013895522601487298,0.11459014415538078,1.541932064643668e-06,False,False
2295,2014-06-11,1010000.0,0.013257391299111632,0.19836563025086093,4.405607469807973e-06,False,False
2305,2014-06-11,381000.0,0.042502949590073946,0.42424784021332,6.657936660799596e-05,False,False
2340,2014-06-11,465000.0,0.026128060547590648,0.24182890340428756,1.3074963594045996e-05,False,False
2339,2014-06-11,742000.0,0.01691905154122003,0.3246557723743359,1.5116517307223143e-05,False,False
2325,2014-06-11,545000.0,0.021955165557868833,-0.42159027065141136,3.324894474247965e-05,False,False
2301,2014-06-11,599000.0,0.030415057610807414,-0.293231863507461,2.247728518328251e-05,False,False
2341,2014-06-11,809950.0,0.015857299867557628,0.5344894613523388,3.835908247217455e-05,False,False
2292,2014-06-11,650000.0,0.028127475168161054,1.4042804986822737,0.00047560666153816415,False,False
2354,2014-06-11,475000.0,0.016744094615057464,0.1134733269769547,1.827264582907303e-06,False,False
2278,2014-06-11,248000.0,0.06583777439223057,1.581615753230883,0.001469175094035861,False,True
2313,2014-06-11,335000.0,0.016224418200000368,-0.18909213149782692,4.914040845899765e-06,False,False
2344,2014-06-11,535000.0,0.0178399854081015,-0.2231126029662078,7.534929711882037e-06,False,False
2320,2014-06-11,530000.0,0.012444806977857298,0.23593479371354148,5.8456058021946135e-06,False,False
2298,2014-06-11,580379.0,0.019970205000407665,-0.1719904437155092,5.0230862051298265e-06,False,False
2299,2014-06-11,875000.0,0.02503078334881255,0.6752100667917116,9.753940651869028e-05,False,False
2274,2014-06-11,371500.0,0.027157724766396663,0.15639848053509045,5.6902947204142905e-06,False,False
2351,2014-06-11,399950.0,0.04340337709084291,1.5336614819603236,0.0008893494756993657,False,False
2338,2014-06-11,427000.0,0.2303617327503746,0.9549345263926553,0.0022745193147448764,True,True
2290,2014-06-11,560200.0,0.018725839443262518,0.30505931003055936,1.4799200489317238e-05,False,False
2273,2014-06-11,850830.0,0.04581606605979438,1.2892780711121028,0.0006651163782500747,False,False
2284,2014-06-11,487028.0,0.027934048607627965,0.39722734129881476,3.7786370113461865e-05,False,False
2294,2014-06-11,800000.0,0.049622367231031084,-1.9326036665907942,0.001625120707174086,False,True
2326,2014-06-11,214950.0,0.03315589626301102,-0.4767222971375818,6.494623853839905e-05,False,False
2347,2014-06-11,234000.0,0.04636248712691991,-0.24277194396800472,2.3878065824869827e-05,False,False
2303,2014-06-11,290000.0,0.01811958194084566,0.3673523184052136,2.0752666100963385e-05,False,False
2308,2014-06-11,1085000.0,0.023560167230017803,2.2973829981330343,0.001061251801549313,False,False
2331,2014-06-11,292000.0,0.04129852703655401,-0.3659121769112826,4.806441337912233e-05,False,False
2280,2014-06-11,495000.0,0.09585780154246862,0.41424925493246295,0.00015161178154467537,True,False
2323,2014-06-11,330000.0,0.015417543239881093,0.34869656229644996,1.586635501034531e-05,False,False
2327,2014-06-11,657500.0,0.021042125546147237,0.6666075354432551,7.9594818125479e-05,False,False
2357,2014-06-11,329950.0,0.023466156973044883,-0.2348220648402071,1.1042088705480658e-05,False,False
2311,2014-06-11,386000.0,0.02619395652228343,-0.8676283289977382,0.00016873875417471333,False,False
2335,2014-06-11,460000.0,0.023582179214866078,0.3413001248405575,2.344444124102632e-05,False,False
2309,2014-06-11,371000.0,0.018489742914987478,1.2679800072870713,0.00025239433097515903,False,False
2281,2014-06-11,665000.0,0.041977206039101295,-0.0878777899143087,2.8197765393644976e-06,False,False
2310,2014-06-11,514000.0,0.04022045477273367,-0.3609005051241346,4.5485106989670645e-05,False,False
2277,2014-06-11,276900.0,0.03722611000256718,-0.7110928612245657,0.0001629276313747532,False,False
2285,2014-06-11,325000.0,0.023987286013049638,-0.6934181413852973,9.847699587575733e-05,False,False
2322,2014-06-11,240000.0,0.03133053928765782,-1.2323663448519904,0.00040934611730099476,False,False
2328,2014-06-11,476000.0,0.028794470370827857,-0.1410503686683729,4.915471173467057e-06,False,False
2287,2014-06-11,7062500.0,0.2165351456181173,1.9577724070677496,0.008827790899850054,True,True
2283,2014-06-11,527000.0,0.033817124984734714,-0.7710654207969005,0.00017341176371313692,False,False
2343,2014-06-11,762400.0,0.04063169640840313,-0.347580970928201,4.263932560122469e-05,False,False
2348,2014-06-11,308900.0,0.017772859688142878,-0.3210812521611108,1.5545118322726672e-05,False,False
2312,2014-06-11,464000.0,0.016467639474710694,0.5185699771591654,3.7521154216196374e-05,False,False
2307,2014-06-11,852600.0,0.019094640987742606,-0.3090102776507335,1.5489913499394713e-05,False,False
2345,2014-06-11,881000.0,0.03255023009525798,0.3025821771821704,2.567030791777889e-05,False,False
2334,2014-06-11,1365000.0,0.025505331274271736,0.08666290853175784,1.6380862923577277e-06,False,False
2355,2014-06-11,415000.0,0.014787706742718454,-0.3243826246943296,1.3161486061482314e-05,False,False
2318,2014-06-11,350000.0,0.024417106766225383,-0.33499713868083714,2.340620341270988e-05,False,False
2324,2014-06-11,735000.0,0.020313425203266566,0.19444130350593578,6.5326863066651295e-06,False,False
2321,2014-06-11,349000.0,0.014275001067656085,-1.0711483644100457,0.00013846448365357125,False,False
2289,2014-06-11,262500.0,0.01798014605179407,-0.8003890691990679,9.774487571218252e-05,False,False
2296,2014-06-11,200000.0,0.030349949384534114,-0.3290905457389229,2.8248312717084857e-05,False,False
2350,2014-06-11,547500.0,0.014550119483916213,-0.3882264118225668,1.8544747669883376e-05,False,False
2276,2014-06-11,588000.0,0.012913234241280602,0.7686194113063635,6.440523220152421e-05,False,False
2342,2014-06-11,619400.0,0.016984950426211176,-0.4443458397399087,2.8429230687318008e-05,False,False
2356,2014-06-11,545000.0,0.031430572468674145,0.5815823769236986,9.146664822020983e-05,False,False
2275,2014-06-11,522000.0,0.012612835533984068,-0.043061820836854454,1.9739165520271893e-07,False,False
2352,2014-06-11,516000.0,0.021895106552081416,-0.4057380282793179,3.070943413663342e-05,False,False
2282,2014-06-11,290300.0,0.08291953917756714,2.3815878106170434,0.004273674002797107,True,True
2337,2014-06-11,333000.0,0.017748129453478506,-0.3844801486289433,2.2258521833034807e-05,False,False
2319,2014-06-11,148000.0,0.040638315961007365,-1.576788571361241,0.0008776452655683884,False,False
2377,2014-06-12,173000.0,0.04984073572715447,-0.5421913639994885,0.00012850262018757354,False,False
2399,2014-06-12,363000.0,0.026070688274077214,-0.5300935639964555,6.2682870569314e-05,False,False
4486,2014-06-12,681965.78,0.012987728025252443,-0.5641807569223564,3.4903254608039934e-05,False,False
2419,2014-06-12,1034500.0,0.02691268516139006,-0.1224382793824573,3.455082400484144e-06,False,False
2381,2014-06-12,381000.0,0.02994414337135648,0.09880559741396755,2.511290780330951e-06,False,False
4489,2014-06-12,210614.29,0.03340828365947529,-1.5137823393879186,0.0006600194257354965,False,False
4484,2014-06-12,437500.0,0.02020947533942187,-2.6725751668214106,0.0012277230653444486,False,True
2427,2014-06-12,223000.0,0.018432426456938156,0.39019557322104415,2.382570371951855e-05,False,False
2431,2014-06-12,315000.0,0.024767122774968675,0.2563828769524383,1.391118128722745e-05,False,False
2397,2014-06-12,397990.0,0.03399790277012474,-0.09967711615321295,2.913961042464734e-06,False,False
2383,2014-06-12,235000.0,0.03271787787573183,-0.7260500895062205,0.0001485880511390041,False,False
4487,2014-06-12,229629.5,0.026163626219637914,-1.0384754506548244,0.00024144775234739128,False,False
2416,2014-06-12,440000.0,0.02582692329777264,0.2862492975984626,1.810273372064309e-05,False,False
4483,2014-06-12,387884.62,0.019829682884940913,-0.4255361510242026,3.0528530413390655e-05,False,False
4485,2014-06-12,641633.33,0.011684052207228901,-0.21074477333413769,4.375523941434115e-06,False,False
2376,2014-06-12,510000.0,0.014858472366369169,0.6467661847407187,5.257616429349875e-05,False,False
2425,2014-06-12,370000.0,0.019573169911726307,-0.9417158700626164,0.00014753821039499646,False,False
2432,2014-06-12,430000.0,0.01733203170148051,0.3424021533089126,1.723194910975901e-05,False,False
2437,2014-06-12,680000.0,0.017734963164266038,0.2195282274229246,7.251053346742998e-06,False,False
2409,2014-06-12,531000.0,0.04563361114298731,0.4119875870221415,6.763269880189887e-05,False,False
2433,2014-06-12,440000.0,0.017309201332559976,-0.05860984015958268,5.042198835599163e-07,False,False
2386,2014-06-12,350000.0,0.024510513837863013,-2.0158080685232584,0.0008508381121227185,False,False
2435,2014-06-12,1240000.0,0.01745853723939339,0.32594416235113616,1.5731210253469036e-05,False,False
2407,2014-06-12,489950.0,0.018035795280641705,0.9508944488602071,0.00013839583438265857,False,False
2426,2014-06-12,349950.0,0.012662768579152162,-0.18822343366136873,3.786424427844399e-06,False,False
2365,2014-06-12,2250000.0,0.04990257506212348,0.47464323515740225,9.860709408005882e-05,False,False
2406,2014-06-12,485000.0,0.017031909405255702,1.1405347845297906,0.00018782774420554932,False,False
2372,2014-06-12,860000.0,0.018151322022742528,-0.10378564871104795,1.6594228439008927e-06,False,False
2359,2014-06-12,784000.0,0.0226151229046494,-0.7443330354121128,0.00010682838928653102,False,False
2385,2014-06-12,575000.0,0.025544706695310365,0.029923479583120565,1.9560589610446662e-07,False,False
2364,2014-06-12,465250.0,0.03609380412714036,0.20524426951682923,1.3144943384036081e-05,False,False
2422,2014-06-12,561000.0,0.017268494040953652,0.45962224670871776,3.093430919410328e-05,False,False
2402,2014-06-12,1228000.0,0.0521831655993535,-0.9741391625139485,0.0004353782844388765,False,False
2374,2014-06-12,580000.0,0.03924049581798128,-1.2296351600485091,0.0005146252565161678,False,False
2360,2014-06-12,610750.0,0.015028297939736646,0.6833558435280354,5.9374316328910675e-05,False,False
2358,2014-06-12,1325000.0,0.0950644273604396,1.2972323954811171,0.0014731762248606616,True,True
2420,2014-06-12,248000.0,0.016426531630499647,-0.7013874325110073,6.846581508668509e-05,False,False
2401,2014-06-12,620000.0,0.027598993197406357,-0.23617970573290512,1.3193248659457171e-05,False,False
2438,2014-06-12,336750.0,0.024563489675593242,0.584618199654993,7.172234411545975e-05,False,False
2387,2014-06-12,259000.0,0.027395898570382937,0.7246024217874075,0.00012324456303599085,False,False
2380,2014-06-12,585000.0,0.025488546959051117,-0.1970312760193293,8.46149738083243e-06,False,False
2412,2014-06-12,835000.0,0.07453146253568843,0.6962386822119002,0.00032532170185987284,True,False
2373,2014-06-12,306000.0,0.017560887295626944,-0.6786055152748686,6.859529613964567e-05,False,False
2375,2014-06-12,405000.0,0.019123925641115397,0.43917392255644133,3.1336807373969e-05,False,False
2388,2014-06-12,599000.0,0.016188401273836334,-0.4460094189532621,2.7277140287711345e-05,False,False
2378,2014-06-12,210000.0,0.02050785371644137,0.1583500447542421,4.374963032569455e-06,False,False
2428,2014-06-12,560000.0,0.02617865512354209,0.042566532738771784,4.059040162325827e-07,False,False
2371,2014-06-12,342500.0,0.01691905687609016,-0.9186629724056965,0.00012103697218884731,False,False
2389,2014-06-12,210000.0,0.017723978804641494,0.5263543340811508,4.165842441211603e-05,False,False
2405,2014-06-12,448000.0,0.027376001461125926,-0.6827973533491665,0.00010935218022109466,False,False
2413,2014-06-12,1688000.0,0.028693551159177044,1.992488348467466,0.000977323548552452,False,False
4490,2014-06-12,790000.0,0.03643666520059766,-0.8787680904687233,0.00024334681543673587,False,False
2408,2014-06-12,498500.0,0.016380663741645318,0.013396319853847732,2.49054393994655e-08,False,False
2398,2014-06-12,706000.0,0.03174384089838719,-0.8415676061777688,0.0001934933215295071,False,False
2367,2014-06-12,315000.0,0.022139247013407887,0.20971595988832517,8.297887626326434e-06,False,False
2392,2014-06-12,299995.0,0.01824747635359435,-0.017184058779610364,4.573735401327749e-08,False,False
2382,2014-06-12,890000.0,0.01833277679512646,1.3817962573826408,0.0002971465814915514,False,False
2421,2014-06-12,294000.0,0.018779321301877084,-0.16209507907693987,4.190555680434851e-06,False,False
2384,2014-06-12,480000.0,0.019203434112859713,-0.11875213957827314,2.300920446416713e-06,False,False
2415,2014-06-12,495000.0,0.049591968556907534,1.4762013655980037,0.0009475697975849777,False,False
2436,2014-06-12,300000.0,0.03939018533450389,-0.21630797818967745,1.5988393729811324e-05,False,False
2368,2014-06-12,900000.0,0.034842869737505056,0.9226902753461861,0.00025612179366589255,False,False
2361,2014-06-12,578000.0,0.08896645827376287,1.3026004528399602,0.001380807504125155,True,True
2417,2014-06-12,280000.0,0.2459283595563595,0.7335820219517403,0.0014625547000385447,True,True
2410,2014-06-12,670000.0,0.040514198179009114,-0.8196565818641199,0.00023640208947429118,False,False
2391,2014-06-12,545000.0,0.03235212895584272,-0.6186340454553338,0.00010662815815342204,False,False
2403,2014-06-12,333000.0,0.016292621074351143,-0.4370787629629636,2.6367150152809454e-05,False,False
4491,2014-06-12,435500.0,0.025954163928957358,0.10304813900378193,2.3579072036958696e-06,False,False
2418,2014-06-12,1070000.0,0.015728247158048936,0.7975932038661444,8.471239239947352e-05,False,False
2362,2014-06-12,1485000.0,0.019048933236066157,1.0691983559088862,0.00018499442230656798,False,False
2423,2014-06-12,656500.0,0.017033026267174817,-0.2967047074097485,1.2712194151335613e-05,False,False
2414,2014-06-12,495000.0,0.02576564423340197,-0.2508138105056257,1.386434036840831e-05,False,False
2411,2014-06-12,310000.0,0.026774796577075072,-0.3785745808632139,3.285749776576481e-05,False,False
2396,2014-06-12,445000.0,0.046884213357969884,0.042718252845142156,7.480432158680984e-07,False,False
2369,2014-06-12,789500.0,0.012541625171116899,0.07612508244320165,6.133513498260276e-07,False,False
2393,2014-06-12,440000.0,0.02932143531466938,0.3661823898058385,3.375386038244336e-05,False,False
2395,2014-06-12,795000.0,0.03530915478522845,0.6154095950862083,0.00011551714451641821,False,False
2390,2014-06-12,1184000.0,0.03230161834092843,0.640200013551644,0.00011400775102214697,False,False
2424,2014-06-12,660000.0,0.020112142961065338,-0.9051013606002316,0.00014011839726302432,False,False
2394,2014-06-12,699000.0,0.0159794130487535,-0.5950351294741368,4.791379878886513e-05,False,False
2400,2014-06-12,850000.0,0.019571097774575268,0.5550548070498557,5.124949279001903e-05,False,False
2429,2014-06-12,594000.0,0.012132855515431279,0.30396578587512996,9.456548263560183e-06,False,False
2366,2014-06-12,1095000.0,0.0642317922116683,1.1226507387261464,0.0007209245925943181,False,False
2430,2014-06-12,600000.0,0.040527294870699365,0.35354143906799274,4.3996121873258654e-05,False,False
2379,2014-06-12,445000.0,0.015732350771865744,0.16871866015465312,3.7916251882317564e-06,False,False
2363,2014-06-12,501000.0,0.09346628560010325,1.4493294024047056,0.0018047788094274126,True,True
2370,2014-06-12,678500.0,0.028126526980245314,0.06944555454953978,1.1630919117277084e-06,False,False
2404,2014-06-12,743000.0,0.019915277815742562,0.03725859339998523,2.350684881727949e-07,False,False
2434,2014-06-12,312500.0,0.012532150214965149,-1.010571586592943,0.00010800790639862744,False,False
2455,2014-06-13,1335000.0,0.03041123656930933,0.20850534295680367,1.1363173460006557e-05,False,False
2473,2014-06-13,950000.0,0.01768434392053614,0.31820595989479206,1.5190541643691462e-05,False,False
2494,2014-06-13,385000.0,0.028138401972546606,-0.5310534623162974,6.804406502425157e-05,False,False
2466,2014-06-13,585000.0,0.030006087053569636,-0.10802862949408074,3.008408747701825e-06,False,False
2511,2014-06-13,575000.0,0.037489882303515604,1.40087386870357,0.0006369797058822189,False,False
2440,2014-06-13,589000.0,0.018611045459290487,-0.2684286208106555,1.1386912885326755e-05,False,False
2463,2014-06-13,153000.0,0.027134456415827513,-1.495495890471455,0.0005198254109687523,False,False
2443,2014-06-13,206135.0,0.03318046399838592,-0.25187666610231624,1.814394263014581e-05,False,False
2459,2014-06-13,300000.0,0.03401123269009915,-0.3866262114456383,4.385828423887394e-05,False,False
2472,2014-06-13,883000.0,0.017900045186660926,0.010764721357550099,1.7600409626851332e-08,False,False
2503,2014-06-13,530100.0,0.013932023573750757,0.26984588032934975,8.573490759151576e-06,False,False
2447,2014-06-13,845000.0,0.034305699243355726,0.6371572565457216,0.00012018177908830484,False,False
2489,2014-06-13,760000.0,0.0846746121006145,2.493925190858112,0.004794720606335603,True,True
4493,2014-06-13,497333.33,0.04744926284953893,-0.6649270752189301,0.00018353045491204808,False,False
2456,2014-06-13,235000.0,0.06450868103496521,0.9237441552707908,0.0004903436567960875,False,False
2446,2014-06-13,230000.0,0.06450476142518755,2.1290412826930147,0.0026045764598034487,False,True
2495,2014-06-13,265000.0,0.04276653215364851,-0.030716845888207743,3.512838247829426e-07,False,False
4494,2014-06-13,300000.0,0.016995157691055668,-1.6584696080377228,0.0003962810728121506,False,False
2471,2014-06-13,369500.0,0.016654984453077476,-0.2737378953473133,1.057613321571279e-05,False,False
2488,2014-06-13,419000.0,0.016843548147765175,0.04697167884745438,3.149937004848979e-07,False,False
2492,2014-06-13,725000.0,0.03493041645456918,-0.1524141275491194,7.006713152627809e-06,False,False
2464,2014-06-13,454000.0,0.025565557964851215,0.7634423833710358,0.0001274306612815768,False,False
2452,2014-06-13,440000.0,0.014029602335302371,0.019980697191110182,4.733926550506153e-08,False,False
2458,2014-06-13,622500.0,0.023967171659931744,-0.37656013136092004,2.9016150075729758e-05,False,False
2507,2014-06-13,171000.0,0.0750747498431735,-2.8112009434838736,0.005345517945022532,True,True
2441,2014-06-13,863000.0,0.017580456337849104,-0.2624963751429839,1.0275394993662328e-05,False,False
2449,2014-06-13,304000.0,0.026433301906097606,-0.09339089241437379,1.973392671527854e-06,False,False
2491,2014-06-13,129000.0,0.04868735403783492,-2.517791095548524,0.002703653574145276,False,True
2493,2014-06-13,580000.0,0.0127486683423369,0.046573276547767564,2.3341536143079748e-07,False,False
2496,2014-06-13,1735000.0,0.06003087433768728,1.263451168884119,0.0008495652829770301,False,False
2505,2014-06-13,299000.0,0.01832707099445524,-0.014188896259069536,3.132147660836862e-08,False,False
2462,2014-06-13,697000.0,0.026542753904391748,-0.5075408065263954,5.8531517402377655e-05,False,False
2509,2014-06-13,250000.0,0.039288708831679564,0.22020725555588708,1.652558583426235e-05,False,False
2468,2014-06-13,250600.0,0.02644323080537719,0.08263384417773213,1.545567235636573e-06,False,False
2498,2014-06-13,665000.0,0.025495256280266977,0.11860114433250564,3.0667045465445884e-06,False,False
2512,2014-06-13,379500.0,0.021784948880110983,0.4989774717915204,4.6206474627988094e-05,False,False
2467,2014-06-13,380000.0,0.04727565965668118,-0.014123144537901644,8.248061644681675e-08,False,False
2480,2014-06-13,324900.0,0.01587987865415524,0.2236949762747765,6.7286863341675e-06,False,False
2487,2014-06-13,475000.0,0.01706119871410168,0.3358801744152762,1.631813629618941e-05,False,False
2484,2014-06-13,459950.0,0.044574064771118416,0.31587836203714764,3.879213855909917e-05,False,False
2477,2014-06-13,485000.0,0.017335022726251537,0.08080038650395625,9.59764247568194e-07,False,False
2479,2014-06-13,430000.0,0.01809321379990808,-0.2856435193092244,1.2528900433395022e-05,False,False
2442,2014-06-13,210000.0,0.02893059923292235,-0.4521338653256869,5.0752797846215653e-05,False,False
2508,2014-06-13,540000.0,0.01791339583456969,0.3922412848335001,2.3385868055627386e-05,False,False
2510,2014-06-13,795000.0,0.020988463846724786,0.2266617396089051,9.178422251093033e-06,False,False
2451,2014-06-13,810000.0,0.03311112858975379,1.2842936590166303,0.00047070070934111607,False,False
2485,2014-06-13,325000.0,0.03096947796356392,0.21399234486335422,1.2195838297773045e-05,False,False
2483,2014-06-13,910000.0,0.025514640846536152,0.19882643530037997,8.625437791364795e-06,False,False
2448,2014-06-13,350000.0,0.04286474495283321,-0.37810049230061915,5.335316287582211e-05,False,False
2450,2014-06-13,370000.0,0.013510147668874345,-0.17854812075575952,3.6382856611865687e-06,False,False
2501,2014-06-13,1695000.0,0.09762126390070983,1.1032939960986814,0.0010973794846723223,True,False
2465,2014-06-13,345000.0,0.024556078684999583,0.45090240985659896,4.26521154830243e-05,False,False
2460,2014-06-13,205000.0,0.020066871064658764,-0.26360621566267617,1.1858049713896386e-05,False,False
2500,2014-06-13,589000.0,0.026988780442065874,-0.4994822249672867,5.76665860744819e-05,False,False
2476,2014-06-13,590000.0,0.017923411390365795,0.16252298812635121,4.0172019620149836e-06,False,False
2454,2014-06-13,775000.0,0.04012600222625742,-1.234777733160749,0.0005311387634465434,False,False
2504,2014-06-13,718500.0,0.04087683185002977,0.9001654226468063,0.0002877837412137349,False,False
2499,2014-06-13,799000.0,0.024127056684290688,-0.5623041602392407,6.514369894822299e-05,False,False
2497,2014-06-13,330000.0,0.02902633510067157,-0.5507726592942245,7.556979683900977e-05,False,False
2513,2014-06-13,385000.0,0.015503546862965623,-0.087696845151456,1.009261263093822e-06,False,False
2439,2014-06-13,822500.0,0.018209936452721148,0.18693037324611803,5.400926885005872e-06,False,False
2470,2014-06-13,370000.0,0.01460734297060301,-0.40808726748230323,2.0572484708852966e-05,False,False
2475,2014-06-13,305000.0,0.026141648431731224,0.8271237749734621,0.00015303717475721154,False,False
2453,2014-06-13,1030000.0,0.01683790916838568,1.273136256507696,0.00023132979035401773,False,False
2457,2014-06-13,499950.0,0.015219943006646891,-0.3851299066078573,1.910323964198518e-05,False,False
2469,2014-06-13,890000.0,0.020156447816696572,0.031034799069068815,1.6511019459833273e-07,False,False
2474,2014-06-13,615000.0,0.01781135054889872,0.20712062832738187,6.482871360737591e-06,False,False
2478,2014-06-13,215000.0,0.03175467707551727,0.944738613948741,0.00024392953039082657,False,False
2445,2014-06-13,285000.0,0.023360220373885826,-1.345058601101434,0.0003606149204815717,False,False
4492,2014-06-13,738190.86,0.014310581141273149,0.7205058384923633,6.280741780661185e-05,False,False
2506,2014-06-13,556000.0,0.021165444765324087,1.4487717202604442,0.00037821328572975585,False,False
2444,2014-06-13,1125000.0,0.03586166179368058,1.2067151726841787,0.00045135614402189015,False,False
2502,2014-06-13,538000.0,0.019128302365642585,0.015668248502468438,3.9895497080743956e-08,False,False
2514,2014-06-13,415500.0,0.023165205563966063,0.12399096207385933,3.0381824546048824e-06,False,False
2461,2014-06-13,435000.0,0.016319725398915352,0.16984903903404985,3.98844700852108e-06,False,False
2486,2014-06-13,513000.0,0.026226933309984046,0.32249674885724167,2.3343135399608707e-05,False,False
2481,2014-06-13,849900.0,0.06633630483686959,2.6977696639172803,0.004309126978055055,False,True
2482,2014-06-13,975000.0,0.025774602995485132,-0.0034203863539299622,2.579298596145879e-09,False,False
2490,2014-06-13,1120000.0,0.04365672705830545,1.461815056822726,0.0008129072219390993,False,False
2517,2014-06-14,883000.0,0.02187973804965081,1.1222032777791695,0.0002347532872503283,False,False
2518,2014-06-14,850000.0,0.018930654235447902,1.4856132630740497,0.000354891998001085,False,False
2521,2014-06-14,735000.0,0.02551416842194676,0.09068186304515187,1.794177933367181e-06,False,False
2516,2014-06-14,530000.0,0.020047975381645627,0.2511757264226099,1.0755727574213008e-05,False,False
2519,2014-06-14,496752.0,0.0287698795321025,-0.0983770571410814,2.389033878989732e-06,False,False
2522,2014-06-14,525000.0,0.021875424501630658,0.2605509415829383,1.2652209268839775e-05,False,False
2520,2014-06-14,330000.0,0.0163224863653732,-0.5229926823714979,3.782191805586019e-05,False,False
2515,2014-06-14,397500.0,0.014073909206736346,0.14432009421364728,2.4776659174607986e-06,False,False
2524,2014-06-15,650000.0,0.026257712202866823,-1.0604073845423472,0.0002526836221572659,False,False
4495,2014-06-15,1036200.0,0.025827827795857267,0.13624681377701003,4.101319719463723e-06,False,False
2527,2014-06-15,506000.0,0.027865421913739252,-0.4848875254613361,5.616166941540054e-05,False,False
2526,2014-06-15,652500.0,0.01745871426508694,-0.20922867526040695,6.482202792630074e-06,False,False
2523,2014-06-15,269950.0,0.05270480545836209,0.04185083287339615,8.120669674175346e-07,False,False
2528,2014-06-15,416000.0,0.026533308569940683,0.4551434583012483,4.705282202954035e-05,False,False
2525,2014-06-15,520500.0,0.01379137292912505,-0.3836033379954932,1.7148345072963418e-05,False,False
2613,2014-06-16,798800.0,0.031450174305094725,2.710205164996821,0.001987577998255847,False,True
2596,2014-06-16,699850.0,0.01828880997496876,0.1381793332452196,2.9641941487888866e-06,False,False
2558,2014-06-16,410000.0,0.018468252083340575,-0.9057755707271269,0.0001286415910825741,False,False
2590,2014-06-16,518000.0,0.012294628716334133,0.10973100402025827,1.2490086968522312e-06,False,False
2616,2014-06-16,320000.0,0.02460099619153358,0.01281390525576027,3.451057195985955e-08,False,False
2531,2014-06-16,371025.0,0.04567110810155167,-0.023403663366495915,2.1843886740467646e-07,False,False
2554,2014-06-16,235000.0,0.0267605004921668,-0.7722858393861635,0.00013666251294783694,False,False
4344,2014-06-16,230000.0,0.02622640008307703,-0.08730817066362859,1.7108392972757576e-06,False,False
2560,2014-06-16,680000.0,0.018283742304561035,0.3945222219327754,2.4156877842658486e-05,False,False
4496,2014-06-16,163785.71,0.03424238422297807,-0.9961052097624256,0.00029317371578263274,False,False
2591,2014-06-16,899950.0,0.03452287347403349,0.43828221490350966,5.7238915521121516e-05,False,False
2603,2014-06-16,340000.0,0.02004063027752201,0.4153467827947862,2.9399758427165042e-05,False,False
2547,2014-06-16,300000.0,0.04135634560349977,-0.6733739641770198,0.00016301078882988666,False,False
2610,2014-06-16,850000.0,0.018650201186085402,-0.010938226527507184,1.894838776730017e-08,False,False
2599,2014-06-16,650000.0,0.01994041771045485,-0.9137034884657617,0.0001415503972148034,False,False
2601,2014-06-16,220000.0,0.07726620920913133,0.9594141691099023,0.0006423092713276071,True,False
2615,2014-06-16,852880.0,0.03438636379590029,0.26369457322653767,2.0634977599523955e-05,False,False
2571,2014-06-16,418000.0,0.02716575664025367,0.4183337532248567,4.072372767607939e-05,False,False
2578,2014-06-16,862000.0,0.02571094405917347,1.094785925324236,0.0002635769110744429,False,False
2568,2014-06-16,545000.0,0.020969764979715144,0.03505199313217816,2.1930152349728394e-07,False,False
2597,2014-06-16,450000.0,0.027723506470620024,-1.7440504740845866,0.0007227618586531459,False,False
2548,2014-06-16,304000.0,0.05678861300940463,1.3572432189787236,0.0009242433650396713,False,False
2600,2014-06-16,378000.0,0.01793497819274309,-1.372029423323776,0.0002864878536832842,False,False
2621,2014-06-16,542525.0,0.03212081558872071,0.5004631325653965,6.926731414529622e-05,False,False
2533,2014-06-16,353500.0,0.01623225201215961,0.6006871881586338,4.961370824328922e-05,False,False
2619,2014-06-16,492500.0,0.032350443480441755,0.46310770083514635,5.975096121815051e-05,False,False
2604,2014-06-16,921000.0,0.026233059528302793,0.265908237701496,1.5873630111725552e-05,False,False
2565,2014-06-16,825000.0,0.015022661508118984,0.7619350078245166,7.378621843742786e-05,False,False
2573,2014-06-16,150000.0,0.05207738033625073,-0.9766469645510754,0.00043668694249488925,False,False
2585,2014-06-16,1712500.0,0.06641159368465996,0.44568362078694007,0.00011774990183640656,False,False
2532,2014-06-16,576000.0,0.023558325817889192,0.19942450974243311,7.996021207671113e-06,False,False
2538,2014-06-16,825000.0,0.030668582439769443,1.3859279847820902,0.0005064324151013571,False,False
2587,2014-06-16,465000.0,0.03372834317917786,0.2635694980076391,2.0207138591388076e-05,False,False
2579,2014-06-16,524000.0,0.0519715791822182,-0.27742776869240543,3.5161157852489676e-05,False,False
2569,2014-06-16,435000.0,0.030551672408146366,0.06614427945187976,1.148983141191242e-06,False,False
2551,2014-06-16,963000.0,0.01612958041599294,0.3736945839326034,1.9078205724421798e-05,False,False
2539,2014-06-16,265000.0,0.016790716434293362,0.5085878937086491,3.6810697518368106e-05,False,False
2598,2014-06-16,455000.0,0.013302786804773536,0.1474136089844547,2.4414770193884125e-06,False,False
2572,2014-06-16,499000.0,0.013404595868487468,-0.33872336103002587,1.2990434907318943e-05,False,False
2542,2014-06-16,554000.0,0.025439239249541945,-0.29671964441902204,1.915166569775021e-05,False,False
2606,2014-06-16,999000.0,0.01755044319798596,1.4619067414867002,0.00031815292373410037,False,False
2605,2014-06-16,375000.0,0.02452148106657926,0.42152614756200046,3.722174932596162e-05,False,False
2617,2014-06-16,749995.0,0.06461447696471903,0.04665299252456405,1.2529015776372733e-06,False,False
2564,2014-06-16,445000.0,0.06177276439400465,-0.18123920198526966,1.80223756442664e-05,False,False
4497,2014-06-16,351250.0,0.02113887223695629,-0.9216496590927367,0.00015286611174304031,False,False
2577,2014-06-16,660000.0,0.04949313781545148,1.4131945515602695,0.0008665874487786461,False,False
2559,2014-06-16,566000.0,0.014979444375950376,0.32838833890796915,1.3666100771775782e-05,False,False
2574,2014-06-16,759950.0,0.01833904092275536,-0.22875499240825004,8.14657417681033e-06,False,False
2583,2014-06-16,220000.0,0.016652524811758163,-1.1696792241488287,0.00019307470875483567,False,False
2566,2014-06-16,1095000.0,0.02822197746348884,-0.4245431663393236,4.361971573699127e-05,False,False
2545,2014-06-16,530000.0,0.016790360271721844,-0.14219541156361695,2.877423632339316e-06,False,False
2543,2014-06-16,534500.0,0.01693358431993769,0.3386785663328847,1.6464942346711965e-05,False,False
2544,2014-06-16,690000.0,0.029287997053067588,-0.26670662963847214,1.7884864282828713e-05,False,False
2546,2014-06-16,357186.0,0.03752406317996193,0.010850719475702937,3.825214590789912e-08,False,False
2556,2014-06-16,470000.0,0.03341681415078257,-0.13820862209042178,5.503194159164628e-06,False,False
2537,2014-06-16,460000.0,0.029469562771887642,0.2814632960282488,2.0045958390028822e-05,False,False
2552,2014-06-16,792500.0,0.022083196135676025,0.04293995083358664,3.4697793698742287e-07,False,False
2593,2014-06-16,385000.0,0.01755732493984006,-0.22354125641977513,7.441924453463349e-06,False,False
2589,2014-06-16,565000.0,0.03840604217689081,1.015487538503417,0.00034322252295903254,False,False
2561,2014-06-16,332000.0,0.035803737698118954,-1.789847382620598,0.0009913195682681633,False,False
2614,2014-06-16,284000.0,0.02738500661884724,-0.35000459272946205,2.8743399448607667e-05,False,False
2555,2014-06-16,667000.0,0.028189575608477013,0.31753760367505374,2.4373397104986537e-05,False,False
2602,2014-06-16,285500.0,0.01605922998756254,0.3617354726962918,1.7797406226004572e-05,False,False
2608,2014-06-16,1920000.0,0.02932555681748819,4.446293231755083,0.004977229052837596,False,True
2549,2014-06-16,385000.0,0.023272285847134533,-0.4705250221798356,4.395919526505424e-05,False,False
2563,2014-06-16,500000.0,0.026216564651598235,-0.6465539530517161,9.378679530671148e-05,False,False
2612,2014-06-16,523950.0,0.01113493582196573,0.4411937821987503,1.8265358674062075e-05,False,False
2534,2014-06-16,1735000.0,0.04091162372755963,1.355759120017616,0.0006533891402050601,False,False
2584,2014-06-16,460000.0,0.03247876568328428,0.3630243174991287,3.6866270038163796e-05,False,False
2553,2014-06-16,309212.0,0.028327027354833702,0.7056507667038007,0.00012097044228632395,False,False
2586,2014-06-16,175000.0,0.02620445575453028,-0.4463979266147538,4.468589416960308e-05,False,False
2575,2014-06-16,427000.0,0.03195417863907423,0.3458160967685785,3.2895834443417524e-05,False,False
2540,2014-06-16,295000.0,0.047401022287403866,-0.38900913469826726,6.275032074262664e-05,False,False
2582,2014-06-16,575000.0,0.015705886702585492,0.740272678252726,7.28684896904572e-05,False,False
2536,2014-06-16,763101.0,0.02971402925066785,0.24570933177135937,1.5407204610834345e-05,False,False
2592,2014-06-16,373000.0,0.02240734441553968,-0.4333494168168403,3.586969189408393e-05,False,False
2611,2014-06-16,429000.0,0.016273414822426946,0.19382170745856,5.178784875446919e-06,False,False
2622,2014-06-16,435000.0,0.02321663276084482,-0.9049482435232986,0.00016220611132680866,False,False
2620,2014-06-16,685000.0,0.018820048328961114,0.32635372528047674,1.7024249343105064e-05,False,False
2557,2014-06-16,375000.0,0.030533719200438403,-0.8240124047848225,0.00017821048504187734,False,False
2580,2014-06-16,470000.0,0.01708693971742975,0.9139830237727901,0.00012101639014581706,False,False
2530,2014-06-16,460000.0,0.013137646931996039,-0.20118020026938171,4.490040214114767e-06,False,False
2570,2014-06-16,638000.0,0.012810178071537504,0.30999321165136046,1.0391485091896931e-05,False,False
2618,2014-06-16,468500.0,0.015366391366400084,0.0962867408174043,1.2057269320287202e-06,False,False
2562,2014-06-16,902000.0,0.017241830258680757,0.17376057238106302,4.414260242678714e-06,False,False
2588,2014-06-16,552000.0,0.023463131252479702,1.406792102838953,0.00039625606534267327,False,False
2535,2014-06-16,183000.0,0.0397760980047354,0.12196090764315139,5.134636624451193e-06,False,False
2609,2014-06-16,385000.0,0.09814346677499541,-0.5115535970798917,0.00023731488471099262,True,False
2550,2014-06-16,415000.0,0.014955632359706011,-0.88064963182382,9.812373215785661e-05,False,False
2581,2014-06-16,385000.0,0.05352990431264598,0.5268131264693807,0.0001308041429437332,False,False
2594,2014-06-16,245000.0,0.023180898362049257,-0.4040575722060059,3.228653011355091e-05,False,False
2529,2014-06-16,500000.0,0.049161889229423716,-1.0815371623515675,0.0005039919860192896,False,False
2607,2014-06-16,335000.0,0.01755020456797507,-0.860140380102238,0.00011013598581033885,False,False
2576,2014-06-16,632500.0,0.017542950593461837,0.04431833564108791,2.9226358389925875e-07,False,False
2567,2014-06-16,277000.0,0.018121691719735156,-0.45139235192864624,3.133777941038974e-05,False,False
2595,2014-06-16,375000.0,0.05937005381154434,-0.9551567292571231,0.0004798623482945759,False,False
2541,2014-06-16,418000.0,0.023802196934720132,-1.0041699978613081,0.00020488608092180286,False,False
2668,2014-06-17,320000.0,0.027427068216660272,0.5533049106874895,7.19457280397035e-05,False,False
2672,2014-06-17,479000.0,0.026952925552074875,-0.5444250875021055,6.841747995460557e-05,False,False
2625,2014-06-17,837700.0,0.012765151023004018,0.274497015493552,8.118942910406325e-06,False,False
2693,2014-06-17,675000.0,0.04592138692537828,1.315146245107493,0.000693741521019316,False,False
2689,2014-06-17,729000.0,0.040895281379828036,2.167597310287475,0.0016694873546161822,False,True
2630,2014-06-17,235000.0,0.019625379413679034,0.4047478468000359,2.732837759860505e-05,False,False
2705,2014-06-17,294999.0,0.031785694638787554,0.5267002597939898,7.589375324136354e-05,False,False
2623,2014-06-17,242000.0,0.025539720865305204,0.19033154429505636,7.912109733465746e-06,False,False
2717,2014-06-17,720000.0,0.018835626390766524,-0.28094511689554635,1.2626995540246261e-05,False,False
2701,2014-06-17,253000.0,0.030655870208196462,0.9013671532828211,0.00021412031509036148,False,False
2697,2014-06-17,310000.0,0.017109385574906544,-1.2713080281597917,0.00023444963371873893,False,False
2678,2014-06-17,382500.0,0.02464430830412767,0.7473594999546759,0.00011760654274229842,False,False
2631,2014-06-17,259000.0,0.03167083408663807,0.07124247197890225,1.3833535937938273e-06,False,False
2686,2014-06-17,493000.0,0.01571582722366105,-0.05720613465722312,4.3543236462401735e-07,False,False
2714,2014-06-17,1728000.0,0.027914417745196374,1.0959394913206506,0.00028741933418685166,False,False
2652,2014-06-17,738500.0,0.01609282283071589,0.8809304895910557,0.00010577429475829341,False,False
2703,2014-06-17,554000.0,0.0352072307174634,1.791471612329424,0.0009759699403768831,False,False
2681,2014-06-17,840000.0,0.028236516514434762,0.05865908180907721,8.331818824052257e-07,False,False
2641,2014-06-17,605500.0,0.023575615644715907,-0.01717755095376782,5.936981161408894e-08,False,False
2691,2014-06-17,465000.0,0.08594531113144502,-1.3722506468905569,0.0014754878907627092,True,True
2709,2014-06-17,725000.0,0.011792136414737642,0.10727805753054434,1.144418172640103e-06,False,False
2683,2014-06-17,402000.0,0.014325490920629402,0.4038150636540792,1.974966682670287e-05,False,False
2676,2014-06-17,440000.0,0.01563528905032907,0.5160281737308992,3.524645631890373e-05,False,False
2667,2014-06-17,605000.0,0.011301704887039521,0.09485155571600161,8.570138651504254e-07,False,False
2707,2014-06-17,752000.0,0.046377238609747296,0.21183767484485969,1.8186680351617083e-05,False,False
2637,2014-06-17,499500.0,0.015846787495701176,-0.4879887754233113,3.195338990335625e-05,False,False
2666,2014-06-17,854000.0,0.013520011099740992,-0.02398063471374369,6.567935356558039e-08,False,False
2695,2014-06-17,809000.0,0.03439285572892137,0.47648186970994305,6.738749025525891e-05,False,False
2669,2014-06-17,229950.0,0.016177419455402797,-0.6262121611035472,5.3734623316353506e-05,False,False
2649,2014-06-17,260000.0,0.054399462378987934,0.531398515732798,0.00013537744870684826,False,False
2640,2014-06-17,550000.0,0.054657236756269795,0.6722339392378341,0.0002177298592437981,False,False
2653,2014-06-17,545000.0,0.01255607569831979,-0.2504058674513291,6.6443000908048585e-06,False,False
2710,2014-06-17,345000.0,0.016289934767493963,-0.01362743602205484,2.5627089618707438e-08,False,False
2632,2014-06-17,866059.0,0.035654262831861905,0.21926432742816426,1.4812672223964749e-05,False,False
2656,2014-06-17,170000.0,0.05418393516916889,-2.410362422931549,0.0027736222139419283,False,True
2677,2014-06-17,506000.0,0.033936657814305826,0.20487175071201907,1.228701470036054e-05,False,False
2700,2014-06-17,1538000.0,0.025306828064870945,2.7339803425268054,0.001617258044365351,False,True
2711,2014-06-17,206000.0,0.040425866528981426,0.2919927713086478,2.993255293820317e-05,False,False
4503,2014-06-17,329333.33,0.02403840330972168,0.14410614877246875,4.2624241731989235e-06,False,False
2664,2014-06-17,669000.0,0.028968571006732613,-0.01492224685019352,5.5358074978228433e-08,False,False
2671,2014-06-17,1170000.0,0.02553561823128564,0.4039339854315984,3.5630338662915334e-05,False,False
2661,2014-06-17,380000.0,0.025980044824342796,0.49178399508364473,5.375756352852882e-05,False,False
2660,2014-06-17,1010000.0,0.05588357698164084,-0.23752819275294826,2.782964888131039e-05,False,False
2721,2014-06-17,286800.0,0.030090985475506427,0.5839596904701055,8.816372041003262e-05,False,False
2674,2014-06-17,472000.0,0.03607846944276502,-0.588659995195677,0.00010808221173657252,False,False
2687,2014-06-17,142500.0,0.034575490170181716,-2.9454432970744815,0.002589226912288328,False,True
2626,2014-06-17,210000.0,0.034486467465784876,-1.4465807278433829,0.0006228657481119909,False,False
2663,2014-06-17,1008000.0,0.013307354851556236,1.0914315621571693,0.0001338818232389874,False,False
2648,2014-06-17,250000.0,0.016010428974320923,-0.7403953452510804,7.43290507069636e-05,False,False
2690,2014-06-17,465000.0,0.02933990582436305,-1.2031007455349263,0.0003645980033827037,False,False
2708,2014-06-17,451000.0,0.017926333440729775,-0.23771026869729445,8.595319886457954e-06,False,False
2718,2014-06-17,824000.0,0.05232909219243928,-1.126158800622171,0.0005835844027632431,False,False
2657,2014-06-17,616000.0,0.014628921368909462,0.11101831334721446,1.5248267362187136e-06,False,False
4505,2014-06-17,331366.67,0.022274385653267365,0.5343541026134526,5.420830051551688e-05,False,False
2692,2014-06-17,280000.0,0.03204893923533397,0.1462284099304475,5.899871172670201e-06,False,False
2644,2014-06-17,247200.0,0.03112070231576275,0.423562286601763,4.8021202977829294e-05,False,False
2675,2014-06-17,198000.0,0.017420847480306312,-0.00733441477160027,7.947882164477857e-09,False,False
2670,2014-06-17,255000.0,0.030912872802103197,0.01594579267689844,6.759079001158624e-08,False,False
2696,2014-06-17,400000.0,0.030351735165008446,0.14215465938662253,5.2712091886044905e-06,False,False
2702,2014-06-17,330000.0,0.019419792456869495,-1.0148645073940104,0.0001699794202861252,False,False
2665,2014-06-17,260000.0,0.0838335256423191,-0.15313274949149303,1.788126543820045e-05,True,False
4499,2014-06-17,171224.8,0.020950739133252017,-1.5629028714692987,0.00043558963552736804,False,False
2719,2014-06-17,936000.0,0.035014502133204894,0.3529451136460409,3.766693392180237e-05,False,False
4504,2014-06-17,225279.43,0.01572548772425031,-0.8300937214123796,9.174045645624518e-05,False,False
2698,2014-06-17,435000.0,0.013234807121786207,-0.19103453574605778,4.078930665956598e-06,False,False
2624,2014-06-17,325000.0,0.015742533725171426,-0.03616717346579764,1.7434673016600204e-07,False,False
2627,2014-06-17,187500.0,0.0159712219960641,-0.21465915406872288,6.2322939336671015e-06,False,False
2658,2014-06-17,640000.0,0.03556324996983898,0.16458602673324205,8.324005674273954e-06,False,False
2682,2014-06-17,479500.0,0.0196164061909226,-0.11336295424030417,2.142813998951243e-06,False,False
2724,2014-06-17,435000.0,0.025126663435008467,-0.509632420012363,5.578526229899147e-05,False,False
2716,2014-06-17,430000.0,0.026888869523702508,0.31021105671419585,2.2158655414167827e-05,False,False
2642,2014-06-17,421000.0,0.05397242338352723,-0.7388006089046665,0.00025950239215453416,False,False
2688,2014-06-17,250000.0,0.04112753228211299,1.174269953653339,0.0004928632701853519,False,False
2643,2014-06-17,536000.0,0.017023017562462855,0.03381406793547481,1.650086816354952e-07,False,False
2659,2014-06-17,332000.0,0.019412796733231985,-0.11495978837657694,2.180281406180031e-06,False,False
4502,2014-06-17,233166.67,0.03370071944279934,-4.139945372869244,0.004981217339723807,False,True
2639,2014-06-17,458000.0,0.03399825210165833,-1.424054737861619,0.0005947723870556345,False,False
2636,2014-06-17,475000.0,0.044015555762184855,-1.796137235930717,0.0012378076175200193,False,True
2712,2014-06-17,2027000.0,0.03392297417744369,0.7104835272066045,0.00014770967672368934,False,False
2699,2014-06-17,465950.0,0.01433450951437193,0.3086677328145798,1.1546610170396821e-05,False,False
4501,2014-06-17,540000.0,0.023135864653441918,-2.2443276915541834,0.0009941292675510888,False,False
2654,2014-06-17,342000.0,0.02227037011336408,1.219650612879336,0.00028235682433966,False,False
2629,2014-06-17,272000.0,0.026594846524294943,0.8909691591085787,0.00018073736384272333,False,False
2684,2014-06-17,549000.0,0.017115152832192254,0.820911963281183,9.778901357750961e-05,False,False
2655,2014-06-17,4668000.0,0.16232857717103194,0.7018729828546615,0.0007955309623025508,True,False
2646,2014-06-17,204950.0,0.015472026593769395,-0.4934768757518211,3.189124764097461e-05,False,False
2680,2014-06-17,560000.0,0.041743185467678856,0.3093467043051482,3.4738687999026075e-05,False,False
4506,2014-06-17,460886.92,0.016062835296830225,-0.5319456424843847,3.849533529723057e-05,False,False
2720,2014-06-17,535000.0,0.014862566189265514,-0.025724730641887184,8.31988657962929e-08,False,False
2634,2014-06-17,405000.0,0.04367680483377512,0.13780286724918414,7.227389036017716e-06,False,False
2713,2014-06-17,2475000.0,0.04509109563681163,2.431129848852225,0.002325754714451342,False,True
2704,2014-06-17,350000.0,0.038976902010945974,-1.8599225654543596,0.0011691816006864832,False,True
2723,2014-06-17,345000.0,0.028534553820139696,-0.2333914529821518,1.333313810612783e-05,False,False
2715,2014-06-17,580000.0,0.03485756214945013,-0.42363994021783075,5.401546862403794e-05,False,False
2650,2014-06-17,547000.0,0.015350937536868892,0.4442664489660201,2.5642432432754433e-05,False,False
2679,2014-06-17,269500.0,0.022777760523039037,-0.21543972595250319,9.015462483883263e-06,False,False
2725,2014-06-17,1555000.0,0.029949243237077094,0.22162202171412868,1.2636766852736406e-05,False,False
4498,2014-06-17,645325.0,0.017745717434370478,-1.0498904535770037,0.00016594965677263268,False,False
2633,2014-06-17,473000.0,0.019661630501783017,0.6247426666208581,6.523258927101108e-05,False,False
2685,2014-06-17,449950.0,0.021649714965564684,-0.17950215595973376,5.9417708568829655e-06,False,False
2628,2014-06-17,560000.0,0.02936298818537489,1.3416886757523587,0.0004538012263412081,False,False
2706,2014-06-17,1185001.0,0.027340464393129343,0.2624884632455987,1.6139282842990774e-05,False,False
2694,2014-06-17,667500.0,0.014098423942987826,0.47758692642092515,2.7180698828200254e-05,False,False
2662,2014-06-17,415000.0,0.050055516407991496,-0.43172569289557644,8.184426736944105e-05,False,False
2673,2014-06-17,1200000.0,0.04736357666763197,0.9565813541744782,0.00037912278402937394,False,False
2651,2014-06-17,379900.0,0.024634967385365802,-1.2389354459610786,0.00032307319034000515,False,False
2635,2014-06-17,870000.0,0.030502501987070746,-0.7914479413819097,0.00016422990172692395,False,False
2638,2014-06-17,386000.0,0.02579513896169859,0.0222236683389851,1.0897774767333004e-07,False,False
2722,2014-06-17,350000.0,0.01659536241243134,-1.1824305685437877,0.00019661857326617563,False,False
2645,2014-06-17,250000.0,0.020750388834879452,-0.5743813863044392,5.825756124355385e-05,False,False
2647,2014-06-17,430000.0,0.016186264356536834,0.14208084191843984,2.767728878032521e-06,False,False
2726,2014-06-17,1325000.0,0.034410804856397165,0.8276223722217244,0.00020341624411279163,False,False
2784,2014-06-18,240000.0,0.034685643375929276,0.13448973674982523,5.415992199930774e-06,False,False
2785,2014-06-18,574950.0,0.01790655750628778,-0.5571443474285502,4.716431180892772e-05,False,False
2745,2014-06-18,384400.0,0.021536517837720648,-0.05092976151081067,4.7576545208424007e-07,False,False
2733,2014-06-18,475000.0,0.01860817671767681,0.6683068761454127,7.057193080865356e-05,False,False
2790,2014-06-18,507000.0,0.01175715529426069,0.17480812552414873,3.0295670016513326e-06,False,False
2793,2014-06-18,424000.0,0.013793098498759315,0.1370589925842811,2.1894126588661574e-06,False,False
4511,2014-06-18,690408.62,0.015052527484777811,-0.3366930007716016,1.4437210521032845e-05,False,False
2777,2014-06-18,850000.0,0.02147931228896427,-0.8309509627073017,0.0001263048143995703,False,False
2773,2014-06-18,3000000.0,0.07123953320700793,1.3242465424249532,0.0011209178710591624,True,True
2801,2014-06-18,825000.0,0.03244686136506611,0.762779574509408,0.000162597824766348,False,False
2762,2014-06-18,4489000.0,0.04576683567413592,2.955201179989415,0.003490512815577746,False,True
2769,2014-06-18,230000.0,0.017262187008738605,0.16056742908708876,3.773912371737276e-06,False,False
2752,2014-06-18,264000.0,0.02486641066022449,0.17783429438894383,6.72045645337614e-06,False,False
2736,2014-06-18,284950.0,0.018972509489353195,0.3848842545963653,2.387386010439543e-05,False,False
2749,2014-06-18,507000.0,0.026392393321302974,-0.6028992283757535,8.211131861999093e-05,False,False
2787,2014-06-18,1160000.0,0.01970192863043524,0.18207336347398825,5.552162614035065e-06,False,False
2778,2014-06-18,410000.0,0.03624757182342522,0.3010010014989736,2.8396712791093524e-05,False,False
2814,2014-06-18,267000.0,0.04428381622730239,0.7506582705602027,0.0002175802148813389,False,False
2796,2014-06-18,300000.0,0.016979124620615904,0.05217243186528139,3.9179011138988315e-07,False,False
2772,2014-06-18,650000.0,0.017524342658536696,-0.24957056430714689,9.258175598198766e-06,False,False
2760,2014-06-18,562000.0,0.03110386390997172,0.6826968685623446,0.0001246842779636593,False,False
2774,2014-06-18,192500.0,0.07079473331408048,0.42053653544488256,0.00011228338745946367,True,False
2799,2014-06-18,515500.0,0.030967859134175824,0.2763260623172427,2.0334591457623176e-05,False,False
2800,2014-06-18,554000.0,0.04415317476966174,1.6610298104892398,0.0010620555722681503,False,False
2758,2014-06-18,325000.0,0.017206483222029,-0.18326639095377148,4.900204911140054e-06,False,False
2729,2014-06-18,1384000.0,0.02511158699376903,0.41286238605517933,3.6588840052800064e-05,False,False
2761,2014-06-18,540000.0,0.02676807129724781,0.2338181052295092,1.2530712322607312e-05,False,False
2754,2014-06-18,365000.0,0.018148055380466654,-0.2291621478952354,8.088884114786704e-06,False,False
2734,2014-06-18,250275.0,0.05343592220278687,0.4596625650324594,9.939861116731582e-05,False,False
2728,2014-06-18,770000.0,0.012720167643642533,0.005167537319823107,2.8670717861724922e-09,False,False
2804,2014-06-18,299000.0,0.01804077013797112,-0.17491663332472115,4.684277228743871e-06,False,False
2757,2014-06-18,295000.0,0.1768982525494042,0.2009909187338237,7.235051783294117e-05,True,False
2780,2014-06-18,469000.0,0.03639728898560113,0.1835403023784662,1.0603583565999418e-05,False,False
2743,2014-06-18,975000.0,0.020986843484192552,0.280642920883416,1.406972253801006e-05,False,False
2738,2014-06-18,242000.0,0.017666225605805927,0.14882479716643657,3.3193576500093917e-06,False,False
2797,2014-06-18,615000.0,0.016892856889249505,0.3670653905693969,1.929336060291351e-05,False,False
2792,2014-06-18,688000.0,0.01729791462165868,-0.6539647260596559,6.273346457433154e-05,False,False
2763,2014-06-18,279950.0,0.027442585379806594,0.07217367372822729,1.2248591555222162e-06,False,False
2808,2014-06-18,564000.0,0.017540290977720585,0.7118850380176056,7.539812210723495e-05,False,False
2748,2014-06-18,764000.0,0.014942679410460846,0.6848244358401804,5.9284918450095054e-05,False,False
2768,2014-06-18,1400000.0,0.03495594539756108,1.8779595053967102,0.0010645476690672629,False,False
2731,2014-06-18,322500.0,0.01670733499546579,0.41433296947864484,2.4307602187811267e-05,False,False
2786,2014-06-18,180000.0,0.0288981437374749,-1.814189338754007,0.0008161859932126664,False,False
2756,2014-06-18,375000.0,0.0280840589064561,-0.6553019483944517,0.00010340292937342285,False,False
2802,2014-06-18,855000.0,0.03817103002864844,0.11402295621260565,4.29971205607343e-06,False,False
2783,2014-06-18,568450.0,0.028385613660510567,0.7824481107141804,0.00014905076088010005,False,False
2737,2014-06-18,264950.0,0.03451195534354795,0.06010797145795818,1.0762311609988135e-06,False,False
2739,2014-06-18,913000.0,0.017121575972508907,0.4334017271148558,2.7267414805926974e-05,False,False
2803,2014-06-18,315000.0,0.01651790219948674,0.35377191191767526,1.7516764159083697e-05,False,False
2759,2014-06-18,265000.0,0.027851920194590346,0.6190344164714707,9.148945988462806e-05,False,False
2732,2014-06-18,1600000.0,0.04193791621390752,0.74487710518102,0.00020239566224714624,False,False
2750,2014-06-18,545500.0,0.0408639592500869,1.4433650566126608,0.0007396586830574435,False,False
2817,2014-06-18,485000.0,0.020499372021634682,-0.05146361275437831,4.6190762687169956e-07,False,False
2806,2014-06-18,465000.0,0.028327521583081106,0.508882544384966,6.291331061018373e-05,False,False
2805,2014-06-18,650000.0,0.026099075249155723,-0.018608558578656616,7.733116682288212e-08,False,False
2730,2014-06-18,330000.0,0.032395636457149476,-0.288855214847876,2.327919066707292e-05,False,False
2791,2014-06-18,287500.0,0.01579627815235246,-0.35518536805289275,1.6873246714359855e-05,False,False
2775,2014-06-18,239950.0,0.015315653678893149,0.19040849219448122,4.699264448173948e-06,False,False
2727,2014-06-18,461000.0,0.023092061454970836,-0.17027012865564845,5.710902532411739e-06,False,False
2767,2014-06-18,440000.0,0.020293335165448723,-0.34811888651585243,2.0918536208328826e-05,False,False
2794,2014-06-18,400000.0,0.02958797666184365,-0.573756662410386,8.364371927557631e-05,False,False
2741,2014-06-18,711000.0,0.024938111102395945,0.3041671273732518,1.9718536551368046e-05,False,False
2740,2014-06-18,555000.0,0.02899723915272301,-0.4315385126955294,4.6344058155246497e-05,False,False
2735,2014-06-18,274500.0,0.01620712024854043,0.3294397785073721,1.489954505804066e-05,False,False
2779,2014-06-18,570000.0,0.01629175821477785,-0.2623818208331444,9.501406154742997e-06,False,False
2771,2014-06-18,175000.0,0.03862350338599077,-1.0277584281081902,0.00035363806994955806,False,False
4507,2014-06-18,337945.75,0.02986395840731937,-0.2983824316007638,2.2839152494233606e-05,False,False
2764,2014-06-18,540000.0,0.03672964235804721,0.22484332433945292,1.606376170180009e-05,False,False
2820,2014-06-18,690000.0,0.023651662867180484,1.0992291776936232,0.00024392265488074513,False,False
2742,2014-06-18,403500.0,0.05303052164510483,-1.3399318304374026,0.0008378650589051285,False,False
2782,2014-06-18,739888.0,0.04710680543285746,-0.7206248303432108,0.0002139324312822358,False,False
2818,2014-06-18,482000.0,0.012608451185454922,0.028797317866495257,8.824602867083438e-08,False,False
2795,2014-06-18,620000.0,0.016454786493869084,1.3985239320323164,0.0002726820067532074,False,False
2770,2014-06-18,455000.0,0.027732114127037508,2.210700698214143,0.0011616510475008232,False,True
2744,2014-06-18,253779.0,0.052242161685463306,-0.9916930968326115,0.00045174888390311923,False,False
2811,2014-06-18,309000.0,0.024781585538852346,0.30330288450291576,1.948045208001185e-05,False,False
2798,2014-06-18,206000.0,0.053385740893351435,-0.8207795642979536,0.000316609583111647,False,False
2809,2014-06-18,515000.0,0.028187196400558084,0.0035608204190970584,3.0647013686523086e-09,False,False
2781,2014-06-18,559000.0,0.04051891800861687,1.1985259930552308,0.0005055162165298003,False,False
2746,2014-06-18,646000.0,0.028860943664683142,-0.5318495912975522,7.005280347812132e-05,False,False
2816,2014-06-18,1399950.0,0.018470606813645096,1.1902523206376776,0.00022216450922395585,False,False
2788,2014-06-18,300000.0,0.03670462546441142,-0.9728902666475825,0.0003005438135887177,False,False
2813,2014-06-18,415000.0,0.016790678288735483,0.20911720946447615,6.223297418525661e-06,False,False
2747,2014-06-18,415000.0,0.0219239629698475,0.7638510236654726,0.00010898896415184629,False,False
2751,2014-06-18,450000.0,0.013899230123260609,0.08544513034749356,8.575566809959938e-07,False,False
2819,2014-06-18,535000.0,0.022098005635251605,0.1528270799333922,4.398221856045402e-06,False,False
2755,2014-06-18,343566.0,0.022166921843694704,-0.289345033792964,1.5815811670345705e-05,False,False
2766,2014-06-18,190000.0,0.04291824220661486,-1.251247138890626,0.000585056537544472,False,False
2765,2014-06-18,310000.0,0.03214710443421731,-0.4494406783164991,5.591083985394355e-05,False,False
2753,2014-06-18,650000.0,0.04294609729354454,0.6791455668497103,0.00017247724215131114,False,False
4509,2014-06-18,243069.23,0.020831337821214158,0.027168429809264608,1.3086017257381292e-07,False,False
2789,2014-06-18,630000.0,0.02241714484843582,0.48099177466613846,4.421002647608456e-05,False,False
2776,2014-06-18,175000.0,0.04247454298427053,-1.6517857456721374,0.001008566566781107,False,False
2807,2014-06-18,535000.0,0.01705661829495375,0.05288001671918088,4.043582881502533e-07,False,False
2812,2014-06-18,536751.0,0.03271769032580058,0.8730024122358694,0.00021482213758674897,False,False
2815,2014-06-18,820000.0,0.018139308844968394,-0.4228529452419927,2.7527599152374727e-05,False,False
2810,2014-06-18,580000.0,0.015463201202939869,0.382504995858127,1.914963193771937e-05,False,False
2908,2014-06-19,232603.0,0.04070914167659541,-0.22585554636034388,1.8039392744330633e-05,False,False
2877,2014-06-19,240000.0,0.04449078978012727,-1.2511171416714773,0.0006073652500283545,False,False
2884,2014-06-19,1240000.0,0.02794690748562012,-0.959996779667799,0.000220801529434551,False,False
2902,2014-06-19,319950.0,0.02651946775866834,0.869589431810122,0.0001716661996642653,False,False
2835,2014-06-19,659500.0,0.016818735173498356,-0.3779112918146471,2.0359083767548256e-05,False,False
2911,2014-06-19,750000.0,0.05824742249945547,-0.8102227013026201,0.00033835099917935857,False,False
2824,2014-06-19,210000.0,0.018070461536291275,-0.5579267108284198,4.7737753970872465e-05,False,False
2860,2014-06-19,186000.0,0.05060594037632396,0.01012823128030661,4.556600604196592e-08,False,False
4513,2014-06-19,220083.33,0.032276877660089964,0.27657489935603535,2.126104849670786e-05,False,False
2893,2014-06-19,507000.0,0.025798642039355058,-0.23776930854883482,1.2476088869002967e-05,False,False
4517,2014-06-19,323833.33,0.035699046017177216,-1.823755850721877,0.0010261153029201054,False,False
2829,2014-06-19,450000.0,0.017582902778243703,-0.673129138578073,6.757875683704233e-05,False,False
2843,2014-06-19,350000.0,0.026108416110601995,-0.9007484913325027,0.0001812574031909978,False,False
2906,2014-06-19,585000.0,0.016294948792726416,-0.5446941850885897,4.095550925388655e-05,False,False
2852,2014-06-19,506000.0,0.03619581853034615,0.28725681906160977,2.5824328883330748e-05,False,False
2900,2014-06-19,600000.0,0.017512299997133995,-0.3401527124789108,1.718631222096398e-05,False,False
2914,2014-06-19,330000.0,0.020604051781257293,0.054044829857237645,5.120606362479539e-07,False,False
2863,2014-06-19,287000.0,0.06550266240576891,1.6957592297604274,0.001679685670422913,False,True
2823,2014-06-19,269900.0,0.01677065860485072,-0.03822732189180301,2.077120963998042e-07,False,False
2880,2014-06-19,1068000.0,0.046253835953715905,0.7302818905666909,0.00021553349329483034,False,False
2825,2014-06-19,429900.0,0.01624403921644313,0.24460967415016732,8.233275816017699e-06,False,False
2836,2014-06-19,200000.0,0.047189039369188945,0.580463682532638,0.00013906032865809278,False,False
2905,2014-06-19,390000.0,0.013981062997657112,-0.23201662085600305,6.3608021225677255e-06,False,False
2876,2014-06-19,436000.0,0.02957214881720513,0.5828972527287477,8.628243672555318e-05,False,False
2840,2014-06-19,197500.0,0.026131566633458364,-1.9664041525062026,0.0008646283622120864,False,False
2910,2014-06-19,607500.0,0.026728527706481903,0.3724889653128222,3.1753135776240835e-05,False,False
2867,2014-06-19,399888.0,0.025101058582568003,-0.47977537469386017,4.938864360550652e-05,False,False
2837,2014-06-19,280000.0,0.019191191343022815,-0.3573822060152885,2.0825823453920622e-05,False,False
4515,2014-06-19,297857.14,0.03472055013913655,-1.3875720696301919,0.0005771163657022354,False,False
2881,2014-06-19,352450.0,0.02884174673976725,-0.21199924211997606,1.1122922835504017e-05,False,False
2845,2014-06-19,519000.0,0.053104789282425374,1.0647819066043147,0.0005298730720689312,False,False
2866,2014-06-19,340000.0,0.017181728969678733,-0.7570494886393873,8.349509001709455e-05,False,False
2851,2014-06-19,380000.0,0.023241570480438012,-0.27169321179792943,1.46370862683363e-05,False,False
2858,2014-06-19,120000.0,0.06889197008274661,-1.1698699435842959,0.0008438445553592965,True,False
2864,2014-06-19,510000.0,0.0433913142698934,-0.21429142669626952,1.735788597977169e-05,False,False
2865,2014-06-19,249000.0,0.02585057924458506,1.0593059761230819,0.00024814544124199993,False,False
2849,2014-06-19,437000.0,0.01749406113719082,0.06390594098969325,6.059777493597864e-07,False,False
2856,2014-06-19,520000.0,0.030072776247198826,1.9583752033791642,0.000990934458693625,False,False
2869,2014-06-19,899000.0,0.03862770464423787,1.496560106336581,0.000749919042417311,False,False
2832,2014-06-19,580000.0,0.02677937585462925,0.12006812198868116,3.3056992289519775e-06,False,False
2912,2014-06-19,728050.0,0.01663377320449838,0.7116638795845436,7.139110248023816e-05,False,False
2889,2014-06-19,505000.0,0.016681290958386857,0.1805954843976663,4.610710806190073e-06,False,False
2887,2014-06-19,850000.0,0.03638195963320895,0.3630725168914306,4.147502641025992e-05,False,False
2839,2014-06-19,346150.0,0.021096608646367088,-0.16578895973129543,4.936314033538272e-06,False,False
2904,2014-06-19,775000.0,0.016959564547646994,0.15767628284227495,3.5743313903094105e-06,False,False
2903,2014-06-19,712000.0,0.017866844271759844,-0.2730695309584101,1.130427521025576e-05,False,False
2871,2014-06-19,385000.0,0.032879627207977546,0.9179141730133167,0.000238709255361483,False,False
2861,2014-06-19,756000.0,0.03785863211872981,-0.22266055265010154,1.6256661010069145e-05,False,False
2898,2014-06-19,265000.0,0.01643168665562178,0.2316824788349985,7.4727895508705e-06,False,False
2859,2014-06-19,1440000.0,0.04047909160104829,2.2250548417981997,0.0017405099425612633,False,True
2827,2014-06-19,360000.0,0.017361708206603967,-0.33011355641127416,1.6045167003835033e-05,False,False
2882,2014-06-19,335000.0,0.018918824572819543,-0.8568678789152028,0.0001179874152637335,False,False
4518,2014-06-19,309000.0,0.024780951399078294,-1.6132791688609265,0.0005511294347853233,False,False
2888,2014-06-19,930000.0,0.02675981798200469,0.5251820706083268,6.319775631867366e-05,False,False
2901,2014-06-19,470000.0,0.01778198240252546,1.7874655965136657,0.00048202150782004324,False,False
2891,2014-06-19,275000.0,0.01604541028347789,0.05033264062093464,3.4426585907072186e-07,False,False
2875,2014-06-19,232500.0,0.01753202531693049,0.8673191425615335,0.0001118639895277192,False,False
2833,2014-06-19,464000.0,0.03961723788434607,-0.13283577916056968,6.065808926196342e-06,False,False
4514,2014-06-19,280000.0,0.021447359120165294,-3.7534733083064684,0.002573208919494856,False,True
2907,2014-06-19,1027000.0,0.04313880962323746,-0.7380080405062918,0.00020462569031035413,False,False
2834,2014-06-19,945000.0,0.03730953809103063,0.6593237613385421,0.00014039427949601505,False,False
2826,2014-06-19,1525000.0,0.044438991462282584,0.1572868547712029,9.587588459863877e-06,False,False
2848,2014-06-19,410000.0,0.04741603858790072,-0.25160531216021326,2.625913215547604e-05,False,False
2909,2014-06-19,543000.0,0.012222975947081716,1.0732432092859954,0.00011877720171212644,False,False
2822,2014-06-19,378750.0,0.025260911315126117,-0.3291769148594296,2.3401199922718864e-05,False,False
2873,2014-06-19,600000.0,0.024798076271573655,0.4956413958252607,5.205678452012854e-05,False,False
2850,2014-06-19,221000.0,0.030975455001107932,-0.48333420519600073,6.222956033021382e-05,False,False
2874,2014-06-19,450000.0,0.014593105759824754,0.018318720767349587,4.141342725511456e-08,False,False
2838,2014-06-19,1325000.0,0.044577365346000875,1.690576015909185,0.0011112378657733518,False,False
2841,2014-06-19,799000.0,0.014862932917114408,-0.052132030024395086,3.41692844920558e-07,False,False
2899,2014-06-19,475000.0,0.03761645578600756,1.5651935222792992,0.0007979662500723757,False,False
2896,2014-06-19,310000.0,0.0178595581029678,0.5984856410283526,5.427793778049692e-05,False,False
2830,2014-06-19,703000.0,0.026129992703181087,1.561937389214162,0.000545486860131574,False,False
2846,2014-06-19,590300.0,0.0216223698729881,1.8402583966710016,0.0006236962714001189,False,False
2879,2014-06-19,680000.0,0.047681052165263194,0.5702140707905288,0.00013566193856055374,False,False
2853,2014-06-19,395000.0,0.01825612429862966,-0.23182244660003384,8.327988315153124e-06,False,False
2894,2014-06-19,619850.0,0.016450196545897744,-0.20605838919169406,5.9179881375294655e-06,False,False
2870,2014-06-19,540500.0,0.0671241369895024,-0.40905530996711886,0.00010033158702110374,True,False
2847,2014-06-19,2200000.0,0.06990800639699601,0.25529809664124614,4.082394021067426e-05,True,False
2890,2014-06-19,925000.0,0.021678041288086425,0.4588972925965519,3.888552640165759e-05,False,False
4516,2014-06-19,950833.33,0.0204350686987443,-0.4684878188079451,3.8155595288528794e-05,False,False
2862,2014-06-19,248000.0,0.027607663090033596,-0.4898948747850007,5.678225877586111e-05,False,False
2872,2014-06-19,558000.0,0.014505751291842173,0.046897143703544295,2.697724971464363e-07,False,False
2885,2014-06-19,618250.0,0.01575154728771691,-0.41614014884123596,2.3094920462144757e-05,False,False
2892,2014-06-19,499000.0,0.020634578547386345,-0.3263942948874296,1.8704870627876022e-05,False,False
4512,2014-06-19,592105.71,0.015521813554718211,-0.7544915284056599,7.479349957762745e-05,False,False
2844,2014-06-19,720000.0,0.016086649644727835,0.5337899242482078,3.882113669808898e-05,False,False
2883,2014-06-19,549000.0,0.015566326738487207,0.6660039475945592,5.84483212818499e-05,False,False
2842,2014-06-19,1309500.0,0.03073924377861864,0.6242192832361908,0.00010297828746142961,False,False
2854,2014-06-19,285000.0,0.03074327776498023,-2.006233743621192,0.0010638812688299442,False,False
2886,2014-06-19,1815000.0,0.021114906888150015,2.033293765615416,0.0007431499753594862,False,False
2831,2014-06-19,661000.0,0.011379879925975223,-0.15777557763060185,2.387847276500216e-06,False,False
2855,2014-06-19,311000.0,0.02892880679455262,-1.195212162800767,0.0003546404031098739,False,False
2821,2014-06-19,576000.0,0.015325051218711083,-0.1405860560558732,2.563375886718545e-06,False,False
2897,2014-06-19,646000.0,0.014317939919978234,-0.45002573518978756,2.4515295787957897e-05,False,False
2878,2014-06-19,489950.0,0.014068717022580612,0.2568056731457723,7.842162347292809e-06,False,False
2868,2014-06-19,440000.0,0.012266416148180248,0.28414819719398454,8.355769244197502e-06,False,False
2895,2014-06-19,500000.0,0.028205505240335854,-1.2174231462136662,0.00035847701292974956,False,False
2828,2014-06-19,405000.0,0.014019049551304313,-0.6889343919383915,5.623730903392806e-05,False,False
2857,2014-06-19,435000.0,0.013846656591429363,-0.6143668946668458,4.416465427639177e-05,False,False
2913,2014-06-19,734990.0,0.023396389959570496,0.4459399721295056,3.9701058386032715e-05,False,False
2959,2014-06-20,397000.0,0.027862920259947917,-0.3777416896482819,3.408063787314204e-05,False,False
2938,2014-06-20,665900.0,0.049735257130594346,0.4372870525832697,8.340109310441374e-05,False,False
2966,2014-06-20,282000.0,0.03143548657275186,0.18280534977765095,9.038329919971126e-06,False,False
2951,2014-06-20,332000.0,0.03306773490079934,0.19979873584656535,1.1376603471388096e-05,False,False
2986,2014-06-20,237000.0,0.020612354145042422,-0.4709500235144189,3.889926307028765e-05,False,False
3004,2014-06-20,489000.0,0.018711394002058235,0.4188266980080573,2.7873843496795572e-05,False,False
2997,2014-06-20,800000.0,0.016672002770159816,0.33023710090207303,1.5408481783216666e-05,False,False
2926,2014-06-20,210000.0,0.04835259519406473,-0.5362190794596113,0.00012174384126026614,False,False
2973,2014-06-20,1462497.0,0.028566668999798567,1.258297861153025,0.00038800048894185917,False,False
2937,2014-06-20,359950.0,0.029965305587421942,0.855680430196878,0.00018848352553634215,False,False
2964,2014-06-20,329950.0,0.04588880380919774,0.21104473120910905,1.78515334270947e-05,False,False
2993,2014-06-20,355000.0,0.07112184215573479,0.45702099852544853,0.0001332708936319087,True,False
2975,2014-06-20,355000.0,0.02890248540073098,-0.8956629109465326,0.0001989666478404608,False,False
2979,2014-06-20,2110000.0,0.018121470929792327,3.7888166592336936,0.0022078096023889844,False,True
2984,2014-06-20,482500.0,0.024274344648656326,0.24803873455258285,1.275491466630267e-05,False,False
2924,2014-06-20,600000.0,0.02696621657462034,0.19138788034273743,8.459403062683014e-06,False,False
2981,2014-06-20,2400000.0,0.05470769321095989,0.1840923450753588,1.6344532139493472e-05,False,False
2957,2014-06-20,400000.0,0.02400258772854827,0.23047532927244369,1.0886218369045997e-05,False,False
2940,2014-06-20,203000.0,0.05167405283995008,0.6291226744100387,0.00017972327399796206,False,False
2967,2014-06-20,250000.0,0.07964422522640455,1.3700910539826385,0.0013536804765890813,True,True
2971,2014-06-20,200000.0,0.05668287044615816,0.7305537936738814,0.0002672497261250923,False,False
2988,2014-06-20,623000.0,0.020632558930282485,-0.3282938490453004,1.892133077390175e-05,False,False
3007,2014-06-20,359900.0,0.01727627598798126,0.6435996568900847,6.0683281068958386e-05,False,False
2991,2014-06-20,405000.0,0.02016749313706706,-0.15233186622070943,3.980158376296257e-06,False,False
2920,2014-06-20,245000.0,0.4216327979566239,2.781216953290384,0.04699149038149796,True,True
2998,2014-06-20,830000.0,0.03503099263846926,0.5446611391928619,8.974507250555426e-05,False,False
2916,2014-06-20,441000.0,0.014768260967974678,-0.07328169557744371,6.708118667945822e-07,False,False
2992,2014-06-20,337000.0,0.028632142432222563,-1.4959442549947146,0.0005496923482641123,False,False
2945,2014-06-20,477000.0,0.045452816071133106,0.9390881503140872,0.00034994103323006273,False,False
4520,2014-06-20,994500.0,0.025534845263657624,-0.198218200735242,8.579712389835792e-06,False,False
2963,2014-06-20,436500.0,0.04706387704646334,-1.0589206723336306,0.0004614976757510243,False,False
2989,2014-06-20,565000.0,0.026965095594487398,0.18731849187231703,8.103144879276255e-06,False,False
2946,2014-06-20,455000.0,0.0365373110226862,-0.35018883660112304,3.875475806842148e-05,False,False
2977,2014-06-20,869000.0,0.024258681353793145,0.20559580679150416,8.757492085727525e-06,False,False
2976,2014-06-20,425000.0,0.023779945193999653,-0.05541768348680525,6.234169611337335e-07,False,False
3005,2014-06-20,1240000.0,0.038892513438034404,-0.690785983062923,0.00016091622560756232,False,False
2968,2014-06-20,1135000.0,0.057017413354464495,-0.6445210199695955,0.0002093132705222746,False,False
3012,2014-06-20,775950.0,0.030327234893191335,0.08742028328969817,1.9918232161968044e-06,False,False
2934,2014-06-20,725000.0,0.029291512110959317,-0.98918149055072,0.00024605017666915613,False,False
2990,2014-06-20,400000.0,0.025329642614798364,-0.3160874321612772,2.1637372152277646e-05,False,False
2970,2014-06-20,681500.0,0.028162657700334714,0.04005162156947509,3.8738162455242137e-07,False,False
3014,2014-06-20,654000.0,0.026121256281811667,0.8290004388875641,0.00015360927812255255,False,False
2953,2014-06-20,279000.0,0.017021634166021038,-0.3539255348320587,1.807589627860702e-05,False,False
2939,2014-06-20,812000.0,0.01699148449714849,0.18985428576903832,5.191987141562358e-06,False,False
3008,2014-06-20,1080000.0,0.05232323941932027,-0.8449613055546347,0.0003284935069015482,False,False
2928,2014-06-20,175000.0,0.04088788868991233,0.14838018693912688,7.821605224591279e-06,False,False
2925,2014-06-20,632500.0,0.015223259040228518,0.7755276485573375,7.747885249102578e-05,False,False
2917,2014-06-20,650000.0,0.01651129614137814,-0.34616997742334044,1.6765223374955607e-05,False,False
2983,2014-06-20,330000.0,0.01594435513432897,0.23099345525765255,7.204525890389297e-06,False,False
2943,2014-06-20,280000.0,0.027857177284944468,0.7039894367282765,0.00011834722340142096,False,False
2929,2014-06-20,455000.0,0.018281162940653406,0.013351858390515602,2.7664248966656775e-08,False,False
4519,2014-06-20,248400.0,0.02636389017890001,-0.15198467209342004,5.212321038611248e-06,False,False
2922,2014-06-20,660000.0,0.021654766642802664,-1.0943404994550412,0.00022089458637776494,False,False
2952,2014-06-20,291000.0,0.035241178373282445,0.38496846950975566,4.511289920498362e-05,False,False
2941,2014-06-20,456000.0,0.020495019285903485,0.21186989668826653,7.827065104193793e-06,False,False
2972,2014-06-20,1300000.0,0.031200305895437236,0.22303414817439177,1.3350155877048317e-05,False,False
2985,2014-06-20,525000.0,0.025633799574156402,-0.3660722332157274,2.9379412379565443e-05,False,False
2996,2014-06-20,448000.0,0.02347973389468403,0.21196092808141007,9.002067987077266e-06,False,False
2961,2014-06-20,371000.0,0.01653335253100524,0.07266185872820764,7.39661561694357e-07,False,False
2950,2014-06-20,218000.0,0.019407719321286012,-0.3560714080224648,2.0911201666505195e-05,False,False
2978,2014-06-20,915000.0,0.027048057232247263,0.3612343150814125,3.0230229133591567e-05,False,False
3015,2014-06-20,725000.0,0.02326020965861563,-0.0233088257036973,1.0781874870885685e-07,False,False
2944,2014-06-20,640000.0,0.01580766808227277,0.6980304515189797,6.521617501532483e-05,False,False
3013,2014-06-20,420000.0,0.0325869199781636,0.33215437904902406,3.096920650549512e-05,False,False
3006,2014-06-20,595000.0,0.04847813316245708,-1.3175479380549397,0.0007370190601806967,False,False
2969,2014-06-20,400000.0,0.05133875192903133,-1.0331688667118784,0.0004813882899531436,False,False
2931,2014-06-20,790000.0,0.054545240710290877,1.8652992937886588,0.0016727533790293478,False,True
2982,2014-06-20,390000.0,0.02863131295806992,1.8250653488764752,0.0008181496664922931,False,False
2923,2014-06-20,378000.0,0.02926740764301223,0.44001838491079315,4.86457657806841e-05,False,False
2935,2014-06-20,380000.0,0.02198435331543458,-0.4064298811578226,3.094267862167979e-05,False,False
4325,2014-06-20,443500.0,0.015973236866238166,0.24075842314500798,7.84093323558186e-06,False,False
2955,2014-06-20,970500.0,0.02149920994083864,0.6478161271756411,7.683933272736835e-05,False,False
2999,2014-06-20,725000.0,0.04119207710844283,-0.36260114837237023,4.707162400604216e-05,False,False
3010,2014-06-20,625000.0,0.040950255238777794,1.1649236776193617,0.00048286883690246883,False,False
2954,2014-06-20,950000.0,0.017853415824753638,0.17640333562332147,4.713867268502215e-06,False,False
2995,2014-06-20,420000.0,0.03541462155309749,-0.5844094932411293,0.00010449492747023057,False,False
3000,2014-06-20,780000.0,0.016884886357877743,0.838318778755853,0.00010058446554950716,False,False
2965,2014-06-20,950000.0,0.07484078260756111,0.9366317617502612,0.0005913959633987036,True,False
2974,2014-06-20,995000.0,0.024237468667477946,-0.8110389919095288,0.0001361586840212964,False,False
3011,2014-06-20,339990.0,0.03591705093237031,-0.3711448300479923,4.27653325176878e-05,False,False
2987,2014-06-20,205000.0,0.04305934313856203,0.6864997620025997,0.00017671846474004403,False,False
3003,2014-06-20,1320000.0,0.018278078328269665,0.5591765078243776,4.8513056121417444e-05,False,False
3009,2014-06-20,925000.0,0.0237571569950977,0.4361959485980716,3.858500968847664e-05,False,False
3002,2014-06-20,488800.0,0.014535830675959205,-0.624851689983855,4.7992311580903586e-05,False,False
4326,2014-06-20,1234582.0,0.040860313950729726,0.09492262638998031,3.198733688797068e-06,False,False
2994,2014-06-20,885000.0,0.02067949523187698,0.7765704851153978,0.00010611959915468854,False,False
2947,2014-06-20,587206.0,0.01500271717722551,-0.14661987956683695,2.728596769616363e-06,False,False
2933,2014-06-20,850000.0,0.02505035402740216,0.5058777265803541,5.4795078361265854e-05,False,False
2932,2014-06-20,480000.0,0.015166622244606659,-0.4074136307249097,2.1301783902553636e-05,False,False
2949,2014-06-20,511500.0,0.019225341854357064,0.25328440547811953,1.0479498311262819e-05,False,False
3001,2014-06-20,325000.0,0.024037826440027915,-0.021389785978858735,9.390610810771975e-08,False,False
2942,2014-06-20,547000.0,0.01847060504047998,-1.0236329699484383,0.00016431798340636844,False,False
2930,2014-06-20,450000.0,0.012754015855900191,-0.23641733912575683,6.01726281890485e-06,False,False
2958,2014-06-20,200000.0,0.051104163655077334,-0.30982343750149743,4.308092647993109e-05,False,False
2918,2014-06-20,1950000.0,0.04451884604960245,1.705173906797425,0.0011289582558455425,False,True
2915,2014-06-20,605000.0,0.046075652579915694,-0.010606772289968862,4.528379399197664e-08,False,False
2980,2014-06-20,925000.0,0.020232910406701537,0.12285459284896437,2.5973893706514404e-06,False,False
2948,2014-06-20,425000.0,0.014902809568880515,-0.30125943139194966,1.1441662409963715e-05,False,False
2956,2014-06-20,412000.0,0.015686872463894858,-0.14759888851177383,2.893263688721919e-06,False,False
2919,2014-06-20,395000.0,0.01391961169703354,-0.7062612581797055,5.867651617629341e-05,False,False
2962,2014-06-20,458000.0,0.04678326013153891,0.15436444877750116,9.745680039206532e-06,False,False
2936,2014-06-20,979000.0,0.042432566063926314,0.2581906945698903,2.461670119159853e-05,False,False
2960,2014-06-20,715000.0,0.016823814424981348,-0.1668333234388205,3.968966884096299e-06,False,False
2921,2014-06-20,905000.0,0.02299846066836163,-0.5858852922117478,6.733602360790557e-05,False,False
2927,2014-06-20,754800.0,0.02711011225160148,0.31640062952896575,2.3246686469215667e-05,False,False
3020,2014-06-21,418000.0,0.02712091246530951,0.08549911994679267,1.6981946635600314e-06,False,False
3018,2014-06-21,639500.0,0.010935063423435532,0.06189121025261578,3.529175086132849e-07,False,False
3023,2014-06-21,930000.0,0.013681345017733493,0.4446376156887615,2.2852972810193282e-05,False,False
3017,2014-06-21,1100000.0,0.043119250267530496,0.13210500908004907,6.55346082678703e-06,False,False
3016,2014-06-21,375000.0,0.02756490692511465,-0.5099741883242294,6.143431949229824e-05,False,False
3021,2014-06-21,442900.0,0.02485611493753548,-0.6655138365342347,9.408003691334927e-05,False,False
3019,2014-06-21,849000.0,0.04235609035805604,0.45505735626529126,7.632430314753627e-05,False,False
3022,2014-06-21,750000.0,0.012933352272968962,0.2849198167740473,8.86397853963987e-06,False,False
3028,2014-06-22,687000.0,0.019866314579918498,-0.43195144882870573,3.151523985754054e-05,False,False
3030,2014-06-22,439500.0,0.016443265290251752,-0.6360666811894954,5.6365413129723146e-05,False,False
3029,2014-06-22,810000.0,0.0149315322717809,0.3452177255993807,1.5053687203546919e-05,False,False
3033,2014-06-22,374000.0,0.020882013707575864,-0.7096551653239326,8.950572985128636e-05,False,False
3026,2014-06-22,545000.0,0.016745683980846388,-0.07764234872118257,8.555652025816593e-07,False,False
3031,2014-06-22,802000.0,0.02355115843934749,0.787871498384821,0.00012476486859205999,False,False
3024,2014-06-22,565000.0,0.037820937271115296,0.15258968995755037,7.6268555323542426e-06,False,False
3034,2014-06-22,330000.0,0.05178369100486832,-0.9594825432011318,0.00041896572072045314,False,False
3032,2014-06-22,732600.0,0.0480370859238482,0.7816702297745842,0.00025693455844963176,False,False
3027,2014-06-22,500000.0,0.01576385024208521,-0.35795378623602964,1.710155743350432e-05,False,False
3025,2014-06-22,874150.0,0.03350299057249284,-0.07903909021837413,1.8046196411010947e-06,False,False
3109,2014-06-23,265000.0,0.03488154934571577,-0.746758613763232,0.0001679555595721838,False,False
3099,2014-06-23,375000.0,0.04612253435307517,0.7673936559280624,0.00023728797870716417,False,False
3078,2014-06-23,347000.0,0.04712861100140525,0.4425849334518,8.073509454830185e-05,False,False
3065,2014-06-23,345100.0,0.034007583051441,0.4199951216112482,5.1749873911847024e-05,False,False
3038,2014-06-23,280000.0,0.03531871774274899,0.6823966969624523,0.00014207369056650922,False,False
3113,2014-06-23,415000.0,0.03825848684549918,0.4333412296223688,6.225126818700208e-05,False,False
3079,2014-06-23,725000.0,0.019442048420454272,0.9515437252343072,0.00014960462090859273,False,False
3094,2014-06-23,234000.0,0.027288794655901755,-0.3811847721107878,3.396958756069915e-05,False,False
3168,2014-06-23,362500.0,0.021842712618830223,0.0876603772713371,1.4299580661368028e-06,False,False
4334,2014-06-23,205425.0,0.03170180809422252,0.18052945091487263,8.891802098026329e-06,False,False
3080,2014-06-23,345000.0,0.024308279028243146,-0.5280016357475857,5.7880314583532334e-05,False,False
3132,2014-06-23,300000.0,0.026658045229228988,0.1557377725144432,5.535661536234277e-06,False,False
3041,2014-06-23,299995.0,0.02602010402596089,0.21917204070766796,1.0694194844208177e-05,False,False
3085,2014-06-23,494000.0,0.037849929392162085,0.1576322228915118,8.145748767786414e-06,False,False
3118,2014-06-23,1580000.0,0.058123669180522364,-0.28076150976477293,4.053713312196493e-05,False,False
3056,2014-06-23,603500.0,0.020125649716307703,-0.36190726605474816,2.2417794265850206e-05,False,False
3107,2014-06-23,560000.0,0.04747627058334469,0.2144673115247813,1.9104767727913576e-05,False,False
3064,2014-06-23,579000.0,0.025034950402085282,-0.5348310656316464,6.12082118933211e-05,False,False
3066,2014-06-23,350000.0,0.02403590797784605,-0.12809916876177982,3.3677362414284894e-06,False,False
3105,2014-06-23,396500.0,0.017651629339585834,-0.667737554050464,6.676511908892023e-05,False,False
3124,2014-06-23,780000.0,0.017891766510346047,-0.2571611759580148,1.0039762286389557e-05,False,False
3129,2014-06-23,326000.0,0.02378506396032763,0.3410103366804864,2.3610909496552478e-05,False,False
3048,2014-06-23,334000.0,0.015680090059815743,0.1197553975051227,1.9037995958813744e-06,False,False
3036,2014-06-23,290900.0,0.079767619035574,1.6407508928910715,0.0019446129363006402,True,True
3151,2014-06-23,403500.0,0.017987705615072652,0.11685126775606502,2.0842243112640965e-06,False,False
3091,2014-06-23,360000.0,0.016917461007437684,-0.34201002812599207,1.677419302196062e-05,False,False
3082,2014-06-23,550000.0,0.012198809499727903,0.10553841665540888,1.146272323898133e-06,False,False
3087,2014-06-23,442500.0,0.013928108769435177,0.4537406973957536,2.423359206844781e-05,False,False
3149,2014-06-23,685000.0,0.03457616897743343,1.4326049835850467,0.0006125344598398997,False,False
3081,2014-06-23,345950.0,0.027181662326007883,0.6131906160823826,8.754957023326275e-05,False,False
3111,2014-06-23,430000.0,0.016231981215184904,0.44707904424625194,2.7483131321530186e-05,False,False
3139,2014-06-23,165000.0,0.04767454255306175,-0.38269641248898184,6.109823669692801e-05,False,False
3145,2014-06-23,337000.0,0.017101771621745032,0.48937134173665353,3.472388985534097e-05,False,False
3126,2014-06-23,831500.0,0.029029766295082853,-0.249328379685781,1.548815929149494e-05,False,False
4525,2014-06-23,288500.0,0.02143178783588695,-2.002870047881263,0.0007321357182984098,False,False
3150,2014-06-23,905000.0,0.0162524938237546,0.12374043906804623,2.1080379479720924e-06,False,False
3086,2014-06-23,453000.0,0.027065579600903222,-0.2993981947291283,2.0780254990002164e-05,False,False
3140,2014-06-23,261350.0,0.016678886781362035,0.6210021190258358,5.451005430183111e-05,False,False
3075,2014-06-23,479000.0,0.022485123249332474,-0.32935249149357776,2.0792779931719316e-05,False,False
3093,2014-06-23,290000.0,0.03144125868989234,-0.217551169820992,1.2803112412564113e-05,False,False
3119,2014-06-23,905000.0,0.018665659709024673,0.17381919004655502,4.788952673250835e-06,False,False
3052,2014-06-23,275000.0,0.025015720546444187,-0.28594403635726034,1.748220643094191e-05,False,False
3135,2014-06-23,590000.0,0.028324893632661274,-1.065125650156331,0.00027559266334068567,False,False
3059,2014-06-23,2075000.0,0.02599336868000446,0.8021221075581249,0.00014308706629086876,False,False
3067,2014-06-23,291500.0,0.029710076803536267,0.2223374244792725,1.2613806034649036e-05,False,False
3096,2014-06-23,349900.0,0.020942229624508424,-1.8780507481167796,0.0006287065710251022,False,False
3116,2014-06-23,300000.0,0.03308640868540541,-0.58091675222182,9.622956447790558e-05,False,False
3160,2014-06-23,345000.0,0.022123818342098478,-0.5032462715215046,4.77481007566634e-05,False,False
3062,2014-06-23,200000.0,0.031710771930908765,0.0818770477478338,1.829552251410982e-06,False,False
3072,2014-06-23,324000.0,0.0166655020289162,0.40975674518560173,2.3713087398252448e-05,False,False
3101,2014-06-23,470000.0,0.015597701040925449,0.5336432334674029,3.760180913969824e-05,False,False
3098,2014-06-23,725000.0,0.024894415214771964,0.012494946703034448,3.32152751954004e-08,False,False
3153,2014-06-23,385000.0,0.025115138142318583,-0.16004278141954562,5.498866542970492e-06,False,False
3164,2014-06-23,515000.0,0.03318110961448856,0.13135167562694072,4.934416071593569e-06,False,False
3156,2014-06-23,249900.0,0.033142416480821946,0.40049782195126826,4.581848591316168e-05,False,False
3125,2014-06-23,400000.0,0.03219675659040262,1.0693388365547907,0.0003170111115374009,False,False
3165,2014-06-23,497000.0,0.017544986140283436,0.08557312962583709,1.0897677239974008e-06,False,False
3162,2014-06-23,562500.0,0.03914411385252636,1.9735036438789395,0.0013222172846109978,False,True
3047,2014-06-23,350000.0,0.03904188979635731,-0.7442025055555119,0.0001875112739631694,False,False
3114,2014-06-23,600000.0,0.01470087025099838,0.20514074727484582,5.232359382758961e-06,False,False
3136,2014-06-23,750000.0,0.030133060701066694,0.8141720545509972,0.0001716256631550363,False,False
3159,2014-06-23,310000.0,0.02589495419911353,-0.6556565941231972,9.523157674237854e-05,False,False
3039,2014-06-23,675000.0,0.015023768703272322,0.18341993896879372,4.276268651629666e-06,False,False
4527,2014-06-23,180785.71,0.05726579804182136,-3.104861864310292,0.004879882602951804,False,True
3146,2014-06-23,560000.0,0.014862709608671199,0.020478580981966234,5.272537866902391e-08,False,False
3089,2014-06-23,389800.0,0.04241672260586982,-0.22832501952226733,1.924359980693676e-05,False,False
3144,2014-06-23,715000.0,0.020914058236293193,0.28421421961054216,1.4378972631446116e-05,False,False
3084,2014-06-23,269500.0,0.02500520397013939,0.027259014560238024,1.5880609291211934e-07,False,False
3074,2014-06-23,233500.0,0.02607701167620652,-0.1828487924902844,7.4599540385938955e-06,False,False
3120,2014-06-23,199950.0,0.0310812726988402,-0.9891905294168756,0.0002615713038033287,False,False
3097,2014-06-23,275000.0,0.024219815840937353,0.06757828869067632,9.446087752186844e-07,False,False
3092,2014-06-23,650000.0,0.01671634223429555,0.1969933952813948,5.497744056547264e-06,False,False
3110,2014-06-23,502000.0,0.030856747361326486,-0.7101437087723667,0.00013380532897516875,False,False
3073,2014-06-23,495000.0,0.04092804777070427,-0.4037010451702222,5.79573261091773e-05,False,False
3057,2014-06-23,230000.0,0.03723816300014024,-1.8209283245853731,0.0010687443664666233,False,False
3117,2014-06-23,491234.0,0.03450989461003601,0.5206365034272796,8.073907856396789e-05,False,False
3133,2014-06-23,269950.0,0.06765468136065789,-1.1117922566966225,0.0007474585298101884,True,False
3076,2014-06-23,322200.0,0.03245149025774274,0.32580968825219464,2.9669391530962714e-05,False,False
3134,2014-06-23,1220000.0,0.05841292833532488,-0.32952757068127636,5.61372015485665e-05,False,False
3137,2014-06-23,239950.0,0.03169922988508744,0.4186368991935041,4.781148116421307e-05,False,False
3043,2014-06-23,249500.0,0.03390327535908755,0.11644612096384593,3.965426030208104e-06,False,False
3054,2014-06-23,550000.0,0.036227224531289015,0.08061345133013223,2.0356082052883483e-06,False,False
3051,2014-06-23,264000.0,0.015762034065783637,0.20875333299750443,5.815642996841351e-06,False,False
3138,2014-06-23,215000.0,0.06391201218865206,0.8623845466121619,0.00042314235999012494,False,False
3142,2014-06-23,425000.0,0.019719557580723412,-0.44777624053016973,3.361148297202915e-05,False,False
3046,2014-06-23,320000.0,0.026296592439450456,0.040189171133798975,3.6350437166243346e-07,False,False
3155,2014-06-23,285000.0,0.026289336208172587,0.04414109316094745,4.3838392109102785e-07,False,False
3068,2014-06-23,649950.0,0.05243646845872896,0.16231844649423396,1.2150093103910475e-05,False,False
3154,2014-06-23,1700000.0,0.062104988919381876,0.3381000500088207,6.307851881672154e-05,False,False
3095,2014-06-23,260000.0,0.02621729316334842,-0.8721201290198072,0.00017064641438436763,False,False
3123,2014-06-23,649000.0,0.03836222436461223,0.6524223549097453,0.0001415039902849284,False,False
3143,2014-06-23,800000.0,0.029363706692931424,-0.34733886290070193,3.04144425959463e-05,False,False
3060,2014-06-23,420000.0,0.013128244347046986,-0.27862134226026825,8.605843537147391e-06,False,False
3131,2014-06-23,320000.0,0.020037103248080966,0.4089773228699052,2.849984596138897e-05,False,False
3115,2014-06-23,225000.0,0.030691640359896855,-0.45072111148700483,5.3603444452206485e-05,False,False
3104,2014-06-23,249000.0,0.027330750929183856,1.1714442394168703,0.0003213278547309902,False,False
3103,2014-06-23,615000.0,0.03005615277257609,0.025867566922488847,1.727892476634651e-07,False,False
3049,2014-06-23,235000.0,0.03818995998909919,-0.900951081352168,0.00026858457848894874,False,False
3166,2014-06-23,312891.0,0.34104533128265474,0.07850037530931941,2.657778534348332e-05,True,False
3157,2014-06-23,633634.0,0.039448592249790096,0.08360195407296242,2.3920073399124186e-06,False,False
4526,2014-06-23,379509.17,0.027753378550433555,0.004011988975619692,3.828931815658193e-09,False,False
3128,2014-06-23,385000.0,0.026157691475283434,-0.18389083950751214,7.5691954463394435e-06,False,False
3061,2014-06-23,735000.0,0.023408778645782446,-0.015543503474447051,4.8259467110657624e-08,False,False
3083,2014-06-23,399950.0,0.018703050059708237,0.5105445756596433,4.139978387609796e-05,False,False
3070,2014-06-23,500000.0,0.03028355786731604,1.1918506027714784,0.0003696787886457603,False,False
3044,2014-06-23,690000.0,0.016425729157226593,2.0048050016540016,0.0005593459864272992,False,False
3161,2014-06-23,160797.0,0.04335935552448553,-2.6969866093561308,0.0027473268085620507,False,True
3037,2014-06-23,577000.0,0.027420591375115627,-0.18426914659059423,7.977664155048112e-06,False,False
3035,2014-06-23,365000.0,0.21482555097258088,1.480285129464841,0.004996078833795764,True,True
3148,2014-06-23,660000.0,0.014329602196503394,0.17628198373151743,3.7647577190517317e-06,False,False
3088,2014-06-23,235000.0,0.04906270733656967,0.7228968180785538,0.00022468341196653905,False,False
3122,2014-06-23,899000.0,0.09499558565294292,1.5226468765297252,0.002028008975772175,True,True
3050,2014-06-23,442000.0,0.01566900656379655,-0.0010537323801974728,1.4729218610441521e-10,False,False
3063,2014-06-23,286000.0,0.02819185924640094,1.0941946273312988,0.000289435032291132,False,False
3112,2014-06-23,525000.0,0.026385113345519517,-0.19272961652075507,8.388560227692521e-06,False,False
3077,2014-06-23,835000.0,0.015558406529811997,0.36344576206558665,1.739695069611933e-05,False,False
4347,2014-06-23,12899000.0,0.023063234560760676,12.030588825992373,0.02847385597692995,False,True
4528,2014-06-23,950100.0,0.02154394935083382,-0.5519362351373556,5.589597858093869e-05,False,False
3106,2014-06-23,405000.0,0.04180260267987598,-0.09667430154495571,3.397732430906585e-06,False,False
3102,2014-06-23,490000.0,0.013956616142482697,0.08574306431491681,8.671632519694491e-07,False,False
3090,2014-06-23,346000.0,0.061267525165800835,2.249856275874478,0.0027530671271703737,False,True
3069,2014-06-23,458500.0,0.031494131126299896,-0.16537175195492507,7.41086297337673e-06,False,False
3058,2014-06-23,449000.0,0.022137451873951136,0.2246681349036457,9.522512050529852e-06,False,False
3127,2014-06-23,471001.0,0.019263445565400328,-1.0536443002429066,0.00018171400712520334,False,False
3141,2014-06-23,569000.0,0.014154370783553943,-0.11339450259461531,1.5384536175043966e-06,False,False
3040,2014-06-23,800000.0,0.019995837761156154,0.1630589927141957,4.5208484480637515e-06,False,False
3130,2014-06-23,335000.0,0.03006321783088914,-0.4283622710407034,4.73950748344228e-05,False,False
3163,2014-06-23,664950.0,0.045418219914019786,1.4770435870470142,0.0008650124230556917,False,False
3045,2014-06-23,235000.0,0.015732757457684154,-0.50647187341902,3.4168131831346074e-05,False,False
3121,2014-06-23,450000.0,0.012843152613651904,-1.0738605970338801,0.0001250259171964037,False,False
3152,2014-06-23,405000.0,0.012062395099767032,-0.7244744505447775,5.340340334645464e-05,False,False
3100,2014-06-23,806000.0,0.023126087713424448,0.7221075038056824,0.00010286938103345116,False,False
3053,2014-06-23,430000.0,0.015363642608524214,0.06937646430258639,6.258372479004049e-07,False,False
3042,2014-06-23,440000.0,0.01515078800435199,0.307103484283299,1.2090763359917496e-05,False,False
3108,2014-06-23,459950.0,0.04722850255057831,0.036073433313928316,5.375379495519726e-07,False,False
3055,2014-06-23,775000.0,0.01392950634963075,0.28939174888077174,9.858680786239747e-06,False,False
3169,2014-06-23,402101.0,0.023574786948853232,0.6863966179661537,9.479333774102437e-05,False,False
3071,2014-06-23,362300.0,0.031315596221825004,0.04834280372820237,6.295943183700625e-07,False,False
3167,2014-06-23,670000.0,0.029305081608283573,-1.3586857969346842,0.00046442651237952676,False,False
3147,2014-06-23,449500.0,0.02076974650470831,-0.4181418062097555,3.090383021301641e-05,False,False
3158,2014-06-23,329900.0,0.0225761761044084,-0.09468738078568577,1.7257203661139806e-06,False,False
3263,2014-06-24,329950.0,0.02792236472180515,1.080735530911981,0.00027958177499456607,False,False
4536,2014-06-24,198995.0,0.03391668048573829,-3.4220271774490794,0.003425976811709842,False,True
4534,2014-06-24,391400.0,0.03011945907108915,-0.3511398563377467,3.1908613245759214e-05,False,False
3176,2014-06-24,585000.0,0.05140952112796169,0.9639654176249189,0.0004196685832918939,False,False
3173,2014-06-24,415000.0,0.012604150901088906,0.33870840769868,1.2203741651688602e-05,False,False
3177,2014-06-24,640000.0,0.011535534661695435,-0.1491634355577053,2.1638152447678398e-06,False,False
3237,2014-06-24,343500.0,0.03205844181579531,0.7123391626034904,0.0001400508245656431,False,False
3275,2014-06-24,790000.0,0.02053692909171273,0.06605750244276962,7.624484577745695e-07,False,False
3254,2014-06-24,218000.0,0.029348655712213623,0.5821312681380089,8.538578229121752e-05,False,False
3273,2014-06-24,745641.0,0.023307132125586216,0.4632410765709469,4.267403412864089e-05,False,False
3206,2014-06-24,751000.0,0.0144459696770321,-0.4962432308251694,3.007974885814791e-05,False,False
3193,2014-06-24,348500.0,0.015410182092350677,0.6862905958012065,6.143095684269947e-05,False,False
3245,2014-06-24,252000.0,0.02489223227904741,-0.19243559688287068,7.877724803619854e-06,False,False
3225,2014-06-24,464500.0,0.017697246416964685,0.1842249312035644,5.09537200418276e-06,False,False
3259,2014-06-24,350000.0,0.018731061071805676,-0.18714814849085726,5.571397585611719e-06,False,False
3201,2014-06-24,1157400.0,0.038742456291833316,-0.036925561495034814,4.5795242237548234e-07,False,False
3203,2014-06-24,2466350.0,0.04310822329262154,0.9329500652978655,0.0003267629846091582,False,False
4539,2014-06-24,325187.5,0.016258620256512202,0.19296153620760823,5.128176896314766e-06,False,False
3207,2014-06-24,941000.0,0.031035524902273126,0.21891447810466377,1.2791426036490695e-05,False,False
3235,2014-06-24,1250000.0,0.017657942951820493,1.7787804838218528,0.00047395906840899546,False,False
3196,2014-06-24,549000.0,0.09198177444822578,-1.3157356586841904,0.001461380343955273,True,True
3221,2014-06-24,1010000.0,0.05341336331617508,1.7449396691659183,0.0014317564296603704,False,True
4537,2014-06-24,278900.0,0.024140724509319113,-0.227812156239914,1.0698814283096971e-05,False,False
3242,2014-06-24,257500.0,0.02194949966682405,-1.2924947222981589,0.0003124205957580201,False,False
3230,2014-06-24,457500.0,0.02103448020856341,0.4968910060419067,4.4208462838742146e-05,False,False
3222,2014-06-24,875000.0,0.025080543362377274,0.9532032743113691,0.00019478612065946426,False,False
3200,2014-06-24,1215000.0,0.02450585818062698,1.2804557254781135,0.00034323624088432834,False,False
3271,2014-06-24,639888.0,0.02355742953314635,0.7830784163551464,0.00012328506175936796,False,False
3183,2014-06-24,625000.0,0.02443688940883177,0.20026713317753522,8.371989393437084e-06,False,False
3231,2014-06-24,366000.0,0.016176767614298482,0.11128530930820808,1.6969502149048506e-06,False,False
4531,2014-06-24,362750.0,0.0332058260069773,-1.9747976946355488,0.0011162057113594252,False,True
3217,2014-06-24,689000.0,0.017595366334922036,0.28648511691109374,1.2249850683516904e-05,False,False
4324,2014-06-24,400000.0,0.025733902669130455,-1.6868203388016945,0.0006263029763266404,False,False
3238,2014-06-24,325000.0,0.028293599190724883,1.2519984920346943,0.00038034656553587767,False,False
3270,2014-06-24,859000.0,0.022008988030336962,0.06395794452403072,7.671370543718001e-07,False,False
3179,2014-06-24,520000.0,0.02189583295479885,-0.2505373627096288,1.1709547669326084e-05,False,False
3190,2014-06-24,324950.0,0.03174031719318418,0.3190110815225672,2.7800314347094153e-05,False,False
3223,2014-06-24,304000.0,0.027740514701121044,-0.20529428277533832,1.0020855270680847e-05,False,False
3180,2014-06-24,367500.0,0.028685110287160184,-0.21072696488034517,1.09283716422681e-05,False,False
3220,2014-06-24,440000.0,0.054306327875017546,0.24458508109035534,2.862718430711799e-05,False,False
3195,2014-06-24,925000.0,0.022062744103942773,0.6351255332505601,7.583792388410808e-05,False,False
3208,2014-06-24,600000.0,0.029367684917504633,0.5905214323248571,8.792351639013834e-05,False,False
3267,2014-06-24,295000.0,0.03642391262308417,-0.8013966074151303,0.00020230859538792852,False,False
3261,2014-06-24,839000.0,0.03031750015802536,0.4561468391872152,5.421156243172261e-05,False,False
3202,2014-06-24,349950.0,0.01672845236910747,0.21557967520730364,6.588956983251006e-06,False,False
3239,2014-06-24,600000.0,0.053756481152388735,-2.0651338287270384,0.002019031386786438,False,True
3257,2014-06-24,360000.0,0.023928913397688656,0.33434859894133606,2.2838064702210777e-05,False,False
3210,2014-06-24,1295648.0,0.13541651666925691,0.7071418726406348,0.0006526743811395576,True,False
3248,2014-06-24,355000.0,0.026791876542064996,0.694791897104343,0.00011074538867899728,False,False
3194,2014-06-24,725000.0,0.04819810707556588,-0.5447453376554828,0.000125224473893648,False,False
3172,2014-06-24,160000.0,0.027310347337552887,-0.6678928544148979,0.00010437230526931201,False,False
3253,2014-06-24,599000.0,0.021217459376021264,-0.2758390274774044,1.3744765835621703e-05,False,False
3197,2014-06-24,400000.0,0.01872167095776217,0.22133365771088268,7.788719730385605e-06,False,False
3272,2014-06-24,329445.0,0.022761976957187124,0.1794662899236278,6.251642665935094e-06,False,False
3170,2014-06-24,438000.0,0.01405514229288865,-0.2945750313306543,1.030844693224299e-05,False,False
3249,2014-06-24,675000.0,0.017934992642047676,0.3413292533691105,1.7730735108779185e-05,False,False
3250,2014-06-24,396500.0,0.025726397818936486,0.0790856296521865,1.376296333147868e-06,False,False
3240,2014-06-24,850000.0,0.01731942416312815,-0.5778312250851205,4.903902695811851e-05,False,False
3228,2014-06-24,425000.0,0.01680984261402496,-0.9107729142600658,0.00011818574360653283,False,False
3256,2014-06-24,218000.0,0.015903447578140217,0.1507193045476802,3.0592156218266755e-06,False,False
3198,2014-06-24,620000.0,0.016777699257057133,-0.2287912432102825,7.4435178696157865e-06,False,False
3214,2014-06-24,258000.0,0.028529843409935918,0.7466858675422492,0.00013644717276257515,False,False
3266,2014-06-24,631500.0,0.05240744388091795,0.1731743790380794,1.3821569743686405e-05,False,False
4332,2014-06-24,236000.0,0.016296601641063727,-1.1963676682183206,0.00019759728239668642,False,False
3244,2014-06-24,970000.0,0.026917261216613475,0.5539329005195255,7.073171289227905e-05,False,False
3255,2014-06-24,589950.0,0.017782079282016357,1.1316995282275881,0.00019322161699698092,False,False
3269,2014-06-24,415000.0,0.03384089784905277,-0.03562374021172045,3.704170863154107e-07,False,False
3247,2014-06-24,289000.0,0.02764129358798277,0.4639497261075915,5.099087398916808e-05,False,False
4532,2014-06-24,234975.0,0.0296257864852952,-2.811372332665331,0.002010879878105931,False,True
3174,2014-06-24,405000.0,0.018568084801145412,0.02335808851554624,8.602016828958336e-08,False,False
3241,2014-06-24,420000.0,0.016974673991668188,-1.347171332737944,0.0002611566893951877,False,False
3215,2014-06-24,455000.0,0.0322227645022832,0.7623817692832414,0.00016126909697071175,False,False
3184,2014-06-24,530000.0,0.0268586538003934,0.7720885144554971,0.00013710751332004592,False,False
3182,2014-06-24,300000.0,0.035734530015360866,-1.998771968031924,0.0012337771237479751,False,True
3178,2014-06-24,819000.0,0.0355107367246319,-0.6793070500176034,0.00014158370819829282,False,False
3205,2014-06-24,615000.0,0.02093005758146005,1.1775590225735706,0.00024702495453902544,False,False
4538,2014-06-24,171758.33,0.018813274313170897,-1.553451029578276,0.0003855907547333422,False,False
3233,2014-06-24,194000.0,0.016667281436549497,0.3602082553266445,1.8326956823436573e-05,False,False
3189,2014-06-24,314900.0,0.03431935949299608,-0.07185402426666058,1.5290672816578222e-06,False,False
3218,2014-06-24,319000.0,0.06486821392359027,0.38352187229337636,8.502725302696438e-05,False,False
3219,2014-06-24,510000.0,0.011046463705937704,0.3110298488755147,9.00472128178271e-06,False,False
3264,2014-06-24,425000.0,0.01888820956041945,0.639367252459291,6.558308300696022e-05,False,False
3262,2014-06-24,850000.0,0.01659042818182721,0.3979890564543654,2.226815207310379e-05,False,False
3232,2014-06-24,502000.0,0.017050157461851567,0.5539722306782714,4.4360024863096264e-05,False,False
3234,2014-06-24,305000.0,0.06463385053345277,0.23837501661951313,3.2720400234743634e-05,False,False
3251,2014-06-24,362500.0,0.017447671625485245,0.12356194545691342,2.259279797741593e-06,False,False
3212,2014-06-24,358000.0,0.021444594908126918,-0.5906913530652387,6.371950706126145e-05,False,False
3274,2014-06-24,395000.0,0.036735436648331316,0.6044404251395458,0.00011610886543275989,False,False
3192,2014-06-24,535000.0,0.01598586704661062,0.16541030423712122,3.7040661618811152e-06,False,False
3185,2014-06-24,379000.0,0.02806671274927782,0.06279641395126649,9.489504471631542e-07,False,False
3236,2014-06-24,575000.0,0.023945025331128245,0.20956292068182372,8.978187287658338e-06,False,False
3265,2014-06-24,210000.0,0.01776089283612592,-1.2652962749637306,0.00024124081417033717,False,False
3209,2014-06-24,455000.0,0.015354968242316858,-0.2841493434965233,1.0492556018957151e-05,False,False
3188,2014-06-24,380000.0,0.01732218732837007,-0.07209969276759684,7.636197680697948e-07,False,False
3199,2014-06-24,665000.0,0.025089804898989987,0.9157811219633308,0.00017986008713586683,False,False
3211,2014-06-24,485000.0,0.028908254516832155,-0.1883214379778841,8.797917486259068e-06,False,False
3187,2014-06-24,660000.0,0.038244889375427,-1.0166595420424516,0.0003425143272205997,False,False
3226,2014-06-24,336500.0,0.02497751622426364,0.4664398027209795,4.644560016409518e-05,False,False
4530,2014-06-24,542500.0,0.0682766010598391,-5.99254877454201,0.021929402541712995,True,True
3243,2014-06-24,317000.0,0.028529627788663553,0.14476312861280644,5.128628253218488e-06,False,False
3175,2014-06-24,880000.0,0.014757999669619631,0.2038620692053913,5.187715954601952e-06,False,False
3227,2014-06-24,230000.0,0.027435013904631433,-0.6387882723658155,9.592221016269967e-05,False,False
3246,2014-06-24,683500.0,0.03786635550087947,-0.36986364354379414,4.486628878972521e-05,False,False
3171,2014-06-24,687500.0,0.012857658071607186,0.23453670422264675,5.970661933144531e-06,False,False
3252,2014-06-24,395000.0,0.02526910729740131,0.20744379798971768,9.296614725156929e-06,False,False
3186,2014-06-24,615000.0,0.015210578844878864,1.1164464193080976,0.00016043417718486312,False,False
3260,2014-06-24,845000.0,0.015214148575811826,0.28070790837214066,1.0144576067866813e-05,False,False
3224,2014-06-24,139000.0,0.028398163353612504,-1.5879799860695336,0.0006142012966853253,False,False
3229,2014-06-24,300000.0,0.02457773093330609,0.2824835749306178,1.6755379718985802e-05,False,False
3204,2014-06-24,339000.0,0.024693383899884735,-0.7880850406813713,0.00013104014339895863,False,False
4319,2014-06-24,342500.0,0.01576118436292062,-0.22164555390823135,6.555791950606841e-06,False,False
3213,2014-06-24,339000.0,0.02121823559621902,0.5213669330848069,4.910538475772053e-05,False,False
3181,2014-06-24,762500.0,0.019485744540418064,-0.3532434997663186,2.0664752312921612e-05,False,False
3268,2014-06-24,575000.0,0.013486652236208374,-0.7735083779785084,6.81632032148395e-05,False,False
4533,2014-06-24,672500.0,0.01931302581412154,-0.7794331078099124,9.970027738425082e-05,False,False
3216,2014-06-24,437000.0,0.0120204186207295,-0.7429721473879984,5.5967440190192004e-05,False,False
3258,2014-06-24,350000.0,0.028020521213641625,0.7265628147734423,0.0001268189641631624,False,False
3191,2014-06-24,225000.0,0.03077835072359897,0.0352506931615412,3.288336964111828e-07,False,False
3397,2014-06-25,309620.0,0.03747835110650548,-0.5265663831987324,8.99694327515134e-05,False,False
3396,2014-06-25,425000.0,0.03600666617139664,-1.4313939232698305,0.0006377434015198192,False,False
3326,2014-06-25,315000.0,0.035253932736343224,0.49409003123114253,7.434050242636326e-05,False,False
3351,2014-06-25,270000.0,0.041619778684750613,-0.9081747070609819,0.00029848291893366953,False,False
4544,2014-06-25,360500.0,0.028536862609097685,0.879543321223893,0.00018937084752552235,False,False
4542,2014-06-25,216000.0,0.017024529060894134,-4.091417758442809,0.0024160105820536324,False,True
3305,2014-06-25,276000.0,0.04089431141751862,-0.4097772282758618,5.966378872150939e-05,False,False
3343,2014-06-25,283000.0,0.021953799785110306,1.1354093939348764,0.0002411426610830116,False,False
3299,2014-06-25,308000.0,0.03343930632211323,-0.14618187093412854,6.160754678671592e-06,False,False
3387,2014-06-25,519000.0,0.030631307719930445,-0.45862259039526654,5.538678911555692e-05,False,False
3394,2014-06-25,328423.0,0.04590298696464917,-0.8627064497627768,0.000298396176578387,False,False
3377,2014-06-25,255950.0,0.025344311345544712,-0.12681942875231708,3.4851350543338726e-06,False,False
3280,2014-06-25,390000.0,0.024607757701106237,0.5980419751830524,7.519255342565496e-05,False,False
3385,2014-06-25,585000.0,0.01652352899276388,0.22939251630934726,7.367431003868542e-06,False,False
3325,2014-06-25,152000.0,0.0213511149583656,-0.8515770308168109,0.00013184397401959198,False,False
3294,2014-06-25,739900.0,0.013526011254279824,0.01852516444044643,3.921272318329324e-08,False,False
3398,2014-06-25,260000.0,0.02042824616819991,-1.8074395048169627,0.0005677290584647533,False,False
3369,2014-06-25,1330000.0,0.0606112473166002,2.1083834684501457,0.002390153670170283,False,True
3371,2014-06-25,280000.0,0.041620535420073976,0.3854826776466731,5.3777257604129566e-05,False,False
3366,2014-06-25,280000.0,0.01658857941154568,0.6622175465481526,6.164446253094369e-05,False,False
3293,2014-06-25,409900.0,0.025092912300603842,-0.7554646082205277,0.00012241505776253254,False,False
3380,2014-06-25,595888.0,0.035682321740183515,0.005892066937061994,1.0705009926425743e-08,False,False
3337,2014-06-25,505000.0,0.020893458566490386,0.19859405616417888,7.013448789940347e-06,False,False
3376,2014-06-25,150000.0,0.06291841285924044,-0.7309140876660312,0.00029891779742696755,False,False
3322,2014-06-25,725000.0,0.013184933068781934,0.2831655720340404,8.927745694440525e-06,False,False
3374,2014-06-25,625000.0,0.049643299291126874,-0.9911940721353004,0.00042767133459686017,False,False
3287,2014-06-25,1229000.0,0.03681935352230642,0.6899302574941245,0.00015163433419837396,False,False
3363,2014-06-25,913888.0,0.016470502303510104,1.4244508805850602,0.00028316082205164184,False,False
3284,2014-06-25,995000.0,0.1003955965215271,-1.7629280352274914,0.002890353850700459,True,True
3306,2014-06-25,725000.0,0.01186021013012295,0.05033296817799031,2.53394878981978e-07,False,False
3354,2014-06-25,1140000.0,0.032443610929544675,1.3017399553281888,0.00047350015324521775,False,False
3353,2014-06-25,349000.0,0.026095797784592645,1.0552974609274959,0.0002486697049306897,False,False
3282,2014-06-25,1200000.0,0.05062249022009052,1.3054188875071606,0.0007572217917088048,False,False
3338,2014-06-25,1355000.0,0.062103375240821185,0.4550758040975497,0.00011427374896444607,False,False
3320,2014-06-25,450000.0,0.04327583874280805,0.2036926072493907,1.5639686389449066e-05,False,False
3390,2014-06-25,1280000.0,0.024853311758392838,-0.25697279482934254,1.4025145236096358e-05,False,False
3283,2014-06-25,276900.0,0.02057163714717858,0.2618663479224094,1.2002571888459206e-05,False,False
3382,2014-06-25,299900.0,0.029605471166600117,0.2587679736339236,1.7024071780660265e-05,False,False
3277,2014-06-25,400000.0,0.024313657294533386,-0.2479695603915345,1.2768961077477607e-05,False,False
3278,2014-06-25,365500.0,0.023280917775237553,-0.3419678295124555,2.3228420644064176e-05,False,False
3276,2014-06-25,890000.0,0.059280135460301114,-0.378338818414048,7.516738344503089e-05,False,False
4541,2014-06-25,375000.0,0.017062795636153316,-3.810294488028335,0.0021001980679812965,False,True
3312,2014-06-25,589950.0,0.03169553310981604,0.33707679743671937,3.099292730476433e-05,False,False
3386,2014-06-25,383000.0,0.02214992789320367,-0.15471558955786868,4.518423687050221e-06,False,False
3291,2014-06-25,270000.0,0.033976903793215496,-0.005010816967807025,7.359225713252199e-09,False,False
3368,2014-06-25,260000.0,0.17667545172524052,-0.3562480124689751,0.00022694927511926545,True,False
3319,2014-06-25,286000.0,0.03711885049471022,1.2161395406273727,0.0004751244784582697,False,False
3321,2014-06-25,870000.0,0.029606006258892342,0.8437840395839692,0.0001810143867907973,False,False
3334,2014-06-25,200000.0,0.040646991214644004,0.5410267466083987,0.00010334897819019558,False,False
3316,2014-06-25,565000.0,0.019461205899620443,0.5702887144246156,5.3791452976854594e-05,False,False
3378,2014-06-25,246500.0,0.016876791614175636,-0.524997634231099,3.94289658216802e-05,False,False
3308,2014-06-25,205000.0,0.026497797575073367,0.3508564549234514,2.792225798933265e-05,False,False
3317,2014-06-25,500000.0,0.02732587981679349,0.21311706435476666,1.0633151396536176e-05,False,False
3358,2014-06-25,531500.0,0.01819823342002866,-0.3716384758616395,2.1333667232775935e-05,False,False
3311,2014-06-25,386000.0,0.03537490884811473,0.7232308292027205,0.00015984880364834544,False,False
3345,2014-06-25,530000.0,0.03628243049682289,0.16492036917049122,8.533239712905991e-06,False,False
3341,2014-06-25,770000.0,0.018448573949078326,-0.5263528134737523,4.33932715703705e-05,False,False
3355,2014-06-25,320000.0,0.015874261155429566,-0.032083615923326626,1.3836565448622608e-07,False,False
3347,2014-06-25,1005000.0,0.030961119506297194,-0.3553614413510494,3.362287241284245e-05,False,False
3315,2014-06-25,690500.0,0.03322662301725829,-0.7485607116693515,0.00016048495856557505,False,False
3307,2014-06-25,285000.0,0.01673669184391091,0.43154320453439077,2.641600299656793e-05,False,False
3346,2014-06-25,440000.0,0.03274953857162402,0.41306773605353814,4.814237843721998e-05,False,False
3389,2014-06-25,578000.0,0.016464429367497202,0.16711027390386834,3.895665579168679e-06,False,False
3342,2014-06-25,245700.0,0.06535043597661536,0.2985634479854138,5.1938775989325914e-05,False,False
3279,2014-06-25,245000.0,0.031628779677677965,0.3630027850119416,3.5865693280879756e-05,False,False
3330,2014-06-25,249000.0,0.031390892108972446,-0.2177800375262186,1.280884588777484e-05,False,False
3336,2014-06-25,305000.0,0.06535987539527449,0.04214392589219347,1.0350361709007907e-06,False,False
3281,2014-06-25,196500.0,0.026265764105312894,-0.06737772276950164,1.020471807289975e-06,False,False
3359,2014-06-25,1150000.0,0.021909704585703696,2.6464185934479727,0.001307354615171226,False,True
3392,2014-06-25,364000.0,0.024821191785686536,-0.9389266318661147,0.00018699088819253907,False,False
3372,2014-06-25,205000.0,0.0309851073349669,0.06820410929989516,1.2395452645703279e-06,False,False
3340,2014-06-25,299950.0,0.028597122023845234,-0.20124955977568634,9.935999814475106e-06,False,False
3383,2014-06-25,200000.0,0.019092314989524087,-0.4070385457106609,2.6873255649333905e-05,False,False
3292,2014-06-25,235000.0,0.01858927760772916,-0.35547533959152916,1.99457064972663e-05,False,False
3329,2014-06-25,233000.0,0.0263024816775293,-0.9600630431328452,0.0002074870146081728,False,False
3303,2014-06-25,750000.0,0.03423233176487597,0.3112656730011577,2.861837902839679e-05,False,False
3301,2014-06-25,762000.0,0.022018250304721834,-0.2585181717620021,1.2538712943202504e-05,False,False
3367,2014-06-25,557500.0,0.026508005918398914,0.1616618135725507,5.9303226371544375e-06,False,False
3399,2014-06-25,563500.0,0.010847545718965401,0.6937853085354324,4.398830305116993e-05,False,False
3400,2014-06-25,975000.0,0.016720833045456213,0.8402362575258616,0.00010004667576416976,False,False
3373,2014-06-25,957000.0,0.02856732591655331,-0.4817373952553724,5.687171918661071e-05,False,False
3375,2014-06-25,680000.0,0.036484464661348276,1.7308631074828913,0.0009453517951133792,False,False
3300,2014-06-25,905000.0,0.052436785163644195,-0.09111274616161527,3.828290557147533e-06,False,False
3393,2014-06-25,240000.0,0.04439554312722595,0.44320522343774016,7.604833343568094e-05,False,False
3352,2014-06-25,435000.0,0.029907724044240858,-0.750425704690592,0.0001446786592708395,False,False
3333,2014-06-25,860000.0,0.04604292295901863,-0.9756749271202263,0.0003828803650297798,False,False
3348,2014-06-25,599990.0,0.01710558696124201,0.5904446100646258,5.056013135393922e-05,False,False
3349,2014-06-25,544000.0,0.017046664968687286,0.1347476473247338,2.624023146026957e-06,False,False
3362,2014-06-25,744500.0,0.04827541908044192,-0.0804454321640735,2.7354973504400965e-06,False,False
4320,2014-06-25,299950.0,0.02646580720445397,0.3956113352867104,3.5456032955887186e-05,False,False
3391,2014-06-25,395000.0,0.02507056779999492,-0.17561871934806073,6.609237436145874e-06,False,False
3286,2014-06-25,505000.0,0.01769282671732017,-0.3868240075483286,2.245926308643923e-05,False,False
3302,2014-06-25,356000.0,0.03176318099652678,-0.2723761561994152,2.0281465046998626e-05,False,False
3384,2014-06-25,346500.0,0.022585926825852143,0.9248642045934053,0.0001647153316476679,False,False
3357,2014-06-25,594000.0,0.04903036629014201,0.1020401989409887,4.4736276677709486e-06,False,False
3285,2014-06-25,2300000.0,0.026380737734305826,1.505654546176898,0.0005118788816635409,False,False
3296,2014-06-25,381500.0,0.016569427947978083,-0.5050385654414388,3.5812253423191485e-05,False,False
3365,2014-06-25,346500.0,0.03771862856118641,0.14563248983547228,6.927700727586884e-06,False,False
3323,2014-06-25,275000.0,0.025058421001761005,-0.22195460514432724,1.0551693886837975e-05,False,False
3297,2014-06-25,562100.0,0.041753037543783234,0.38671781507732356,5.430223906386461e-05,False,False
3290,2014-06-25,800000.0,0.017846633740966122,1.4654509361325678,0.0003251908526027788,False,False
3318,2014-06-25,330000.0,0.04048486360711301,-0.17106643575428102,1.0289380266196664e-05,False,False
3324,2014-06-25,645000.0,0.041529365028165094,-0.1579197686955184,9.004678914858074e-06,False,False
3335,2014-06-25,402000.0,0.01688487266994504,-2.2141451232128038,0.0007016561411273158,False,False
3313,2014-06-25,575000.0,0.013687287128034131,0.32907899158046466,1.2523387434302837e-05,False,False
3356,2014-06-25,804100.0,0.04566362802326662,0.3901822036078554,6.0704740340057834e-05,False,False
3314,2014-06-25,574000.0,0.019666041156946985,0.5077970241166123,4.310641975470735e-05,False,False
3388,2014-06-25,410000.0,0.050092842367948254,0.18208952519004099,1.4570793249477954e-05,False,False
3339,2014-06-25,482000.0,0.02018027840661598,-0.2447495816142352,1.0281196198349246e-05,False,False
4540,2014-06-25,190368.75,0.027057825155888116,-0.35746904794903056,2.961430179333635e-05,False,False
3304,2014-06-25,418800.0,0.022250992533893177,0.035587235064840565,2.401758034344903e-07,False,False
3310,2014-06-25,657000.0,0.01399795589621089,0.23954273302240922,6.788464637471056e-06,False,False
3327,2014-06-25,190000.0,0.038936093101159114,-0.15663770046007885,8.283453826501129e-06,False,False
3288,2014-06-25,352000.0,0.02455899084238783,0.777255744900814,0.00012675238575408617,False,False
3370,2014-06-25,640000.0,0.01536402736479861,0.41385471258602685,2.227121638710052e-05,False,False
3364,2014-06-25,760000.0,0.016017266905365368,-0.5196551696759418,3.663111964438823e-05,False,False
3360,2014-06-25,374500.0,0.022536704315369638,0.242118255997383,1.1263251359736946e-05,False,False
3289,2014-06-25,597326.0,0.03441864103952753,-3.014599732206947,0.0026994973935832185,False,True
3381,2014-06-25,454000.0,0.02413585464476072,0.2753961070746107,1.563175241216622e-05,False,False
3332,2014-06-25,265950.0,0.027129912504790188,0.8393758059972316,0.0001637288421752422,False,False
3298,2014-06-25,740000.0,0.016267677468081193,0.6468902088894581,5.766715441281099e-05,False,False
3395,2014-06-25,594000.0,0.022357776425109832,0.46297783350269006,4.084960010788978e-05,False,False
3379,2014-06-25,450000.0,0.014118946423034767,-0.18876544514765226,4.252472529054104e-06,False,False
3344,2014-06-25,650000.0,0.01521923007937695,-0.07697835352550975,7.631486016520011e-07,False,False
3309,2014-06-25,583000.0,0.015625981377856396,0.7723985375820945,7.892031309661992e-05,False,False
3328,2014-06-25,700000.0,0.01700091737700711,0.28270423031140834,1.1518677327577762e-05,False,False
3331,2014-06-25,310000.0,0.022276310076776606,0.3311218359691226,2.0817161579160795e-05,False,False
3350,2014-06-25,1700000.0,0.04185778820380581,-1.311250762383656,0.0006259455607433188,False,False
3295,2014-06-25,608000.0,0.016979392163971152,-0.08995829584809774,1.1648250721384202e-06,False,False
3361,2014-06-25,450000.0,0.023835751720874876,-0.4717823437451527,4.5290600237196205e-05,False,False
